t,cond.S.mean,cond.S.sd,cond.S.se,cond.S.q025,cond.S.q25,cond.S.q50,cond.S.q75,cond.S.q975,cond.I.mean,cond.I.sd,cond.I.se,cond.I.q025,cond.I.q25,cond.I.q50,cond.I.q75,cond.I.q975,cond.Q.mean,cond.Q.sd,cond.Q.se,cond.Q.q025,cond.Q.q25,cond.Q.q50,cond.Q.q75,cond.Q.q975,cond.R.mean,cond.R.sd,cond.R.se,cond.R.q025,cond.R.q25,cond.R.q50,cond.R.q75,cond.R.q975,cond.infectious.mean,cond.infectious.sd,cond.infectious.se,cond.infectious.q025,cond.infectious.q25,cond.infectious.q50,cond.infectious.q75,cond.infectious.q975,cond.cumulative.mean,cond.cumulative.sd,cond.cumulative.se,cond.cumulative.q025,cond.cumulative.q25,cond.cumulative.q50,cond.cumulative.q75,cond.cumulative.q975
0.0,0.99,0.0,0.0,0.99,0.99,0.99,0.99,0.99,0.01,0.0,0.0,0.01,0.01,0.01,0.01,0.01,0.0,0.0,0.0,0.0,0.0,0.0,0.0,0.0,0.0,0.0,0.0,0.0,0.0,0.0,0.0,0.0,0.01,0.0,0.0,0.01,0.01,0.01,0.01,0.01,0.01,0.0,0.0,0.01,0.01,0.01,0.01,0.01
0.25,0.986632,0.00064,4.5e-5,0.9855,0.9862,0.9866,0.987,0.988,0.011396,0.00056,4.0e-5,0.0103,0.011,0.0114,0.0117,0.0125,0.00131,0.00036,2.5e-5,0.0007,0.0011,0.0013,0.0015,0.002,0.000661,0.00025,1.8e-5,0.0003,0.0005,0.0006,0.0008,0.0012,0.011396,0.00056,4.0e-5,0.0103,0.011,0.0114,0.0117,0.0125,0.012058,0.00052,3.7e-5,0.011,0.0117,0.0121,0.0124,0.013
0.5,0.983011,0.00102,7.2e-5,0.98129,0.9823,0.983,0.9837,0.9852,0.012895,0.00087,6.1e-5,0.0113,0.0123,0.0128,0.0135,0.0145,0.002654,0.0005,3.6e-5,0.0018,0.0023,0.0026,0.003,0.0036,0.001439,0.00036,2.5e-5,0.0008,0.0012,0.0014,0.0017,0.0022,0.012895,0.00087,6.1e-5,0.0113,0.0123,0.0128,0.0135,0.0145,0.014334,0.0008,5.6e-5,0.0128,0.0138,0.0143,0.0149,0.0159
0.75,0.979052,0.00139,9.9e-5,0.97629,0.9782,0.979,0.98,0.9821,0.014538,0.0011,7.8e-5,0.0124,0.0137,0.0145,0.0152,0.0168,0.00411,0.00061,4.3e-5,0.0031,0.0036,0.0041,0.0045,0.0054,0.0023,0.00045,3.2e-5,0.0014,0.002,0.0023,0.0026,0.0033,0.014538,0.0011,7.8e-5,0.0124,0.0137,0.0145,0.0152,0.0168,0.016838,0.00108,7.7e-5,0.0144,0.0161,0.0168,0.0176,0.019
1.0,0.974778,0.00187,0.000132,0.97109,0.9736,0.9748,0.9761,0.9788,0.016264,0.00141,0.0001,0.014,0.0151,0.01615,0.0173,0.0193,0.00572,0.00078,5.5e-5,0.0043,0.0052,0.0057,0.0062,0.0071,0.003239,0.0005,3.5e-5,0.0023,0.0029,0.0032,0.0036,0.0043,0.016264,0.00141,0.0001,0.014,0.0151,0.01615,0.0173,0.0193,0.019502,0.00138,9.8e-5,0.0169,0.0185,0.0195,0.0204,0.0222
1.25,0.97031,0.00232,0.000164,0.9656,0.96878,0.97055,0.9719,0.97451,0.017973,0.00172,0.000122,0.0149,0.0167,0.0179,0.0194,0.0211,0.007373,0.00092,6.5e-5,0.0056,0.0068,0.0073,0.0079,0.0092,0.004344,0.00059,4.1e-5,0.0033,0.0039,0.0044,0.0047,0.0055,0.017973,0.00172,0.000122,0.0149,0.0167,0.0179,0.0194,0.0211,0.022317,0.00171,0.000121,0.0192,0.0211,0.0222,0.02352,0.02561
1.5,0.965372,0.00285,0.000201,0.9594,0.96368,0.96575,0.9674,0.9705,0.019898,0.0021,0.000148,0.016,0.0184,0.01975,0.0214,0.0239,0.009214,0.00102,7.2e-5,0.0073,0.0086,0.0091,0.00982,0.0113,0.005517,0.00069,4.8e-5,0.0043,0.005,0.0055,0.0059,0.007,0.019898,0.0021,0.000148,0.016,0.0184,0.01975,0.0214,0.0239,0.025415,0.00212,0.00015,0.02169,0.0238,0.0254,0.0268,0.03
1.75,0.960199,0.00342,0.000242,0.95299,0.95808,0.96045,0.9625,0.9665,0.021808,0.0024,0.00017,0.0175,0.02,0.0218,0.0236,0.0266,0.011176,0.00123,8.7e-5,0.0088,0.0103,0.01115,0.012,0.0138,0.006817,0.00079,5.6e-5,0.0052,0.0063,0.0068,0.0073,0.0085,0.021808,0.0024,0.00017,0.0175,0.02,0.0218,0.0236,0.0266,0.028625,0.0025,0.000177,0.0243,0.0268,0.0284,0.03032,0.03361
2.0,0.954594,0.00409,0.000289,0.9467,0.9521,0.9547,0.9575,0.962,0.023854,0.00273,0.000193,0.0191,0.02198,0.0238,0.02582,0.0294,0.013316,0.00147,0.000104,0.01079,0.0123,0.0132,0.0143,0.01611,0.008236,0.00088,6.3e-5,0.0066,0.0076,0.0083,0.0088,0.0098,0.023854,0.00273,0.000193,0.0191,0.02198,0.0238,0.02582,0.0294,0.03209,0.00292,0.000206,0.0272,0.03,0.0318,0.03392,0.03822
2.25,0.948789,0.00477,0.000338,0.9392,0.94548,0.9491,0.9522,0.95732,0.025871,0.00303,0.000214,0.02039,0.0239,0.0256,0.02802,0.0318,0.015533,0.0017,0.00012,0.0126,0.0144,0.0155,0.01653,0.0187,0.009808,0.00101,7.1e-5,0.008,0.0091,0.0098,0.0105,0.0117,0.025871,0.00303,0.000214,0.02039,0.0239,0.0256,0.02802,0.0318,0.035678,0.00337,0.000239,0.0298,0.03348,0.0355,0.03792,0.04271
2.5,0.942562,0.00548,0.000388,0.9316,0.93897,0.9427,0.94652,0.95222,0.0281,0.00334,0.000236,0.0223,0.02568,0.02795,0.0304,0.0347,0.017866,0.00196,0.000138,0.0144,0.0165,0.01775,0.0193,0.0215,0.011472,0.00117,8.3e-5,0.0094,0.0107,0.0115,0.0123,0.014,0.0281,0.00334,0.000236,0.0223,0.02568,0.02795,0.0304,0.0347,0.039572,0.00384,0.000272,0.0327,0.037,0.0392,0.04202,0.04751
2.75,0.935873,0.00625,0.000442,0.923,0.9312,0.9361,0.94042,0.9472,0.030414,0.00368,0.00026,0.0244,0.0278,0.0301,0.0328,0.0378,0.020364,0.00221,0.000156,0.0165,0.0189,0.02025,0.0219,0.0245,0.013349,0.00131,9.3e-5,0.01089,0.0125,0.01335,0.0142,0.01601,0.030414,0.00368,0.00026,0.0244,0.0278,0.0301,0.0328,0.0378,0.043763,0.00439,0.00031,0.0361,0.0407,0.0436,0.0465,0.0527
3.0,0.928792,0.00702,0.000496,0.91488,0.9237,0.92905,0.9337,0.9424,0.032904,0.00391,0.000276,0.02639,0.0302,0.0326,0.03552,0.04081,0.022983,0.00252,0.000179,0.0186,0.0212,0.023,0.0247,0.0278,0.01532,0.0015,0.000106,0.0126,0.0142,0.0153,0.0163,0.0184,0.032904,0.00391,0.000276,0.02639,0.0302,0.0326,0.03552,0.04081,0.048225,0.00487,0.000345,0.0392,0.0449,0.0478,0.05132,0.0581
3.25,0.92144,0.00794,0.000561,0.90499,0.916,0.9219,0.9268,0.93581,0.035428,0.00426,0.000301,0.02836,0.03238,0.03495,0.03832,0.0442,0.025725,0.00286,0.000202,0.0205,0.0237,0.0257,0.02742,0.03121,0.017408,0.00173,0.000122,0.01419,0.01635,0.0174,0.0184,0.0214,0.035428,0.00426,0.000301,0.02836,0.03238,0.03495,0.03832,0.0442,0.052835,0.00543,0.000384,0.043,0.0492,0.0525,0.05632,0.06352
3.5,0.913657,0.00896,0.000634,0.89508,0.90825,0.9146,0.9198,0.92973,0.037966,0.00468,0.000331,0.02997,0.035,0.0376,0.04122,0.04751,0.028692,0.00324,0.000229,0.02249,0.02658,0.0286,0.0306,0.0352,0.019685,0.00199,0.000141,0.01589,0.0184,0.0196,0.021,0.02391,0.037966,0.00468,0.000331,0.02997,0.035,0.0376,0.04122,0.04751,0.057651,0.00608,0.00043,0.0465,0.0537,0.0571,0.0618,0.0704
3.75,0.905397,0.00995,0.000703,0.88576,0.89892,0.9062,0.91212,0.92364,0.040695,0.00513,0.000363,0.0312,0.0376,0.0403,0.044,0.05103,0.03181,0.00355,0.000251,0.02529,0.0292,0.03155,0.03415,0.03881,0.022098,0.00223,0.000158,0.0178,0.02048,0.0219,0.02362,0.02681,0.040695,0.00513,0.000363,0.0312,0.0376,0.0403,0.044,0.05103,0.062793,0.00676,0.000478,0.0501,0.05852,0.0622,0.06735,0.0772
4.0,0.896696,0.01107,0.000783,0.87427,0.88995,0.89795,0.90392,0.91772,0.043506,0.00567,0.000401,0.03327,0.0401,0.0432,0.04722,0.0549,0.035075,0.0039,0.000276,0.0273,0.03243,0.03465,0.03772,0.04223,0.024723,0.00249,0.000176,0.02019,0.0228,0.0246,0.0263,0.03,0.043506,0.00567,0.000401,0.03327,0.0401,0.0432,0.04722,0.0549,0.06823,0.00754,0.000533,0.05389,0.06328,0.06755,0.07335,0.08412
4.25,0.887668,0.01225,0.000866,0.86438,0.87947,0.88845,0.8955,0.91064,0.046288,0.00608,0.00043,0.03556,0.0427,0.04605,0.05003,0.0581,0.03847,0.0043,0.000304,0.0303,0.0357,0.03825,0.0416,0.04673,0.027575,0.00286,0.000202,0.0221,0.0255,0.02735,0.02942,0.0336,0.046288,0.00608,0.00043,0.03556,0.0427,0.04605,0.05003,0.0581,0.073863,0.00831,0.000588,0.05829,0.06858,0.0732,0.07965,0.09072
4.5,0.878097,0.01345,0.000951,0.85238,0.86935,0.8789,0.8868,0.90401,0.049315,0.00652,0.000461,0.03709,0.04525,0.04895,0.05332,0.06231,0.04208,0.00472,0.000334,0.03358,0.0391,0.0418,0.04532,0.0515,0.030508,0.00317,0.000224,0.0247,0.0282,0.0303,0.0325,0.0376,0.049315,0.00652,0.000461,0.03709,0.04525,0.04895,0.05332,0.06231,0.079823,0.00909,0.000643,0.06357,0.07388,0.0793,0.08635,0.09811
4.75,0.868032,0.01456,0.00103,0.8394,0.85788,0.86885,0.8772,0.89423,0.052508,0.00686,0.000485,0.03998,0.0487,0.0518,0.05682,0.0671,0.045779,0.00509,0.00036,0.0361,0.0423,0.0453,0.04935,0.05601,0.033682,0.00357,0.000252,0.02778,0.03128,0.0334,0.0358,0.04141,0.052508,0.00686,0.000485,0.03998,0.0487,0.0518,0.05682,0.0671,0.086189,0.00981,0.000694,0.06788,0.07978,0.086,0.09308,0.10574
5.0,0.857393,0.01586,0.001121,0.82689,0.84628,0.8581,0.86728,0.88503,0.055791,0.00729,0.000515,0.04356,0.0515,0.05505,0.06052,0.07052,0.049753,0.00558,0.000394,0.0395,0.046,0.04945,0.05382,0.06091,0.037063,0.00391,0.000277,0.0303,0.03428,0.03685,0.03963,0.0451,0.055791,0.00729,0.000515,0.04356,0.0515,0.05505,0.06052,0.07052,0.092854,0.01063,0.000752,0.07408,0.08627,0.09225,0.0996,0.11412
5.25,0.846478,0.01706,0.001206,0.8132,0.83478,0.8474,0.85778,0.87586,0.058986,0.00765,0.000541,0.04478,0.05428,0.05815,0.06362,0.0743,0.053873,0.00601,0.000425,0.0433,0.05007,0.0536,0.05822,0.0668,0.040664,0.00434,0.000307,0.033,0.03768,0.04015,0.0435,0.04951,0.058986,0.00765,0.000541,0.04478,0.05428,0.05815,0.06362,0.0743,0.09965,0.01141,0.000807,0.07889,0.09228,0.09895,0.10682,0.12232
5.5,0.835284,0.01827,0.001292,0.7991,0.82235,0.83655,0.8474,0.86776,0.062201,0.00803,0.000568,0.0469,0.05698,0.0615,0.06695,0.07881,0.058068,0.00645,0.000456,0.04648,0.0537,0.05785,0.06242,0.072,0.044446,0.00478,0.000338,0.0361,0.04108,0.0439,0.0475,0.05401,0.062201,0.00803,0.000568,0.0469,0.05698,0.0615,0.06695,0.07881,0.106647,0.01221,0.000863,0.08544,0.09865,0.1054,0.11455,0.13033
5.75,0.823692,0.0195,0.001379,0.78545,0.8107,0.82485,0.83627,0.85758,0.06545,0.00836,0.000591,0.04968,0.06028,0.0648,0.07065,0.08371,0.062393,0.00689,0.000487,0.04969,0.05758,0.06245,0.067,0.07741,0.048464,0.00529,0.000374,0.03978,0.0445,0.04785,0.05173,0.0598,0.06545,0.00836,0.000591,0.04968,0.06028,0.0648,0.07065,0.08371,0.113914,0.01299,0.000919,0.09055,0.10575,0.11265,0.1222,0.13943
6.0,0.811763,0.02061,0.001457,0.7708,0.79805,0.81305,0.82545,0.84745,0.068732,0.00869,0.000614,0.0533,0.06328,0.06855,0.07442,0.08753,0.066902,0.00727,0.000514,0.05419,0.0619,0.06675,0.07192,0.08252,0.052603,0.00569,0.000402,0.04299,0.04855,0.0524,0.05603,0.06451,0.068732,0.00869,0.000614,0.0533,0.06328,0.06855,0.07442,0.08753,0.121334,0.0137,0.000969,0.09766,0.1126,0.12015,0.1304,0.14825
6.25,0.799625,0.02162,0.001529,0.75617,0.78512,0.80145,0.8143,0.83765,0.071789,0.00888,0.000628,0.0558,0.0661,0.0716,0.07722,0.09102,0.071534,0.00761,0.000538,0.05837,0.06637,0.07115,0.0769,0.08741,0.057053,0.00617,0.000436,0.0462,0.05238,0.0566,0.06075,0.0701,0.071789,0.00888,0.000628,0.0558,0.0661,0.0716,0.07722,0.09102,0.128842,0.01437,0.001016,0.10366,0.11948,0.12775,0.13853,0.159
6.5,0.787127,0.02275,0.001609,0.74078,0.77145,0.78845,0.80232,0.82588,0.075034,0.00907,0.000641,0.0586,0.0689,0.0746,0.0807,0.095,0.076212,0.00805,0.000569,0.06238,0.07085,0.07585,0.0813,0.0927,0.061626,0.00668,0.000472,0.0496,0.05687,0.061,0.06573,0.07581,0.075034,0.00907,0.000641,0.0586,0.0689,0.0746,0.0807,0.095,0.136661,0.01508,0.001066,0.11014,0.1266,0.13565,0.14675,0.1677
6.75,0.774388,0.02377,0.001681,0.72508,0.75858,0.77595,0.79065,0.81538,0.078248,0.00935,0.000661,0.0622,0.0714,0.07835,0.0839,0.09773,0.080903,0.00832,0.000588,0.0663,0.075,0.08055,0.08665,0.09722,0.066461,0.00721,0.00051,0.05309,0.06142,0.066,0.07052,0.08121,0.078248,0.00935,0.000661,0.0622,0.0714,0.07835,0.0839,0.09773,0.14471,0.01583,0.001119,0.11655,0.13415,0.14395,0.15572,0.17682
7.0,0.761504,0.02461,0.00174,0.71127,0.74438,0.7625,0.7789,0.80411,0.081246,0.00942,0.000666,0.06488,0.07445,0.08115,0.0872,0.10076,0.085774,0.00861,0.000609,0.07124,0.07935,0.0855,0.0917,0.10341,0.071476,0.00771,0.000545,0.0577,0.06645,0.0708,0.0761,0.08761,0.081246,0.00942,0.000666,0.06488,0.07445,0.08115,0.0872,0.10076,0.152722,0.01638,0.001159,0.12328,0.14188,0.152,0.16455,0.1867
7.25,0.748539,0.02567,0.001815,0.69698,0.73128,0.7496,0.76625,0.79391,0.084207,0.0096,0.000679,0.0667,0.07772,0.0843,0.09032,0.10413,0.090627,0.00906,0.00064,0.07425,0.08378,0.0906,0.0967,0.1085,0.076627,0.00821,0.00058,0.06268,0.0712,0.07605,0.08202,0.09301,0.084207,0.0096,0.000679,0.0667,0.07772,0.0843,0.09032,0.10413,0.160835,0.01701,0.001203,0.12968,0.14958,0.1603,0.17295,0.1958
7.5,0.735341,0.02664,0.001884,0.682,0.71815,0.73635,0.7543,0.78292,0.087047,0.00987,0.000698,0.0685,0.08105,0.08685,0.09342,0.10743,0.095557,0.00938,0.000663,0.07868,0.0891,0.0954,0.10172,0.11403,0.082056,0.00862,0.000609,0.06787,0.07615,0.081,0.08748,0.09891,0.087047,0.00987,0.000698,0.0685,0.08105,0.08685,0.09342,0.10743,0.169102,0.01767,0.001249,0.13617,0.1585,0.1686,0.18152,0.20452
7.75,0.722273,0.02745,0.001941,0.66768,0.7048,0.72395,0.74095,0.77008,0.089676,0.00975,0.00069,0.071,0.08337,0.0897,0.09612,0.10921,0.100432,0.00966,0.000683,0.08278,0.0936,0.10065,0.1072,0.1205,0.08762,0.00926,0.000655,0.07119,0.08138,0.08695,0.09385,0.10583,0.089676,0.00975,0.00069,0.071,0.08337,0.0897,0.09612,0.10921,0.177296,0.01819,0.001286,0.14398,0.16538,0.1762,0.18978,0.21275
8.0,0.709133,0.02802,0.001981,0.65451,0.69108,0.71045,0.72835,0.7601,0.09216,0.0096,0.000679,0.07498,0.0857,0.09185,0.09835,0.11162,0.105337,0.00988,0.000699,0.08688,0.09825,0.1056,0.11192,0.125,0.09337,0.00979,0.000692,0.07619,0.0867,0.0929,0.10002,0.11282,0.09216,0.0096,0.000679,0.07498,0.0857,0.09185,0.09835,0.11162,0.18553,0.01854,0.001311,0.15126,0.17348,0.1847,0.19838,0.2217
8.25,0.695942,0.02873,0.002032,0.63945,0.67728,0.69715,0.71448,0.75021,0.09463,0.00956,0.000676,0.07728,0.08825,0.094,0.10135,0.1146,0.11025,0.01015,0.000718,0.09109,0.10285,0.11035,0.11652,0.1314,0.09918,0.01032,0.00073,0.08058,0.09247,0.09865,0.10628,0.12,0.09463,0.00956,0.000676,0.07728,0.08825,0.094,0.10135,0.1146,0.193809,0.01898,0.001342,0.15887,0.1814,0.19265,0.20692,0.23044
8.5,0.682819,0.02922,0.002066,0.6239,0.6635,0.6837,0.702,0.73944,0.09692,0.00934,0.00066,0.08029,0.09065,0.0963,0.103,0.11611,0.115165,0.01038,0.000734,0.09575,0.10808,0.1154,0.1216,0.13603,0.105096,0.0109,0.000771,0.08547,0.0978,0.1043,0.1131,0.12652,0.09692,0.00934,0.00066,0.08029,0.09065,0.0963,0.103,0.11611,0.202016,0.01928,0.001363,0.16706,0.18895,0.2009,0.21582,0.23904
8.75,0.669709,0.0296,0.002093,0.61046,0.64985,0.67125,0.68982,0.72608,0.098956,0.00916,0.000647,0.083,0.09247,0.09835,0.1053,0.11525,0.120101,0.0105,0.000742,0.10005,0.11277,0.1202,0.1269,0.14121,0.111234,0.01141,0.000807,0.0913,0.10375,0.11025,0.1194,0.13313,0.098956,0.00916,0.000647,0.083,0.09247,0.09835,0.1053,0.11525,0.21019,0.01956,0.001383,0.17475,0.19675,0.20895,0.22395,0.24821
9.0,0.656848,0.02998,0.00212,0.59794,0.6367,0.65925,0.6777,0.71389,0.100734,0.00903,0.000638,0.08458,0.0949,0.10045,0.1072,0.11852,0.124906,0.01063,0.000751,0.10416,0.11762,0.1251,0.1313,0.14582,0.117512,0.0119,0.000841,0.0963,0.10988,0.11575,0.12605,0.14072,0.100734,0.00903,0.000638,0.08458,0.0949,0.10045,0.1072,0.11852,0.218246,0.0198,0.0014,0.18196,0.20438,0.2169,0.23258,0.25712
9.25,0.644029,0.03021,0.002137,0.5867,0.62415,0.64605,0.66392,0.70376,0.102324,0.00887,0.000627,0.08519,0.09655,0.10205,0.109,0.11881,0.129727,0.01072,0.000758,0.10847,0.12242,0.1301,0.13662,0.15112,0.123921,0.01228,0.000868,0.10219,0.11605,0.12245,0.1326,0.14736,0.102324,0.00887,0.000627,0.08519,0.09655,0.10205,0.109,0.11881,0.226245,0.01997,0.001412,0.18829,0.2131,0.2249,0.24018,0.26482
9.5,0.631347,0.03044,0.002152,0.57387,0.61105,0.63235,0.6515,0.69264,0.103776,0.0087,0.000615,0.08647,0.09795,0.1038,0.11035,0.1192,0.13446,0.01074,0.000759,0.11328,0.12698,0.13475,0.14182,0.15511,0.130418,0.01279,0.000904,0.10738,0.12208,0.12885,0.13943,0.15475,0.103776,0.0087,0.000615,0.08647,0.09795,0.1038,0.11035,0.1192,0.234194,0.02016,0.001426,0.19618,0.22165,0.2326,0.24895,0.2739
9.75,0.619034,0.03047,0.002154,0.55932,0.5985,0.62035,0.63888,0.6812,0.104962,0.0084,0.000594,0.08818,0.09902,0.1048,0.11145,0.11962,0.139086,0.01077,0.000761,0.11749,0.13158,0.1398,0.1467,0.15941,0.136918,0.01318,0.000932,0.11307,0.1279,0.13495,0.1464,0.16262,0.104962,0.0084,0.000594,0.08818,0.09902,0.1048,0.11145,0.11962,0.24188,0.02017,0.001426,0.2049,0.22927,0.24085,0.25677,0.28126
10.0,0.606859,0.03034,0.002145,0.54538,0.58615,0.60845,0.626,0.66805,0.105997,0.0081,0.000573,0.08998,0.101,0.10615,0.11212,0.12,0.143696,0.01069,0.000756,0.12239,0.13625,0.1445,0.15095,0.16331,0.143448,0.01351,0.000955,0.11839,0.1346,0.14135,0.15307,0.16982,0.105997,0.0081,0.000573,0.08998,0.101,0.10615,0.11212,0.12,0.249446,0.02012,0.001423,0.2123,0.23688,0.24855,0.26408,0.28894
10.25,0.594929,0.03025,0.002139,0.53319,0.5734,0.59605,0.614,0.65569,0.10685,0.0079,0.000558,0.09038,0.10198,0.1077,0.11245,0.11932,0.148142,0.01067,0.000754,0.12668,0.14072,0.14875,0.15575,0.16731,0.150079,0.01389,0.000982,0.1243,0.141,0.14845,0.15963,0.17722,0.10685,0.0079,0.000558,0.09038,0.10198,0.1077,0.11245,0.11932,0.256929,0.02004,0.001417,0.21966,0.24528,0.2562,0.27185,0.29751
10.5,0.58345,0.03011,0.002129,0.522,0.56162,0.58455,0.60262,0.64294,0.107315,0.00758,0.000536,0.0915,0.10232,0.10745,0.11275,0.11931,0.15245,0.01069,0.000756,0.13079,0.14498,0.15305,0.15948,0.17171,0.156784,0.01428,0.00101,0.13009,0.14753,0.1556,0.1669,0.18424,0.107315,0.00758,0.000536,0.0915,0.10232,0.10745,0.11275,0.11931,0.2641,0.01989,0.001407,0.2284,0.2518,0.2632,0.27812,0.3035
10.75,0.572331,0.02992,0.002116,0.5128,0.55005,0.5737,0.5925,0.63131,0.107454,0.00744,0.000526,0.09238,0.10275,0.10745,0.1133,0.11921,0.15667,0.01062,0.000751,0.13508,0.1494,0.1572,0.16442,0.17495,0.163546,0.01457,0.00103,0.1365,0.15397,0.16255,0.17335,0.1923,0.107454,0.00744,0.000526,0.09238,0.10275,0.10745,0.1133,0.11921,0.270999,0.01979,0.0014,0.23477,0.25875,0.27035,0.28502,0.30902
11.0,0.5613,0.02974,0.002103,0.5029,0.53917,0.56255,0.5814,0.61912,0.107628,0.00725,0.000513,0.09269,0.10355,0.10775,0.1132,0.1192,0.16076,0.01058,0.000748,0.1391,0.15368,0.16115,0.16842,0.17891,0.170312,0.01485,0.00105,0.14306,0.16038,0.1695,0.18028,0.19922,0.107628,0.00725,0.000513,0.09269,0.10355,0.10775,0.1132,0.1192,0.27794,0.01967,0.001391,0.24182,0.26658,0.2779,0.29188,0.3156
11.25,0.550548,0.02936,0.002076,0.49358,0.52858,0.55125,0.56982,0.60819,0.107695,0.00693,0.00049,0.09468,0.1033,0.1076,0.11235,0.1189,0.164693,0.01041,0.000736,0.14376,0.15755,0.16515,0.17212,0.18161,0.177064,0.01511,0.001069,0.14953,0.16718,0.1762,0.18722,0.20582,0.107695,0.00693,0.00049,0.09468,0.1033,0.1076,0.11235,0.1189,0.28476,0.01947,0.001377,0.24728,0.2736,0.2837,0.29928,0.32144
11.5,0.540478,0.0291,0.002058,0.48446,0.5195,0.54065,0.55918,0.5971,0.10728,0.00675,0.000477,0.09398,0.10298,0.10745,0.11203,0.11892,0.168464,0.01034,0.000731,0.14756,0.16125,0.1691,0.1763,0.1848,0.183777,0.01528,0.00108,0.15555,0.17395,0.1826,0.1944,0.21314,0.10728,0.00675,0.000477,0.09398,0.10298,0.10745,0.11203,0.11892,0.291058,0.0193,0.001365,0.2531,0.2795,0.29045,0.30523,0.32753
11.75,0.530689,0.0287,0.00203,0.47509,0.50972,0.53025,0.5488,0.58719,0.10663,0.00661,0.000467,0.0929,0.1023,0.10645,0.11105,0.11802,0.172165,0.01016,0.000719,0.15178,0.165,0.1731,0.17965,0.1881,0.190516,0.01548,0.001094,0.16271,0.18098,0.18955,0.2007,0.22096,0.10663,0.00661,0.000467,0.0929,0.1023,0.10645,0.11105,0.11802,0.297146,0.0191,0.00135,0.25911,0.28565,0.29695,0.3109,0.33263
12.0,0.521167,0.02839,0.002008,0.46867,0.5007,0.52005,0.5392,0.57778,0.106013,0.00649,0.000459,0.09268,0.10158,0.1061,0.11062,0.11761,0.175678,0.01004,0.00071,0.15529,0.16865,0.17635,0.18292,0.1917,0.197143,0.01572,0.001112,0.16824,0.18722,0.19635,0.2081,0.22812,0.106013,0.00649,0.000459,0.09268,0.10158,0.1061,0.11062,0.11761,0.303155,0.01891,0.001337,0.26473,0.29168,0.3025,0.31662,0.33752
12.25,0.511946,0.02792,0.001974,0.46,0.4916,0.5106,0.52948,0.56854,0.105254,0.00631,0.000446,0.0935,0.10125,0.1052,0.1097,0.117,0.179138,0.00987,0.000698,0.15929,0.17218,0.17985,0.18665,0.1945,0.203662,0.01581,0.001118,0.17474,0.19412,0.20225,0.21385,0.23422,0.105254,0.00631,0.000446,0.0935,0.10125,0.1052,0.1097,0.117,0.308916,0.01862,0.001316,0.27007,0.2977,0.30875,0.32158,0.34302
12.5,0.503059,0.02761,0.001952,0.45346,0.48222,0.50195,0.52035,0.55954,0.104205,0.00615,0.000435,0.09259,0.1002,0.1038,0.10875,0.11572,0.182461,0.00975,0.00069,0.16229,0.17578,0.18305,0.18965,0.19833,0.210275,0.01597,0.001129,0.17979,0.2002,0.209,0.2201,0.24104,0.104205,0.00615,0.000435,0.09259,0.1002,0.1038,0.10875,0.11572,0.31448,0.01843,0.001303,0.27518,0.30318,0.3149,0.32708,0.34684
12.75,0.494566,0.02708,0.001915,0.44721,0.47425,0.4926,0.51178,0.55041,0.103098,0.00605,0.000428,0.0912,0.0991,0.1029,0.10753,0.1149,0.18565,0.00957,0.000677,0.16578,0.17928,0.18635,0.19292,0.20111,0.216686,0.01598,0.00113,0.18579,0.2063,0.21575,0.22628,0.24744,0.103098,0.00605,0.000428,0.0912,0.0991,0.1029,0.10753,0.1149,0.319784,0.01813,0.001282,0.28236,0.30848,0.32015,0.33308,0.35132
13.0,0.486441,0.02662,0.001882,0.44026,0.46568,0.4846,0.50185,0.54181,0.101737,0.00596,0.000421,0.09079,0.0977,0.1013,0.1066,0.11291,0.188678,0.0094,0.000665,0.168,0.18245,0.1894,0.19622,0.20381,0.223143,0.016,0.001131,0.19179,0.2133,0.2225,0.2323,0.25365,0.101737,0.00596,0.000421,0.09079,0.0977,0.1013,0.1066,0.11291,0.324881,0.01784,0.001261,0.28884,0.31378,0.32515,0.3383,0.35571
13.25,0.478694,0.02617,0.001851,0.43399,0.45755,0.4772,0.49432,0.53364,0.100218,0.00589,0.000417,0.08918,0.0964,0.0999,0.10475,0.1123,0.191619,0.00927,0.000655,0.17168,0.18535,0.1922,0.1988,0.20662,0.229469,0.01608,0.001137,0.19829,0.22,0.2286,0.23975,0.26006,0.100218,0.00589,0.000417,0.08918,0.0964,0.0999,0.10475,0.1123,0.329687,0.01757,0.001242,0.29286,0.31898,0.3298,0.34248,0.35912
13.5,0.471317,0.02574,0.00182,0.42729,0.4506,0.47015,0.48708,0.52436,0.098692,0.0059,0.000417,0.08789,0.0947,0.0984,0.10262,0.11,0.194399,0.00911,0.000644,0.17478,0.18825,0.1949,0.20095,0.20882,0.235592,0.01623,0.001148,0.20466,0.22598,0.23475,0.24608,0.26695,0.098692,0.0059,0.000417,0.08789,0.0947,0.0984,0.10262,0.11,0.334284,0.01728,0.001222,0.29936,0.32385,0.33445,0.3472,0.36292
13.75,0.464202,0.0253,0.001789,0.42118,0.444,0.46275,0.47978,0.51794,0.097007,0.00575,0.000407,0.08619,0.09308,0.0969,0.10122,0.10771,0.197043,0.00894,0.000632,0.1776,0.19108,0.1976,0.2037,0.2115,0.241747,0.01621,0.001146,0.21074,0.23265,0.2407,0.252,0.27296,0.097007,0.00575,0.000407,0.08619,0.09308,0.0969,0.10122,0.10771,0.338754,0.01704,0.001205,0.30445,0.32848,0.3389,0.35108,0.36711
14.0,0.457354,0.02478,0.001752,0.41646,0.43708,0.45635,0.4732,0.51003,0.095234,0.00572,0.000404,0.08488,0.09145,0.09505,0.09925,0.1067,0.199607,0.00869,0.000614,0.18138,0.194,0.1999,0.20605,0.21371,0.247806,0.01624,0.001148,0.21596,0.23873,0.2471,0.25842,0.27995,0.095234,0.00572,0.000404,0.08488,0.09145,0.09505,0.09925,0.1067,0.34304,0.0168,0.001188,0.30857,0.33308,0.34355,0.35515,0.3708
14.25,0.450866,0.02433,0.00172,0.40969,0.4312,0.44905,0.46565,0.50324,0.093436,0.00581,0.000411,0.08258,0.08947,0.0931,0.09743,0.1036,0.202036,0.00853,0.000603,0.1836,0.19665,0.2024,0.20835,0.2161,0.253661,0.01618,0.001144,0.2212,0.24422,0.25315,0.26422,0.28721,0.093436,0.00581,0.000411,0.08258,0.08947,0.0931,0.09743,0.1036,0.347097,0.01656,0.001171,0.31325,0.33708,0.3482,0.35895,0.37451
14.5,0.444796,0.02388,0.001688,0.40577,0.4255,0.44295,0.45955,0.49624,0.091558,0.00575,0.000406,0.08078,0.08778,0.09155,0.0956,0.10114,0.204305,0.00841,0.000595,0.1864,0.19905,0.2046,0.21052,0.21791,0.25934,0.0162,0.001145,0.22738,0.24955,0.259,0.26995,0.293,0.091558,0.00575,0.000406,0.08078,0.08778,0.09155,0.0956,0.10114,0.350898,0.01627,0.00115,0.31689,0.34048,0.3521,0.36278,0.37742
14.75,0.438961,0.02346,0.001659,0.40049,0.41982,0.43815,0.4531,0.49022,0.089605,0.00574,0.000406,0.0784,0.08528,0.0901,0.0937,0.0998,0.20648,0.0082,0.00058,0.18948,0.20115,0.20645,0.21252,0.21951,0.264955,0.01619,0.001145,0.23306,0.25515,0.264,0.27597,0.29781,0.089605,0.00574,0.000406,0.0784,0.08528,0.0901,0.0937,0.0998,0.35456,0.0161,0.001138,0.32109,0.34408,0.35575,0.36585,0.38062
15.0,0.433437,0.02299,0.001626,0.39687,0.414,0.4324,0.4476,0.484,0.087484,0.00569,0.000403,0.0762,0.08328,0.0878,0.09162,0.09821,0.20853,0.00803,0.000568,0.1913,0.20322,0.20855,0.2143,0.2215,0.270549,0.01612,0.00114,0.23837,0.26045,0.2694,0.28185,0.3032,0.087484,0.00569,0.000403,0.0762,0.08328,0.0878,0.09162,0.09821,0.358033,0.01582,0.001118,0.32558,0.34822,0.35895,0.3694,0.38344
15.25,0.42814,0.0225,0.001591,0.39216,0.40958,0.42785,0.44215,0.47772,0.085404,0.00563,0.000398,0.07509,0.08138,0.0859,0.0892,0.09681,0.210469,0.00787,0.000557,0.19486,0.205,0.21065,0.21582,0.2234,0.275987,0.01601,0.001132,0.24466,0.26615,0.27465,0.2874,0.3078,0.085404,0.00563,0.000398,0.07509,0.08138,0.0859,0.0892,0.09681,0.36139,0.01553,0.001098,0.33077,0.35152,0.36245,0.37262,0.38635
15.5,0.423088,0.02206,0.00156,0.387,0.40538,0.4221,0.4375,0.4725,0.083372,0.00557,0.000394,0.07296,0.0795,0.0836,0.08692,0.0938,0.212331,0.00771,0.000545,0.19657,0.2073,0.21275,0.2178,0.2253,0.28121,0.01602,0.001133,0.24889,0.27198,0.28,0.29313,0.31241,0.083372,0.00557,0.000394,0.07296,0.0795,0.0836,0.08692,0.0938,0.364581,0.01529,0.001081,0.33458,0.35502,0.36545,0.3758,0.39014
15.75,0.41829,0.02165,0.001531,0.38179,0.40082,0.4167,0.43178,0.4659,0.081162,0.00553,0.000391,0.07116,0.0772,0.0815,0.08502,0.09152,0.214183,0.00756,0.000534,0.1979,0.2093,0.21465,0.21982,0.2269,0.286365,0.01585,0.001121,0.25377,0.27688,0.2854,0.29798,0.3174,0.081162,0.00553,0.000391,0.07116,0.0772,0.0815,0.08502,0.09152,0.367527,0.01503,0.001063,0.33709,0.3584,0.3684,0.37842,0.3936
16.0,0.413779,0.02135,0.00151,0.3767,0.39635,0.4122,0.42782,0.45974,0.078988,0.00545,0.000386,0.06847,0.07555,0.07925,0.08283,0.0885,0.215844,0.00747,0.000528,0.20008,0.2107,0.21595,0.22112,0.2282,0.29139,0.01571,0.001111,0.25938,0.28118,0.2909,0.30252,0.3221,0.078988,0.00545,0.000386,0.06847,0.07555,0.07925,0.08283,0.0885,0.370378,0.0148,0.001047,0.34019,0.36098,0.37135,0.38088,0.39583
16.25,0.409459,0.02103,0.001487,0.37299,0.3927,0.40765,0.42318,0.45532,0.076933,0.00554,0.000392,0.066,0.07388,0.0768,0.08083,0.08721,0.217437,0.00734,0.000519,0.20198,0.21218,0.2179,0.2229,0.22951,0.296171,0.0156,0.001103,0.26493,0.2857,0.296,0.30715,0.3258,0.076933,0.00554,0.000392,0.066,0.07388,0.0768,0.08083,0.08721,0.373104,0.01464,0.001035,0.34368,0.3641,0.37405,0.38382,0.39892
16.5,0.405331,0.02068,0.001463,0.36988,0.3894,0.4039,0.419,0.44915,0.074794,0.00551,0.00039,0.0639,0.07155,0.0749,0.07835,0.0854,0.218996,0.00721,0.000509,0.20359,0.21403,0.2195,0.22442,0.231,0.30088,0.01548,0.001095,0.26982,0.291,0.30085,0.31155,0.32961,0.074794,0.00551,0.00039,0.0639,0.07155,0.0749,0.07835,0.0854,0.375674,0.01446,0.001022,0.34726,0.36678,0.3764,0.38605,0.40121
16.75,0.401524,0.02036,0.00144,0.36781,0.38635,0.39985,0.415,0.44309,0.072574,0.00543,0.000384,0.0621,0.06945,0.0726,0.076,0.0831,0.220434,0.00708,0.0005,0.20539,0.21585,0.2209,0.22585,0.2322,0.305469,0.01537,0.001087,0.27552,0.29602,0.30525,0.31618,0.33322,0.072574,0.00543,0.000384,0.0621,0.06945,0.0726,0.076,0.0831,0.378042,0.01428,0.00101,0.35114,0.36948,0.3792,0.3887,0.40252
17.0,0.397807,0.01996,0.001411,0.36538,0.3833,0.39615,0.4112,0.43847,0.070425,0.0054,0.000382,0.06,0.06728,0.0704,0.07362,0.0818,0.221834,0.00696,0.000492,0.20729,0.2174,0.2224,0.227,0.23361,0.309934,0.0152,0.001075,0.28034,0.30078,0.3096,0.3207,0.33691,0.070425,0.0054,0.000382,0.06,0.06728,0.0704,0.07362,0.0818,0.38036,0.01404,0.000993,0.35346,0.3714,0.3814,0.39122,0.40442
17.25,0.394297,0.01968,0.001391,0.36227,0.3803,0.3931,0.4075,0.43426,0.068236,0.00539,0.000381,0.05818,0.06478,0.0683,0.07162,0.07892,0.223176,0.00686,0.000485,0.2081,0.21898,0.22365,0.22792,0.23491,0.31429,0.01508,0.001066,0.28464,0.30475,0.31415,0.32477,0.34091,0.068236,0.00539,0.000381,0.05818,0.06478,0.0683,0.07162,0.07892,0.382527,0.01389,0.000982,0.35539,0.37362,0.3839,0.39335,0.40611
17.5,0.391044,0.01936,0.001369,0.3589,0.3775,0.38895,0.40472,0.43095,0.06605,0.00529,0.000374,0.05648,0.0628,0.06615,0.06932,0.07642,0.224417,0.00673,0.000476,0.2094,0.22018,0.22505,0.22935,0.236,0.318488,0.01496,0.001058,0.28826,0.30908,0.31865,0.32875,0.34451,0.06605,0.00529,0.000374,0.05648,0.0628,0.06615,0.06932,0.07642,0.384539,0.01371,0.00097,0.35759,0.3757,0.38565,0.39485,0.408
17.75,0.387938,0.01904,0.001347,0.3564,0.3753,0.38625,0.4006,0.4279,0.063919,0.00528,0.000374,0.0536,0.06067,0.06385,0.0673,0.0741,0.225582,0.00659,0.000466,0.21129,0.22142,0.22625,0.2305,0.23691,0.32256,0.01484,0.001049,0.29218,0.31328,0.32275,0.33205,0.34821,0.063919,0.00528,0.000374,0.0536,0.06067,0.06385,0.0673,0.0741,0.38648,0.01354,0.000957,0.3598,0.3778,0.38795,0.39623,0.4099
18.0,0.38502,0.01872,0.001324,0.35323,0.3721,0.383,0.39732,0.42351,0.061853,0.00525,0.000371,0.0518,0.0587,0.06205,0.06535,0.07271,0.226672,0.00649,0.000459,0.2129,0.22252,0.2274,0.2315,0.2382,0.326454,0.0147,0.001039,0.29678,0.3172,0.327,0.33625,0.3522,0.061853,0.00525,0.000371,0.0518,0.0587,0.06205,0.06535,0.07271,0.388308,0.01333,0.000942,0.36218,0.3798,0.38915,0.39815,0.4112
18.25,0.382266,0.0184,0.001301,0.35045,0.36972,0.38,0.39472,0.42031,0.059784,0.00523,0.00037,0.04959,0.0566,0.05995,0.063,0.0707,0.227696,0.00641,0.000453,0.2141,0.22363,0.22835,0.2323,0.2393,0.330255,0.01462,0.001034,0.30107,0.3208,0.33105,0.34032,0.355,0.059784,0.00523,0.00037,0.04959,0.0566,0.05995,0.063,0.0707,0.390039,0.0131,0.000926,0.36429,0.38158,0.39085,0.39942,0.41231
18.5,0.379691,0.01816,0.001284,0.34796,0.36718,0.3778,0.39218,0.41644,0.05772,0.0052,0.000368,0.04778,0.0545,0.0577,0.0608,0.06891,0.228643,0.00636,0.000449,0.2154,0.22458,0.2292,0.23322,0.24,0.333946,0.01448,0.001024,0.30507,0.32475,0.33495,0.34363,0.35871,0.05772,0.0052,0.000368,0.04778,0.0545,0.0577,0.0608,0.06891,0.391666,0.01294,0.000915,0.3662,0.38328,0.39265,0.40092,0.4138
18.75,0.377193,0.01786,0.001263,0.34498,0.3644,0.37535,0.3894,0.41288,0.055736,0.00514,0.000364,0.04548,0.05268,0.0554,0.05882,0.0667,0.22958,0.00626,0.000443,0.21649,0.22555,0.2301,0.23432,0.241,0.33749,0.01433,0.001014,0.30907,0.32845,0.3389,0.34672,0.36201,0.055736,0.00514,0.000364,0.04548,0.05268,0.0554,0.05882,0.0667,0.393226,0.01276,0.000902,0.36769,0.38482,0.3945,0.40262,0.4151
19.0,0.374807,0.01758,0.001243,0.34207,0.36215,0.37295,0.38702,0.40986,0.05379,0.00507,0.000359,0.04349,0.051,0.0535,0.057,0.0643,0.230471,0.00613,0.000434,0.2175,0.22628,0.2308,0.23512,0.2418,0.340932,0.01416,0.001001,0.312,0.33158,0.34215,0.35042,0.36481,0.05379,0.00507,0.000359,0.04349,0.051,0.0535,0.057,0.0643,0.394723,0.01265,0.000895,0.36968,0.38638,0.3957,0.40392,0.41642
19.25,0.372505,0.01733,0.001225,0.33987,0.36028,0.3705,0.38397,0.40755,0.051909,0.00506,0.000357,0.04149,0.0489,0.0516,0.05505,0.0619,0.231327,0.00602,0.000426,0.21899,0.22718,0.23165,0.2358,0.2427,0.344259,0.01402,0.000991,0.31657,0.33465,0.3455,0.35375,0.36821,0.051909,0.00506,0.000357,0.04149,0.0489,0.0516,0.05505,0.0619,0.396168,0.01254,0.000887,0.37078,0.38768,0.3974,0.40485,0.41784
19.5,0.370402,0.01707,0.001207,0.33748,0.35838,0.3684,0.38168,0.40485,0.050073,0.00489,0.000346,0.04038,0.0469,0.0495,0.0531,0.06091,0.232101,0.00591,0.000418,0.22048,0.22822,0.2324,0.23632,0.24331,0.347423,0.01388,0.000981,0.3193,0.33802,0.34885,0.35658,0.37202,0.050073,0.00489,0.000346,0.04038,0.0469,0.0495,0.0531,0.06091,0.397497,0.0124,0.000877,0.37238,0.3892,0.39895,0.40613,0.41874
19.75,0.368394,0.0169,0.001195,0.33548,0.3565,0.36635,0.37985,0.40275,0.048226,0.00477,0.000337,0.03858,0.04528,0.04785,0.05105,0.05772,0.232851,0.00589,0.000416,0.22098,0.2289,0.2331,0.237,0.24421,0.350529,0.01375,0.000972,0.32289,0.34118,0.3518,0.36012,0.37542,0.048226,0.00477,0.000337,0.03858,0.04528,0.04785,0.05105,0.05772,0.398755,0.01228,0.000868,0.37409,0.39052,0.40025,0.4074,0.42014
20.0,0.36653,0.01673,0.001183,0.33428,0.3549,0.36385,0.37815,0.40074,0.046405,0.00468,0.000331,0.0369,0.0437,0.0462,0.04932,0.0563,0.233567,0.00582,0.000411,0.22159,0.2298,0.23355,0.23772,0.24481,0.353498,0.01356,0.000959,0.32658,0.34425,0.35455,0.3631,0.37733,0.046405,0.00468,0.000331,0.0369,0.0437,0.0462,0.04932,0.0563,0.399903,0.01217,0.000861,0.37577,0.39175,0.40115,0.40835,0.42114
20.25,0.364766,0.01651,0.001168,0.33317,0.35288,0.36235,0.37578,0.39895,0.044658,0.00469,0.000332,0.03578,0.0417,0.044,0.04758,0.0546,0.234241,0.00575,0.000406,0.22238,0.23045,0.23455,0.2382,0.24502,0.356335,0.01347,0.000953,0.33028,0.3472,0.35745,0.3661,0.38043,0.044658,0.00469,0.000332,0.03578,0.0417,0.044,0.04758,0.0546,0.400994,0.01208,0.000854,0.37688,0.39268,0.4024,0.40915,0.42194
20.5,0.363055,0.01633,0.001155,0.3312,0.3511,0.3607,0.37375,0.39723,0.043006,0.00466,0.00033,0.03448,0.04008,0.04245,0.04612,0.0529,0.234885,0.00569,0.000402,0.22328,0.23115,0.2352,0.2389,0.24552,0.359053,0.01338,0.000946,0.3333,0.35022,0.3598,0.36858,0.3842,0.043006,0.00466,0.00033,0.03448,0.04008,0.04245,0.04612,0.0529,0.40206,0.01197,0.000846,0.3777,0.39348,0.4033,0.40982,0.42333
20.75,0.361467,0.0161,0.001139,0.33018,0.34968,0.35925,0.37197,0.39533,0.041247,0.00454,0.000321,0.03307,0.03838,0.0404,0.04455,0.0506,0.235498,0.00562,0.000398,0.22378,0.2319,0.2357,0.2395,0.24593,0.361788,0.01324,0.000936,0.33599,0.35268,0.36235,0.37125,0.38601,0.041247,0.00454,0.000321,0.03307,0.03838,0.0404,0.04455,0.0506,0.403035,0.01183,0.000836,0.37958,0.39445,0.40435,0.41052,0.42422
21.0,0.360009,0.01595,0.001128,0.32908,0.34818,0.35745,0.3704,0.39335,0.039612,0.00447,0.000316,0.03129,0.03658,0.03895,0.0425,0.04871,0.236027,0.00558,0.000394,0.22418,0.23238,0.2362,0.2399,0.24652,0.364352,0.01314,0.000929,0.33879,0.35545,0.3651,0.37355,0.38822,0.039612,0.00447,0.000316,0.03129,0.03658,0.03895,0.0425,0.04871,0.403964,0.01174,0.00083,0.381,0.39545,0.4052,0.4116,0.42503
21.25,0.358575,0.0158,0.001117,0.3273,0.3466,0.35625,0.36932,0.39086,0.038046,0.00443,0.000313,0.02998,0.0349,0.03725,0.04125,0.0475,0.236574,0.0055,0.000389,0.22499,0.23288,0.23685,0.2403,0.24662,0.366805,0.01308,0.000925,0.34199,0.3573,0.3675,0.3761,0.39032,0.038046,0.00443,0.000313,0.02998,0.0349,0.03725,0.04125,0.0475,0.404851,0.01167,0.000825,0.3821,0.39627,0.40585,0.4122,0.42622
21.5,0.357291,0.01565,0.001107,0.3261,0.34558,0.355,0.368,0.38914,0.036482,0.00432,0.000305,0.02868,0.0337,0.0358,0.0396,0.0459,0.237069,0.00545,0.000386,0.22559,0.23355,0.2373,0.2407,0.24732,0.369158,0.01296,0.000916,0.34429,0.35998,0.37035,0.37815,0.39211,0.036482,0.00432,0.000305,0.02868,0.0337,0.0358,0.0396,0.0459,0.40564,0.01158,0.000819,0.38299,0.3972,0.40685,0.41292,0.42691
21.75,0.35609,0.01549,0.001095,0.325,0.34428,0.3538,0.36705,0.38812,0.035026,0.00419,0.000297,0.02758,0.03228,0.0346,0.03772,0.0438,0.237506,0.00542,0.000383,0.2261,0.23395,0.23775,0.24102,0.24791,0.371376,0.01283,0.000907,0.34667,0.36205,0.37275,0.38048,0.39422,0.035026,0.00419,0.000297,0.02758,0.03228,0.0346,0.03772,0.0438,0.406403,0.01147,0.000811,0.3838,0.39817,0.4076,0.4139,0.42762
22.0,0.354921,0.01538,0.001088,0.32468,0.34345,0.3532,0.36568,0.38661,0.033595,0.00416,0.000294,0.0257,0.03075,0.033,0.03648,0.0425,0.237962,0.00539,0.000381,0.2265,0.23457,0.2381,0.24155,0.24811,0.373521,0.01271,0.000899,0.34828,0.36415,0.3745,0.38222,0.39632,0.033595,0.00416,0.000294,0.0257,0.03075,0.033,0.03648,0.0425,0.407116,0.01142,0.000807,0.38498,0.39875,0.4082,0.41433,0.42842
22.25,0.353843,0.01525,0.001079,0.32438,0.34272,0.3523,0.36462,0.3851,0.032186,0.00405,0.000286,0.0246,0.0292,0.0316,0.0348,0.0406,0.238387,0.00534,0.000378,0.22699,0.235,0.23855,0.24198,0.2485,0.375584,0.01261,0.000892,0.35048,0.36652,0.37635,0.38432,0.39861,0.032186,0.00405,0.000286,0.0246,0.0292,0.0316,0.0348,0.0406,0.40777,0.01135,0.000802,0.38598,0.39978,0.4088,0.4149,0.42922
22.5,0.352817,0.01513,0.00107,0.32396,0.34208,0.35135,0.3632,0.38284,0.030892,0.00398,0.000282,0.02399,0.0282,0.03045,0.03333,0.0394,0.238774,0.0053,0.000375,0.22749,0.2355,0.2389,0.24238,0.2488,0.377517,0.01248,0.000882,0.35326,0.3689,0.37845,0.386,0.4002,0.030892,0.00398,0.000282,0.02399,0.0282,0.03045,0.03333,0.0394,0.40841,0.01129,0.000798,0.38686,0.40048,0.40925,0.41532,0.42981
22.75,0.351852,0.01505,0.001064,0.32365,0.3412,0.3502,0.36225,0.38078,0.029546,0.00392,0.000277,0.02298,0.0267,0.0291,0.03222,0.0374,0.239153,0.00528,0.000373,0.22818,0.23588,0.23925,0.2428,0.2492,0.37945,0.01239,0.000876,0.3548,0.371,0.3807,0.38785,0.40201,0.029546,0.00392,0.000277,0.02298,0.0267,0.0291,0.03222,0.0374,0.408996,0.01124,0.000795,0.38736,0.40108,0.40975,0.41582,0.43022
23.0,0.35093,0.01493,0.001056,0.32315,0.3406,0.34925,0.36142,0.3792,0.028321,0.00385,0.000272,0.0216,0.02588,0.02775,0.0306,0.0363,0.239502,0.00524,0.00037,0.22857,0.2361,0.23955,0.24315,0.2494,0.381246,0.01233,0.000872,0.3565,0.37298,0.38225,0.3895,0.40362,0.028321,0.00385,0.000272,0.0216,0.02588,0.02775,0.0306,0.0363,0.409568,0.01117,0.00079,0.38777,0.40182,0.4103,0.4164,0.43053
23.25,0.350057,0.01484,0.001049,0.32265,0.33998,0.34855,0.36055,0.3773,0.027162,0.00378,0.000267,0.02079,0.0244,0.0268,0.0297,0.03471,0.23984,0.0052,0.000367,0.22887,0.23648,0.23985,0.24332,0.2496,0.382942,0.01222,0.000864,0.3588,0.37458,0.3839,0.39132,0.40454,0.027162,0.00378,0.000267,0.02079,0.0244,0.0268,0.0297,0.03471,0.410104,0.01112,0.000786,0.38838,0.4024,0.4107,0.41712,0.43074
23.5,0.349206,0.01474,0.001043,0.32235,0.33948,0.34775,0.3595,0.376,0.025991,0.00368,0.00026,0.02,0.0234,0.0256,0.02822,0.03401,0.240155,0.00516,0.000365,0.22936,0.23678,0.2402,0.2438,0.24962,0.384648,0.01208,0.000854,0.36109,0.37618,0.3854,0.3929,0.40595,0.025991,0.00368,0.00026,0.02,0.0234,0.0256,0.02822,0.03401,0.41064,0.01106,0.000782,0.38918,0.4029,0.41105,0.4176,0.43114
23.75,0.348458,0.01468,0.001038,0.32185,0.33888,0.347,0.35842,0.37576,0.024832,0.00355,0.000251,0.01918,0.02248,0.02445,0.02702,0.0327,0.240441,0.00513,0.000363,0.22986,0.2371,0.24065,0.24392,0.24972,0.386269,0.01203,0.000851,0.36316,0.37817,0.387,0.39445,0.40774,0.024832,0.00355,0.000251,0.01918,0.02248,0.02445,0.02702,0.0327,0.4111,0.01104,0.000781,0.38998,0.40338,0.41175,0.41813,0.43134
24.0,0.34775,0.01462,0.001034,0.32116,0.33818,0.34645,0.35773,0.37525,0.023792,0.00346,0.000245,0.01807,0.0214,0.0236,0.02585,0.03112,0.240693,0.0051,0.00036,0.23035,0.23738,0.2408,0.2443,0.24982,0.387765,0.01193,0.000844,0.36486,0.3795,0.38855,0.39582,0.40935,0.023792,0.00346,0.000245,0.01807,0.0214,0.0236,0.02585,0.03112,0.411556,0.01101,0.000778,0.39049,0.40395,0.41215,0.41833,0.43164
24.25,0.347051,0.01455,0.001029,0.32027,0.3372,0.3457,0.3571,0.37483,0.022789,0.00333,0.000235,0.01739,0.0205,0.0225,0.0245,0.03011,0.240958,0.00507,0.000358,0.23064,0.2376,0.2412,0.24453,0.24992,0.389201,0.01186,0.000839,0.36704,0.38098,0.39,0.3973,0.41046,0.022789,0.00333,0.000235,0.01739,0.0205,0.0225,0.0245,0.03011,0.411991,0.01097,0.000776,0.39098,0.40438,0.4123,0.41872,0.43205
24.5,0.346389,0.01448,0.001024,0.31977,0.33678,0.3453,0.35642,0.37422,0.021798,0.00326,0.000231,0.0161,0.01957,0.0216,0.02352,0.02863,0.241212,0.00505,0.000357,0.23095,0.23778,0.24155,0.24465,0.25002,0.390601,0.01181,0.000835,0.36864,0.38238,0.39145,0.39872,0.41224,0.021798,0.00326,0.000231,0.0161,0.01957,0.0216,0.02352,0.02863,0.412399,0.01093,0.000773,0.39118,0.4051,0.41305,0.41905,0.43245
24.75,0.345769,0.01444,0.001021,0.3186,0.33615,0.3445,0.35568,0.37382,0.020883,0.00317,0.000224,0.0157,0.01868,0.02065,0.02242,0.0283,0.24145,0.00503,0.000356,0.23134,0.23808,0.24175,0.24492,0.25021,0.391898,0.01173,0.00083,0.37013,0.38382,0.39295,0.4001,0.41364,0.020883,0.00317,0.000224,0.0157,0.01868,0.02065,0.02242,0.0283,0.41278,0.01091,0.000772,0.39168,0.40555,0.41335,0.4195,0.43247
25.0,0.345179,0.01437,0.001016,0.31848,0.33578,0.34395,0.3552,0.3733,0.019985,0.00308,0.000217,0.015,0.01795,0.0196,0.0218,0.0275,0.241681,0.00501,0.000355,0.23174,0.23838,0.242,0.2451,0.2506,0.393156,0.01166,0.000824,0.37104,0.38508,0.39425,0.40115,0.41522,0.019985,0.00308,0.000217,0.015,0.01795,0.0196,0.0218,0.0275,0.41314,0.01088,0.000769,0.39198,0.4061,0.41355,0.4196,0.43267
25.25,0.34467,0.01436,0.001015,0.31818,0.33518,0.3436,0.35462,0.373,0.019112,0.00298,0.000211,0.0143,0.0172,0.0188,0.0209,0.026,0.241859,0.00502,0.000355,0.23195,0.2385,0.2422,0.2454,0.2507,0.39436,0.01163,0.000822,0.37243,0.38645,0.3956,0.40202,0.41682,0.019112,0.00298,0.000211,0.0143,0.0172,0.0188,0.0209,0.026,0.413472,0.01086,0.000768,0.39218,0.40655,0.414,0.42012,0.43287
25.5,0.344178,0.0143,0.001011,0.3173,0.3347,0.3434,0.35425,0.37241,0.018231,0.00289,0.000204,0.0133,0.01638,0.0181,0.0199,0.0249,0.24205,0.00501,0.000354,0.23215,0.23868,0.2424,0.24562,0.25081,0.395542,0.01159,0.000819,0.37353,0.38758,0.39645,0.4029,0.41763,0.018231,0.00289,0.000204,0.0133,0.01638,0.0181,0.0199,0.0249,0.413772,0.01084,0.000766,0.39258,0.40675,0.4144,0.4204,0.43317
25.75,0.343716,0.01426,0.001008,0.317,0.33428,0.34295,0.3536,0.37202,0.017398,0.00279,0.000198,0.0124,0.0154,0.01715,0.0189,0.02352,0.242217,0.005,0.000353,0.23225,0.23868,0.24265,0.2458,0.2509,0.39667,0.01154,0.000816,0.37464,0.3884,0.3976,0.404,0.41853,0.017398,0.00279,0.000198,0.0124,0.0154,0.01715,0.0189,0.02352,0.414067,0.01081,0.000765,0.39278,0.40708,0.4149,0.42085,0.43337
26.0,0.343251,0.01422,0.001006,0.31669,0.3338,0.3423,0.35298,0.37153,0.016612,0.00268,0.000189,0.0118,0.01478,0.01665,0.0182,0.02241,0.242394,0.00497,0.000351,0.23254,0.23885,0.24285,0.2459,0.25091,0.397742,0.0115,0.000813,0.37556,0.3895,0.39875,0.40515,0.41924,0.016612,0.00268,0.000189,0.0118,0.01478,0.01665,0.0182,0.02241,0.414354,0.01081,0.000764,0.39318,0.40738,0.41525,0.42122,0.43356
26.25,0.342816,0.01416,0.001001,0.3165,0.33335,0.3418,0.3524,0.37142,0.015822,0.0026,0.000184,0.0113,0.01408,0.0157,0.01722,0.0217,0.242562,0.00494,0.000349,0.23265,0.239,0.243,0.2461,0.25092,0.3988,0.01143,0.000808,0.37666,0.39058,0.39965,0.40613,0.42034,0.015822,0.0026,0.000184,0.0113,0.01408,0.0157,0.01722,0.0217,0.414622,0.01077,0.000761,0.39347,0.4077,0.41545,0.42152,0.43376
26.5,0.34241,0.01411,0.000997,0.3163,0.3327,0.34135,0.35192,0.37093,0.015127,0.00254,0.00018,0.01058,0.0133,0.01495,0.0166,0.0207,0.242713,0.00493,0.000348,0.23295,0.23918,0.2431,0.24612,0.25092,0.399749,0.01138,0.000804,0.37787,0.39145,0.4004,0.40705,0.42143,0.015127,0.00254,0.00018,0.01058,0.0133,0.01495,0.0166,0.0207,0.414876,0.01073,0.000759,0.39348,0.40812,0.4157,0.42182,0.43386
26.75,0.342019,0.01408,0.000996,0.316,0.33255,0.34095,0.3515,0.37093,0.014453,0.00248,0.000175,0.00979,0.01267,0.0144,0.0159,0.0201,0.242859,0.00492,0.000348,0.23296,0.2392,0.2432,0.24622,0.25102,0.400669,0.01133,0.000801,0.37879,0.39238,0.40125,0.40762,0.42214,0.014453,0.00248,0.000175,0.00979,0.01267,0.0144,0.0159,0.0201,0.415122,0.0107,0.000757,0.39348,0.40842,0.41595,0.42202,0.43406
27.0,0.341676,0.01405,0.000993,0.3159,0.3324,0.3407,0.35098,0.37092,0.013788,0.00244,0.000172,0.00939,0.012,0.01385,0.01512,0.019,0.242972,0.00492,0.000348,0.23296,0.23935,0.2434,0.2464,0.25111,0.401564,0.01128,0.000798,0.37987,0.3936,0.4021,0.40852,0.42304,0.013788,0.00244,0.000172,0.00939,0.012,0.01385,0.01512,0.019,0.415352,0.01069,0.000756,0.39368,0.40862,0.41615,0.42222,0.43445
27.25,0.341338,0.01403,0.000992,0.31569,0.33178,0.3403,0.3505,0.37062,0.013137,0.00236,0.000167,0.0088,0.0114,0.0131,0.01442,0.01791,0.243101,0.00492,0.000348,0.23326,0.23958,0.24345,0.24653,0.25121,0.402424,0.01121,0.000793,0.38116,0.39478,0.403,0.40922,0.42374,0.013137,0.00236,0.000167,0.0088,0.0114,0.0131,0.01442,0.01791,0.415561,0.01068,0.000755,0.39378,0.4088,0.41655,0.42235,0.43455
27.5,0.341017,0.01399,0.000989,0.31569,0.3315,0.3399,0.35032,0.37042,0.012499,0.00228,0.000162,0.0083,0.0108,0.01245,0.0139,0.0173,0.24322,0.0049,0.000347,0.23326,0.23975,0.2435,0.24662,0.25132,0.403263,0.01113,0.000787,0.38168,0.39592,0.40415,0.41002,0.42484,0.012499,0.00228,0.000162,0.0083,0.0108,0.01245,0.0139,0.0173,0.415763,0.01065,0.000753,0.39437,0.40908,0.4167,0.42253,0.43464
27.75,0.340742,0.01397,0.000988,0.31549,0.33122,0.3396,0.35015,0.37032,0.011898,0.00222,0.000157,0.0077,0.0103,0.0118,0.0132,0.0165,0.24333,0.00489,0.000346,0.23375,0.2398,0.2437,0.24678,0.25132,0.40403,0.01109,0.000784,0.38239,0.39662,0.40475,0.41072,0.42545,0.011898,0.00222,0.000157,0.0077,0.0103,0.0118,0.0132,0.0165,0.415928,0.01064,0.000752,0.39466,0.4093,0.41675,0.42262,0.43484
28.0,0.340457,0.01394,0.000986,0.3151,0.33088,0.33925,0.34965,0.37022,0.011354,0.00217,0.000154,0.00729,0.0098,0.0113,0.01272,0.0157,0.243431,0.00488,0.000345,0.23395,0.2399,0.24385,0.24685,0.25132,0.404756,0.01106,0.000782,0.3831,0.39735,0.40565,0.41135,0.42634,0.011354,0.00217,0.000154,0.00729,0.0098,0.0113,0.01272,0.0157,0.416111,0.01062,0.000751,0.39476,0.4094,0.41685,0.42272,0.43513
28.25,0.340202,0.01391,0.000984,0.3149,0.33088,0.33895,0.34928,0.37022,0.010832,0.00208,0.000147,0.00719,0.0093,0.0107,0.0121,0.01511,0.243523,0.00487,0.000344,0.23395,0.24008,0.2439,0.24692,0.25132,0.405442,0.01102,0.000779,0.384,0.39805,0.40615,0.412,0.42704,0.010832,0.00208,0.000147,0.00719,0.0093,0.0107,0.0121,0.01511,0.416274,0.0106,0.00075,0.39496,0.4096,0.41685,0.42282,0.43524
28.5,0.339951,0.01389,0.000982,0.3148,0.33062,0.3388,0.349,0.37022,0.010333,0.00204,0.000144,0.00689,0.0088,0.0102,0.0117,0.01461,0.243613,0.00486,0.000344,0.23406,0.24018,0.24405,0.247,0.25152,0.406103,0.01098,0.000776,0.38469,0.39875,0.40685,0.4127,0.42745,0.010333,0.00204,0.000144,0.00689,0.0088,0.0102,0.0117,0.01461,0.416436,0.0106,0.00075,0.39506,0.40965,0.41705,0.4231,0.43543
28.75,0.33969,0.01386,0.00098,0.3145,0.3302,0.33855,0.34872,0.37002,0.009843,0.00197,0.00014,0.00649,0.0083,0.0098,0.01102,0.01431,0.243712,0.00485,0.000343,0.23406,0.2403,0.2442,0.2471,0.25152,0.406755,0.01096,0.000775,0.38509,0.39935,0.4074,0.4133,0.42814,0.009843,0.00197,0.00014,0.00649,0.0083,0.0098,0.01102,0.01431,0.416598,0.01059,0.000749,0.39525,0.4098,0.41715,0.4232,0.43553
29.0,0.339456,0.01384,0.000978,0.3142,0.33005,0.3385,0.3486,0.36982,0.009389,0.00192,0.000136,0.0061,0.0079,0.00935,0.01062,0.0138,0.243796,0.00484,0.000342,0.23426,0.2404,0.2443,0.24712,0.25163,0.40736,0.01093,0.000773,0.3857,0.39988,0.40805,0.414,0.42885,0.009389,0.00192,0.000136,0.0061,0.0079,0.00935,0.01062,0.0138,0.416749,0.01057,0.000747,0.39525,0.40988,0.41725,0.4233,0.43553
29.25,0.339258,0.01382,0.000977,0.3141,0.3297,0.3382,0.34858,0.36953,0.008924,0.00185,0.000131,0.0056,0.0075,0.0089,0.0101,0.01311,0.243873,0.00483,0.000342,0.23427,0.2405,0.2444,0.24712,0.25173,0.407945,0.01093,0.000773,0.3861,0.40048,0.4086,0.41482,0.42935,0.008924,0.00185,0.000131,0.0056,0.0075,0.0089,0.0101,0.01311,0.416869,0.01056,0.000746,0.39574,0.41005,0.4176,0.4235,0.43563
29.5,0.339068,0.0138,0.000976,0.3141,0.32948,0.33805,0.3483,0.36923,0.008488,0.00178,0.000126,0.00539,0.0071,0.0085,0.0096,0.0127,0.243943,0.00483,0.000341,0.23437,0.24065,0.2445,0.24722,0.25183,0.408501,0.01089,0.00077,0.3868,0.4009,0.4093,0.41522,0.42994,0.008488,0.00178,0.000126,0.00539,0.0071,0.0085,0.0096,0.0127,0.416989,0.01054,0.000746,0.39594,0.41025,0.4177,0.42372,0.43582
29.75,0.338893,0.01378,0.000974,0.31389,0.32928,0.33795,0.34805,0.36913,0.008065,0.00172,0.000122,0.0048,0.00678,0.008,0.0092,0.01151,0.244008,0.00482,0.000341,0.23438,0.24078,0.2446,0.24735,0.25192,0.409034,0.01084,0.000766,0.38729,0.40158,0.41005,0.41582,0.43025,0.008065,0.00172,0.000122,0.0048,0.00678,0.008,0.0092,0.01151,0.4171,0.01054,0.000745,0.39613,0.41028,0.41775,0.4238,0.43583
30.0,0.338725,0.01376,0.000973,0.31389,0.32918,0.33785,0.34783,0.36912,0.007677,0.00167,0.000118,0.0046,0.0064,0.0076,0.0088,0.0111,0.244075,0.00482,0.000341,0.23438,0.24088,0.24465,0.24735,0.25192,0.409524,0.01083,0.000766,0.3878,0.40208,0.4104,0.4162,0.43054,0.007677,0.00167,0.000118,0.0046,0.0064,0.0076,0.0088,0.0111,0.417201,0.01052,0.000744,0.39623,0.4103,0.4179,0.4239,0.43583
30.25,0.338546,0.01375,0.000972,0.31388,0.3288,0.33775,0.3476,0.36912,0.007283,0.00161,0.000114,0.0043,0.0061,0.0073,0.0082,0.0106,0.244148,0.00481,0.00034,0.23457,0.24105,0.24475,0.24738,0.25192,0.410023,0.01082,0.000765,0.38829,0.40258,0.41085,0.41658,0.43084,0.007283,0.00161,0.000114,0.0043,0.0061,0.0073,0.0082,0.0106,0.417306,0.01051,0.000743,0.39642,0.41058,0.41795,0.424,0.43583
30.5,0.3384,0.01372,0.00097,0.31378,0.32868,0.3377,0.34755,0.36892,0.006938,0.00155,0.00011,0.0043,0.0057,0.0069,0.0079,0.0102,0.244202,0.00481,0.00034,0.23468,0.24108,0.2448,0.24745,0.25202,0.41046,0.0108,0.000764,0.38858,0.40308,0.41115,0.41712,0.43095,0.006938,0.00155,0.00011,0.0043,0.0057,0.0069,0.0079,0.0102,0.417398,0.01049,0.000742,0.39642,0.4107,0.41805,0.42412,0.43583
30.75,0.338251,0.01371,0.000969,0.31377,0.32848,0.3374,0.34748,0.36872,0.006609,0.00153,0.000108,0.00409,0.0054,0.0065,0.0075,0.0098,0.24426,0.0048,0.00034,0.23468,0.24115,0.2448,0.24745,0.25212,0.41088,0.01076,0.000761,0.38908,0.4036,0.41135,0.41755,0.43134,0.006609,0.00153,0.000108,0.00409,0.0054,0.0065,0.0075,0.0098,0.417489,0.01049,0.000742,0.39662,0.41078,0.41805,0.4242,0.43603
31.0,0.338101,0.01369,0.000968,0.31367,0.3282,0.33725,0.34748,0.36862,0.006314,0.0015,0.000106,0.0038,0.00518,0.0063,0.00722,0.0094,0.244317,0.0048,0.000339,0.23478,0.24118,0.2449,0.24762,0.25222,0.411269,0.01073,0.000758,0.38947,0.404,0.41195,0.41792,0.43173,0.006314,0.0015,0.000106,0.0038,0.00518,0.0063,0.00722,0.0094,0.417582,0.01048,0.000741,0.39672,0.41078,0.4181,0.4243,0.43603
31.25,0.33796,0.01368,0.000967,0.31327,0.32818,0.3371,0.3474,0.3686,0.006002,0.00147,0.000104,0.0037,0.00498,0.0059,0.0069,0.0092,0.244374,0.00479,0.000339,0.23488,0.24128,0.24495,0.24762,0.25222,0.411664,0.01073,0.000759,0.38986,0.4049,0.4122,0.41835,0.43213,0.006002,0.00147,0.000104,0.0037,0.00498,0.0059,0.0069,0.0092,0.417667,0.01047,0.000741,0.39672,0.41088,0.4183,0.4244,0.43613
31.5,0.337849,0.01367,0.000967,0.31327,0.3281,0.337,0.3474,0.3685,0.005716,0.00143,0.000101,0.0034,0.0047,0.0056,0.0066,0.00871,0.244408,0.00478,0.000338,0.23489,0.24128,0.24495,0.2477,0.25222,0.412028,0.01072,0.000758,0.39026,0.4051,0.41235,0.41882,0.43243,0.005716,0.00143,0.000101,0.0034,0.0047,0.0056,0.0066,0.00871,0.417744,0.01047,0.00074,0.39682,0.41095,0.4184,0.4245,0.43623
31.75,0.337725,0.01366,0.000966,0.31327,0.32805,0.3369,0.34732,0.3684,0.005459,0.00137,9.7e-5,0.0034,0.0044,0.00535,0.0063,0.00841,0.244451,0.00478,0.000338,0.2349,0.2413,0.245,0.2477,0.25222,0.412366,0.0107,0.000757,0.39066,0.40565,0.41275,0.419,0.43243,0.005459,0.00137,9.7e-5,0.0034,0.0044,0.00535,0.0063,0.00841,0.417825,0.01047,0.00074,0.39683,0.41108,0.4185,0.42452,0.43623
32.0,0.33762,0.01365,0.000966,0.31308,0.32788,0.3367,0.34732,0.3684,0.005164,0.00136,9.6e-5,0.003,0.0042,0.0051,0.006,0.0084,0.24449,0.00477,0.000337,0.23509,0.2413,0.24505,0.2478,0.25222,0.412726,0.01067,0.000754,0.39096,0.40602,0.41305,0.4193,0.43263,0.005164,0.00136,9.6e-5,0.003,0.0042,0.0051,0.006,0.0084,0.41789,0.01047,0.00074,0.39683,0.41128,0.41855,0.42452,0.43623
32.25,0.337522,0.01365,0.000965,0.31308,0.32778,0.3366,0.34712,0.3683,0.004908,0.0013,9.2e-5,0.0028,0.004,0.0048,0.0058,0.00811,0.24453,0.00477,0.000337,0.23509,0.2414,0.24505,0.24782,0.25222,0.413039,0.01063,0.000752,0.39155,0.40635,0.4132,0.41962,0.43264,0.004908,0.0013,9.2e-5,0.0028,0.004,0.0048,0.0058,0.00811,0.417948,0.01047,0.00074,0.39683,0.4113,0.4187,0.4246,0.43623
32.5,0.337428,0.01365,0.000965,0.31308,0.3277,0.3365,0.34702,0.3683,0.004654,0.00125,8.8e-5,0.0024,0.0038,0.0045,0.00542,0.0079,0.244561,0.00477,0.000337,0.23509,0.2414,0.2451,0.24792,0.25222,0.413357,0.01063,0.000752,0.39165,0.4067,0.41355,0.41992,0.43304,0.004654,0.00125,8.8e-5,0.0024,0.0038,0.0045,0.00542,0.0079,0.418012,0.01046,0.00074,0.39683,0.41138,0.4189,0.4246,0.43623
32.75,0.337334,0.01364,0.000964,0.31297,0.3277,0.3365,0.34685,0.36821,0.004444,0.00119,8.4e-5,0.0023,0.0037,0.0043,0.0051,0.00721,0.2446,0.00477,0.000337,0.2351,0.24148,0.24515,0.248,0.25222,0.413622,0.01062,0.000751,0.39175,0.40678,0.4138,0.42025,0.43314,0.004444,0.00119,8.4e-5,0.0023,0.0037,0.0043,0.0051,0.00721,0.418066,0.01046,0.00074,0.39683,0.41152,0.419,0.42472,0.43633
33.0,0.337253,0.01364,0.000964,0.31288,0.3277,0.33645,0.34665,0.36821,0.004245,0.00119,8.4e-5,0.0022,0.0035,0.0041,0.0049,0.00691,0.244626,0.00477,0.000337,0.2351,0.24148,0.24515,0.2481,0.25222,0.413876,0.01061,0.00075,0.39234,0.40702,0.4141,0.42052,0.43333,0.004245,0.00119,8.4e-5,0.0022,0.0035,0.0041,0.0049,0.00691,0.418122,0.01046,0.00074,0.39692,0.41152,0.419,0.42475,0.43642
33.25,0.337158,0.01363,0.000964,0.31278,0.32768,0.3364,0.34655,0.3682,0.004054,0.00116,8.2e-5,0.0021,0.0033,0.00395,0.0047,0.00681,0.244658,0.00477,0.000337,0.2351,0.2415,0.24515,0.24812,0.25222,0.414129,0.01061,0.00075,0.39264,0.40738,0.4144,0.42062,0.43334,0.004054,0.00116,8.2e-5,0.0021,0.0033,0.00395,0.0047,0.00681,0.418184,0.01046,0.000739,0.39702,0.41152,0.4191,0.42482,0.43642
33.5,0.33708,0.01363,0.000964,0.31268,0.32758,0.3363,0.34635,0.3681,0.00385,0.00113,8.0e-5,0.0019,0.0031,0.0037,0.0044,0.0066,0.244691,0.00477,0.000338,0.2351,0.2415,0.24525,0.24812,0.25242,0.414378,0.01058,0.000748,0.39304,0.40768,0.4147,0.42085,0.43363,0.00385,0.00113,8.0e-5,0.0019,0.0031,0.0037,0.0044,0.0066,0.418228,0.01045,0.000739,0.39702,0.41152,0.4192,0.42485,0.43642
33.75,0.337012,0.01363,0.000964,0.31268,0.32748,0.33615,0.34622,0.3681,0.003666,0.00109,7.7e-5,0.0018,0.0029,0.0035,0.0043,0.0061,0.244718,0.00477,0.000338,0.2351,0.24158,0.2453,0.24812,0.25242,0.414603,0.01057,0.000748,0.39304,0.40795,0.4149,0.4211,0.43383,0.003666,0.00109,7.7e-5,0.0018,0.0029,0.0035,0.0043,0.0061,0.418269,0.01045,0.000739,0.39702,0.41152,0.4192,0.425,0.43642
34.0,0.336945,0.01363,0.000964,0.31268,0.32748,0.3361,0.34612,0.368,0.003501,0.00105,7.4e-5,0.0017,0.0028,0.00335,0.00402,0.0058,0.244746,0.00478,0.000338,0.2351,0.2416,0.2453,0.24812,0.25242,0.414808,0.01056,0.000747,0.39314,0.40815,0.41545,0.42142,0.43394,0.003501,0.00105,7.4e-5,0.0017,0.0028,0.00335,0.00402,0.0058,0.418309,0.01045,0.000739,0.39712,0.41155,0.41925,0.425,0.43642
34.25,0.336876,0.01362,0.000963,0.31268,0.3274,0.336,0.34593,0.36781,0.003322,0.00103,7.3e-5,0.0016,0.0027,0.0032,0.00382,0.0055,0.244772,0.00478,0.000338,0.2351,0.2416,0.2453,0.24812,0.25242,0.415029,0.01056,0.000747,0.39325,0.40847,0.4156,0.4219,0.43404,0.003322,0.00103,7.3e-5,0.0016,0.0027,0.0032,0.00382,0.0055,0.418352,0.01045,0.000739,0.39713,0.41158,0.4193,0.42502,0.43642
34.5,0.33682,0.0136,0.000962,0.31258,0.3274,0.3359,0.34585,0.36771,0.003147,0.00099,7.0e-5,0.00149,0.0025,0.003,0.0036,0.00521,0.244794,0.00478,0.000338,0.2352,0.2416,0.2453,0.24812,0.25242,0.415239,0.01055,0.000746,0.39355,0.4086,0.4158,0.42192,0.43414,0.003147,0.00099,7.0e-5,0.00149,0.0025,0.003,0.0036,0.00521,0.418386,0.01044,0.000738,0.39713,0.41158,0.4193,0.42502,0.43642
34.75,0.336762,0.01361,0.000963,0.31239,0.3273,0.3359,0.3457,0.3677,0.002986,0.00096,6.8e-5,0.0014,0.0024,0.0028,0.0035,0.0048,0.244814,0.00478,0.000338,0.2353,0.2416,0.2453,0.2482,0.25261,0.415438,0.01055,0.000746,0.39395,0.40875,0.41605,0.42215,0.43434,0.002986,0.00096,6.8e-5,0.0014,0.0024,0.0028,0.0035,0.0048,0.418424,0.01044,0.000738,0.39713,0.41158,0.4193,0.4251,0.43652
35.0,0.336709,0.01361,0.000962,0.31239,0.3273,0.3358,0.34552,0.36761,0.002841,0.00091,6.4e-5,0.0012,0.0023,0.0027,0.0034,0.0047,0.244836,0.00477,0.000338,0.2353,0.24168,0.2453,0.2483,0.25262,0.415613,0.01054,0.000745,0.39404,0.4088,0.41615,0.42233,0.43444,0.002841,0.00091,6.4e-5,0.0012,0.0023,0.0027,0.0034,0.0047,0.418455,0.01044,0.000739,0.39713,0.41158,0.4193,0.4251,0.43652
35.25,0.336669,0.0136,0.000962,0.31219,0.3273,0.3357,0.34545,0.36761,0.00269,0.00087,6.1e-5,0.0011,0.0021,0.0026,0.0032,0.00431,0.244853,0.00478,0.000338,0.2353,0.24168,0.2453,0.2483,0.25271,0.415788,0.01053,0.000744,0.39434,0.40905,0.4164,0.4225,0.43454,0.00269,0.00087,6.1e-5,0.0011,0.0021,0.0026,0.0032,0.00431,0.418478,0.01044,0.000738,0.39713,0.41158,0.4193,0.42512,0.43652
35.5,0.336624,0.0136,0.000962,0.31219,0.32718,0.3357,0.34532,0.36761,0.002554,0.00084,5.9e-5,0.0011,0.00208,0.0025,0.0031,0.0041,0.244869,0.00478,0.000338,0.2354,0.24175,0.2453,0.2483,0.25271,0.415953,0.01053,0.000745,0.39434,0.4091,0.4165,0.4227,0.43464,0.002554,0.00084,5.9e-5,0.0011,0.00208,0.0025,0.0031,0.0041,0.418507,0.01044,0.000738,0.39722,0.4116,0.41935,0.42512,0.43652
35.75,0.336582,0.0136,0.000962,0.31209,0.32718,0.33565,0.34532,0.36761,0.002408,0.00081,5.7e-5,0.0011,0.0019,0.0023,0.0029,0.0041,0.244889,0.00478,0.000338,0.2354,0.24175,0.2453,0.2483,0.25291,0.416121,0.01053,0.000745,0.39444,0.40935,0.4167,0.4229,0.43474,0.002408,0.00081,5.7e-5,0.0011,0.0019,0.0023,0.0029,0.0041,0.41853,0.01044,0.000738,0.39722,0.4116,0.41935,0.42512,0.43652
36.0,0.336542,0.01359,0.000961,0.312,0.3271,0.3356,0.34532,0.36751,0.002293,0.00079,5.6e-5,0.001,0.0018,0.0022,0.00272,0.00391,0.244906,0.00478,0.000338,0.2355,0.24175,0.2454,0.2483,0.25291,0.416258,0.01053,0.000744,0.39464,0.40955,0.41685,0.4231,0.43493,0.002293,0.00079,5.6e-5,0.001,0.0018,0.0022,0.00272,0.00391,0.418552,0.01044,0.000738,0.39722,0.4116,0.4194,0.42512,0.43652
36.25,0.336508,0.01359,0.000961,0.312,0.32708,0.3356,0.3453,0.36751,0.002179,0.00077,5.5e-5,0.0008,0.0017,0.0021,0.0026,0.00391,0.244916,0.00477,0.000338,0.2355,0.2419,0.2454,0.2483,0.25301,0.416397,0.01052,0.000744,0.39494,0.40962,0.41705,0.42322,0.43513,0.002179,0.00077,5.5e-5,0.0008,0.0017,0.0021,0.0026,0.00391,0.418575,0.01044,0.000738,0.39722,0.41168,0.4195,0.4252,0.43652
36.5,0.336469,0.01358,0.00096,0.312,0.32708,0.3356,0.3451,0.36741,0.002056,0.00074,5.2e-5,0.0008,0.0016,0.0019,0.0025,0.00381,0.244932,0.00477,0.000337,0.2355,0.2419,0.24545,0.24832,0.25311,0.416542,0.01051,0.000743,0.39523,0.40972,0.4173,0.42332,0.43513,0.002056,0.00074,5.2e-5,0.0008,0.0016,0.0019,0.0025,0.00381,0.418599,0.01043,0.000738,0.39722,0.41168,0.4195,0.42522,0.43652
36.75,0.336434,0.01357,0.00096,0.312,0.327,0.33545,0.34502,0.36732,0.001958,0.00072,5.1e-5,0.0008,0.0015,0.0018,0.00232,0.0037,0.244946,0.00477,0.000337,0.2355,0.2419,0.2455,0.24832,0.25311,0.416662,0.01051,0.000743,0.39533,0.40978,0.4175,0.42362,0.43514,0.001958,0.00072,5.1e-5,0.0008,0.0015,0.0018,0.00232,0.0037,0.418621,0.01043,0.000737,0.39722,0.4117,0.41955,0.42522,0.43652
37.0,0.336402,0.01356,0.000959,0.3119,0.327,0.33545,0.34502,0.36731,0.001863,0.0007,5.0e-5,0.0007,0.0014,0.0017,0.0022,0.0036,0.244961,0.00477,0.000337,0.2355,0.2419,0.2455,0.24832,0.2532,0.416774,0.0105,0.000743,0.39543,0.40988,0.4176,0.4238,0.43524,0.001863,0.0007,5.0e-5,0.0007,0.0014,0.0017,0.0022,0.0036,0.418637,0.01042,0.000737,0.39732,0.41178,0.41955,0.4253,0.43652
37.25,0.336368,0.01356,0.000959,0.31179,0.32698,0.33545,0.345,0.36731,0.001795,0.00068,4.8e-5,0.0007,0.0014,0.00165,0.0021,0.0034,0.244974,0.00477,0.000337,0.2355,0.2419,0.2455,0.24832,0.2532,0.416863,0.0105,0.000743,0.39544,0.40998,0.4177,0.42382,0.43524,0.001795,0.00068,4.8e-5,0.0007,0.0014,0.00165,0.0021,0.0034,0.418658,0.01042,0.000737,0.39732,0.41185,0.41955,0.4253,0.43662
37.5,0.336339,0.01356,0.000959,0.31179,0.32698,0.3354,0.34485,0.36731,0.001709,0.00067,4.7e-5,0.0006,0.0013,0.0016,0.002,0.0033,0.244988,0.00477,0.000337,0.2355,0.24198,0.24555,0.24832,0.2533,0.416964,0.0105,0.000742,0.39553,0.41,0.41785,0.4239,0.43524,0.001709,0.00067,4.7e-5,0.0006,0.0013,0.0016,0.002,0.0033,0.418674,0.01041,0.000736,0.39732,0.41185,0.4196,0.4253,0.43662
37.75,0.336308,0.01356,0.000958,0.31179,0.3269,0.3354,0.34485,0.36731,0.001624,0.00064,4.5e-5,0.0006,0.0012,0.0015,0.002,0.0031,0.244998,0.00477,0.000337,0.2355,0.24198,0.24555,0.24832,0.2533,0.417069,0.0105,0.000742,0.39573,0.41008,0.4179,0.42392,0.43524,0.001624,0.00064,4.5e-5,0.0006,0.0012,0.0015,0.002,0.0031,0.418694,0.01042,0.000736,0.39732,0.41188,0.4196,0.4253,0.43662
38.0,0.336284,0.01355,0.000958,0.31179,0.32688,0.3354,0.34468,0.36731,0.001546,0.00062,4.4e-5,0.0006,0.0011,0.0014,0.0019,0.003,0.245007,0.00477,0.000337,0.2356,0.24198,0.24555,0.2484,0.2533,0.417164,0.0105,0.000742,0.39573,0.41035,0.4179,0.42402,0.43524,0.001546,0.00062,4.4e-5,0.0006,0.0011,0.0014,0.0019,0.003,0.41871,0.01041,0.000736,0.39732,0.41198,0.4196,0.4253,0.43662
38.25,0.336262,0.01355,0.000958,0.31179,0.32688,0.33535,0.34468,0.36731,0.001462,0.00059,4.2e-5,0.0005,0.001,0.0014,0.0018,0.0029,0.245014,0.00477,0.000337,0.2357,0.24198,0.2456,0.2484,0.2533,0.417261,0.01049,0.000742,0.39583,0.41045,0.4181,0.42412,0.43534,0.001462,0.00059,4.2e-5,0.0005,0.001,0.0014,0.0018,0.0029,0.418724,0.01041,0.000736,0.39732,0.412,0.41965,0.4253,0.43662
38.5,0.336237,0.01354,0.000958,0.31179,0.32688,0.3353,0.34465,0.36731,0.001394,0.00059,4.2e-5,0.0005,0.001,0.0013,0.0017,0.0028,0.245023,0.00477,0.000337,0.2357,0.24198,0.2456,0.2484,0.2533,0.417347,0.01047,0.000741,0.39593,0.41048,0.4183,0.42423,0.43534,0.001394,0.00059,4.2e-5,0.0005,0.001,0.0013,0.0017,0.0028,0.418741,0.01041,0.000736,0.39732,0.41208,0.41965,0.4253,0.43662
38.75,0.336213,0.01354,0.000957,0.31179,0.32688,0.33525,0.3445,0.36731,0.001322,0.00057,4.0e-5,0.0005,0.0009,0.0012,0.0016,0.0026,0.245031,0.00476,0.000337,0.2357,0.24198,0.2456,0.2484,0.2533,0.417434,0.01047,0.00074,0.39594,0.41065,0.41845,0.4243,0.43534,0.001322,0.00057,4.0e-5,0.0005,0.0009,0.0012,0.0016,0.0026,0.418756,0.0104,0.000735,0.39732,0.41208,0.41965,0.4253,0.43662
39.0,0.336192,0.01353,0.000957,0.31179,0.32688,0.33525,0.34438,0.36731,0.001256,0.00057,4.0e-5,0.0004,0.0009,0.0011,0.00152,0.0025,0.245036,0.00476,0.000337,0.2357,0.242,0.2456,0.2484,0.2533,0.417516,0.01046,0.00074,0.39613,0.41068,0.41845,0.42432,0.43554,0.001256,0.00057,4.0e-5,0.0004,0.0009,0.0011,0.00152,0.0025,0.418772,0.0104,0.000735,0.39732,0.41208,0.41965,0.4253,0.43662
39.25,0.336174,0.01353,0.000957,0.31179,0.3268,0.3352,0.34435,0.36712,0.001198,0.00056,4.0e-5,0.0004,0.0008,0.0011,0.0015,0.0026,0.245043,0.00476,0.000337,0.2357,0.24208,0.2456,0.2484,0.2533,0.417584,0.01046,0.00074,0.39613,0.4107,0.41855,0.4244,0.43554,0.001198,0.00056,4.0e-5,0.0004,0.0008,0.0011,0.0015,0.0026,0.418783,0.0104,0.000735,0.39732,0.41215,0.41965,0.4253,0.43662
39.5,0.336155,0.01353,0.000957,0.31179,0.3268,0.3352,0.34435,0.36712,0.001137,0.00054,3.8e-5,0.0004,0.0008,0.001,0.0014,0.00231,0.245049,0.00476,0.000337,0.2357,0.24208,0.2456,0.2484,0.2533,0.417659,0.01045,0.000739,0.39623,0.4107,0.41865,0.42443,0.43554,0.001137,0.00054,3.8e-5,0.0004,0.0008,0.001,0.0014,0.00231,0.418797,0.0104,0.000735,0.39732,0.41215,0.41965,0.42532,0.43662
39.75,0.33614,0.01353,0.000956,0.31179,0.3268,0.3352,0.34435,0.36712,0.001086,0.00053,3.7e-5,0.0003,0.0007,0.001,0.0014,0.0024,0.245053,0.00476,0.000337,0.23579,0.24208,0.2456,0.2484,0.25331,0.417721,0.01046,0.000739,0.39633,0.41078,0.41865,0.4245,0.43564,0.001086,0.00053,3.7e-5,0.0003,0.0007,0.001,0.0014,0.0024,0.418807,0.01039,0.000735,0.39732,0.41215,0.41965,0.42535,0.43662
40.0,0.336125,0.01352,0.000956,0.31179,0.3268,0.3352,0.34435,0.36712,0.001026,0.00052,3.7e-5,0.0003,0.0007,0.0009,0.00132,0.0022,0.24506,0.00476,0.000337,0.23579,0.24208,0.2456,0.2484,0.25331,0.417788,0.01045,0.000739,0.39652,0.41088,0.41875,0.4245,0.43564,0.001026,0.00052,3.7e-5,0.0003,0.0007,0.0009,0.00132,0.0022,0.418815,0.01039,0.000735,0.39742,0.41215,0.41965,0.42535,0.43662
40.25,0.336108,0.01352,0.000956,0.31179,0.3268,0.3352,0.34425,0.36702,0.000971,0.00051,3.6e-5,0.0002,0.0006,0.0009,0.0012,0.0022,0.245066,0.00476,0.000337,0.23579,0.2421,0.2456,0.2484,0.25331,0.417854,0.01044,0.000739,0.39652,0.41098,0.4188,0.4246,0.43573,0.000971,0.00051,3.6e-5,0.0002,0.0006,0.0009,0.0012,0.0022,0.418825,0.01039,0.000735,0.39742,0.41215,0.41965,0.42538,0.43662
40.5,0.336083,0.01351,0.000956,0.31179,0.3268,0.3351,0.34418,0.36702,0.000922,0.0005,3.5e-5,0.0002,0.0006,0.0008,0.0012,0.0021,0.245075,0.00476,0.000336,0.23579,0.24212,0.2456,0.2484,0.25331,0.417919,0.01045,0.000739,0.39662,0.41105,0.4189,0.42472,0.43583,0.000922,0.0005,3.5e-5,0.0002,0.0006,0.0008,0.0012,0.0021,0.418842,0.01039,0.000735,0.39742,0.41222,0.41965,0.42538,0.43672
40.75,0.33607,0.01351,0.000956,0.31179,0.3268,0.3351,0.34408,0.36702,0.000874,0.00049,3.5e-5,0.0002,0.00058,0.00075,0.0011,0.00191,0.245081,0.00476,0.000336,0.23579,0.24212,0.2456,0.2484,0.25331,0.417975,0.01044,0.000738,0.39682,0.41105,0.41895,0.42482,0.43583,0.000874,0.00049,3.5e-5,0.0002,0.00058,0.00075,0.0011,0.00191,0.41885,0.01039,0.000734,0.39742,0.41225,0.41965,0.4254,0.43672
41.0,0.33605,0.01351,0.000956,0.31179,0.3268,0.3351,0.34408,0.36701,0.000834,0.00048,3.4e-5,0.0002,0.0005,0.0007,0.0011,0.002,0.245087,0.00476,0.000336,0.23579,0.24212,0.2456,0.2484,0.25331,0.41803,0.01044,0.000738,0.39682,0.41108,0.41895,0.4249,0.43602,0.000834,0.00048,3.4e-5,0.0002,0.0005,0.0007,0.0011,0.002,0.418863,0.01039,0.000735,0.39742,0.41233,0.41965,0.42548,0.43672
41.25,0.336036,0.01351,0.000955,0.31179,0.3268,0.33505,0.34408,0.36701,0.000794,0.00047,3.3e-5,0.0002,0.0005,0.0007,0.001,0.0018,0.245093,0.00475,0.000336,0.23579,0.24215,0.2456,0.2484,0.25331,0.418076,0.01044,0.000738,0.39692,0.4111,0.41895,0.42492,0.43612,0.000794,0.00047,3.3e-5,0.0002,0.0005,0.0007,0.001,0.0018,0.418871,0.01039,0.000735,0.39742,0.41233,0.41965,0.42548,0.43682
41.5,0.336026,0.01351,0.000955,0.31179,0.3268,0.33505,0.34408,0.36701,0.000757,0.00045,3.2e-5,0.0001,0.0005,0.0007,0.001,0.0018,0.245096,0.00475,0.000336,0.23579,0.24218,0.2456,0.2484,0.2534,0.41812,0.01043,0.000738,0.39692,0.4111,0.41895,0.42492,0.43612,0.000757,0.00045,3.2e-5,0.0001,0.0005,0.0007,0.001,0.0018,0.418878,0.01039,0.000735,0.39742,0.41233,0.4197,0.42548,0.43691
41.75,0.336012,0.01351,0.000955,0.31179,0.3268,0.33505,0.34405,0.36701,0.00072,0.00044,3.1e-5,0.0001,0.0004,0.0006,0.0009,0.0017,0.245101,0.00475,0.000336,0.23579,0.24228,0.2456,0.2484,0.2534,0.418168,0.01043,0.000737,0.39692,0.4111,0.41905,0.42492,0.43612,0.00072,0.00044,3.1e-5,0.0001,0.0004,0.0006,0.0009,0.0017,0.418887,0.01038,0.000734,0.39742,0.41233,0.4197,0.42555,0.43691
42.0,0.336,0.0135,0.000955,0.31178,0.3268,0.33505,0.34405,0.36701,0.000684,0.00044,3.1e-5,0.0001,0.0004,0.0006,0.0009,0.0017,0.245106,0.00475,0.000336,0.23579,0.2423,0.2456,0.2484,0.2534,0.418209,0.01042,0.000737,0.39692,0.41125,0.4191,0.42492,0.43612,0.000684,0.00044,3.1e-5,0.0001,0.0004,0.0006,0.0009,0.0017,0.418894,0.01038,0.000734,0.39742,0.41235,0.4197,0.42562,0.43691
42.25,0.33599,0.0135,0.000955,0.31178,0.3268,0.33505,0.34395,0.36701,0.000644,0.00042,3.0e-5,0.0001,0.0004,0.0005,0.0009,0.00161,0.24511,0.00475,0.000336,0.23579,0.2423,0.2456,0.2484,0.2534,0.418256,0.01042,0.000737,0.39692,0.41132,0.4191,0.42495,0.43622,0.000644,0.00042,3.0e-5,0.0001,0.0004,0.0005,0.0009,0.00161,0.418901,0.01038,0.000734,0.39742,0.41235,0.4197,0.42562,0.43701
42.5,0.335981,0.0135,0.000955,0.31178,0.3268,0.33505,0.34392,0.36701,0.000605,0.00041,2.9e-5,0.0001,0.0003,0.0005,0.0008,0.00151,0.245116,0.00475,0.000336,0.23579,0.2423,0.2456,0.2484,0.2534,0.418298,0.01042,0.000737,0.39692,0.41132,0.4192,0.42495,0.43622,0.000605,0.00041,2.9e-5,0.0001,0.0003,0.0005,0.0008,0.00151,0.418904,0.01038,0.000734,0.39742,0.41235,0.4197,0.42562,0.43701
42.75,0.33597,0.0135,0.000955,0.31178,0.3268,0.33505,0.34392,0.36701,0.000578,0.00041,2.9e-5,0.0,0.0003,0.0005,0.0008,0.00151,0.245121,0.00475,0.000336,0.23579,0.2423,0.2456,0.2484,0.2534,0.418332,0.01042,0.000737,0.39692,0.41148,0.4192,0.42502,0.43622,0.000578,0.00041,2.9e-5,0.0,0.0003,0.0005,0.0008,0.00151,0.41891,0.01038,0.000734,0.39742,0.41235,0.41975,0.42562,0.43701
43.0,0.335962,0.0135,0.000955,0.31178,0.3268,0.33505,0.34375,0.36701,0.000551,0.00042,2.9e-5,0.0,0.0003,0.0004,0.0007,0.00151,0.245122,0.00475,0.000336,0.23579,0.2423,0.2456,0.2484,0.2534,0.418366,0.01042,0.000737,0.39692,0.41148,0.41925,0.42512,0.43622,0.000551,0.00042,2.9e-5,0.0,0.0003,0.0004,0.0007,0.00151,0.418917,0.01038,0.000734,0.39742,0.41235,0.41975,0.42562,0.43711
43.25,0.335956,0.0135,0.000954,0.31178,0.3268,0.33505,0.34375,0.36701,0.000517,0.00039,2.8e-5,0.0,0.00028,0.0004,0.0007,0.0014,0.245122,0.00475,0.000336,0.23579,0.2423,0.2456,0.2484,0.2534,0.418405,0.01041,0.000736,0.39702,0.41148,0.41925,0.42512,0.43622,0.000517,0.00039,2.8e-5,0.0,0.00028,0.0004,0.0007,0.0014,0.418922,0.01038,0.000734,0.39742,0.41235,0.41975,0.42562,0.43711
43.5,0.335947,0.0135,0.000954,0.31178,0.3268,0.33505,0.3436,0.36701,0.000488,0.00038,2.7e-5,0.0,0.0002,0.0004,0.0006,0.0014,0.245126,0.00474,0.000336,0.23579,0.2423,0.2456,0.2484,0.2534,0.41844,0.01041,0.000736,0.39702,0.41158,0.4193,0.42512,0.43622,0.000488,0.00038,2.7e-5,0.0,0.0002,0.0004,0.0006,0.0014,0.418928,0.01038,0.000734,0.39742,0.41235,0.41975,0.42562,0.43711
43.75,0.335939,0.0135,0.000954,0.31178,0.3268,0.33505,0.34352,0.36701,0.000464,0.00037,2.6e-5,0.0,0.0002,0.0004,0.0006,0.0014,0.245128,0.00475,0.000336,0.23579,0.2423,0.2456,0.2484,0.2534,0.418469,0.01041,0.000736,0.39712,0.4116,0.4193,0.4252,0.43642,0.000464,0.00037,2.6e-5,0.0,0.0002,0.0004,0.0006,0.0014,0.418934,0.01038,0.000734,0.39742,0.41235,0.41975,0.4257,0.43711
44.0,0.335927,0.0135,0.000954,0.31178,0.3268,0.33505,0.34352,0.36701,0.000441,0.00037,2.6e-5,0.0,0.0002,0.0003,0.0006,0.0014,0.245132,0.00475,0.000336,0.23579,0.2423,0.2456,0.2484,0.2534,0.4185,0.01041,0.000736,0.39712,0.41165,0.4193,0.42522,0.43642,0.000441,0.00037,2.6e-5,0.0,0.0002,0.0003,0.0006,0.0014,0.418941,0.01038,0.000734,0.39742,0.41235,0.41975,0.4257,0.4372
44.25,0.33592,0.01349,0.000954,0.31178,0.3268,0.33505,0.34352,0.367,0.00041,0.00036,2.5e-5,0.0,0.0002,0.0003,0.0006,0.0014,0.245134,0.00475,0.000336,0.23579,0.24238,0.2456,0.2484,0.2534,0.418535,0.0104,0.000736,0.39712,0.41175,0.4193,0.42522,0.43642,0.00041,0.00036,2.5e-5,0.0,0.0002,0.0003,0.0006,0.0014,0.418945,0.01037,0.000734,0.39742,0.41235,0.41975,0.4257,0.4372
44.5,0.335914,0.01349,0.000954,0.31178,0.3268,0.33505,0.34352,0.367,0.000392,0.00035,2.5e-5,0.0,0.0002,0.0003,0.0006,0.0013,0.245137,0.00475,0.000336,0.23579,0.24238,0.2456,0.2484,0.2534,0.418557,0.0104,0.000736,0.39712,0.41175,0.4193,0.42522,0.43642,0.000392,0.00035,2.5e-5,0.0,0.0002,0.0003,0.0006,0.0013,0.418949,0.01037,0.000734,0.39742,0.41235,0.41975,0.4257,0.4372
44.75,0.335907,0.01349,0.000954,0.31178,0.3268,0.33505,0.34352,0.3669,0.000375,0.00034,2.4e-5,0.0,0.0001,0.0003,0.00052,0.0013,0.24514,0.00474,0.000335,0.23579,0.24238,0.2456,0.2484,0.2534,0.418578,0.0104,0.000735,0.39712,0.4118,0.4193,0.42522,0.43642,0.000375,0.00034,2.4e-5,0.0,0.0001,0.0003,0.00052,0.0013,0.418953,0.01037,0.000733,0.39742,0.41235,0.4198,0.4257,0.4372
45.0,0.335902,0.01349,0.000954,0.31178,0.3268,0.33505,0.34352,0.3669,0.00035,0.00031,2.2e-5,0.0,0.0001,0.0003,0.0005,0.00111,0.245142,0.00474,0.000335,0.23579,0.24238,0.2456,0.2484,0.2534,0.418606,0.0104,0.000735,0.39712,0.41188,0.4193,0.42522,0.43642,0.00035,0.00031,2.2e-5,0.0,0.0001,0.0003,0.0005,0.00111,0.418956,0.01037,0.000733,0.39742,0.41235,0.4198,0.4257,0.4372
45.25,0.335897,0.01348,0.000953,0.31178,0.3268,0.33505,0.34352,0.36681,0.00033,0.00029,2.1e-5,0.0,0.0001,0.0003,0.0005,0.0011,0.245144,0.00474,0.000335,0.23579,0.24238,0.2456,0.2484,0.2534,0.41863,0.0104,0.000735,0.39712,0.41188,0.4193,0.42525,0.43642,0.00033,0.00029,2.1e-5,0.0,0.0001,0.0003,0.0005,0.0011,0.418959,0.01037,0.000733,0.39742,0.41235,0.4198,0.4257,0.4372
45.5,0.335892,0.01348,0.000953,0.31178,0.3268,0.33505,0.3435,0.36681,0.000315,0.00028,2.0e-5,0.0,0.0001,0.0002,0.0005,0.0011,0.245146,0.00474,0.000335,0.23579,0.24238,0.2456,0.2484,0.2534,0.418647,0.0104,0.000735,0.39712,0.41188,0.4194,0.42525,0.43642,0.000315,0.00028,2.0e-5,0.0,0.0001,0.0002,0.0005,0.0011,0.418962,0.01037,0.000733,0.39742,0.41235,0.4198,0.42572,0.4372
45.75,0.335887,0.01348,0.000953,0.31178,0.3268,0.33505,0.3435,0.36681,0.000295,0.00027,1.9e-5,0.0,0.0001,0.0002,0.0004,0.001,0.245148,0.00474,0.000336,0.23579,0.24238,0.2456,0.2484,0.2534,0.418669,0.01039,0.000735,0.39712,0.41195,0.41945,0.42532,0.43652,0.000295,0.00027,1.9e-5,0.0,0.0001,0.0002,0.0004,0.001,0.418964,0.01037,0.000733,0.39742,0.41235,0.4198,0.42572,0.4372
46.0,0.335883,0.01348,0.000953,0.31178,0.3268,0.33505,0.3435,0.36681,0.00028,0.00026,1.8e-5,0.0,0.0001,0.0002,0.0004,0.0009,0.24515,0.00475,0.000336,0.23579,0.24238,0.2456,0.2484,0.2534,0.418687,0.01039,0.000735,0.39712,0.41198,0.41945,0.42532,0.43662,0.00028,0.00026,1.8e-5,0.0,0.0001,0.0002,0.0004,0.0009,0.418967,0.01037,0.000733,0.39742,0.41238,0.4198,0.42572,0.4372
46.25,0.335881,0.01348,0.000953,0.31178,0.3268,0.33505,0.3435,0.36681,0.000268,0.00025,1.8e-5,0.0,0.0001,0.0002,0.0004,0.0009,0.24515,0.00475,0.000336,0.23579,0.24238,0.2456,0.2484,0.2534,0.418701,0.0104,0.000735,0.39712,0.41198,0.41945,0.42532,0.43662,0.000268,0.00025,1.8e-5,0.0,0.0001,0.0002,0.0004,0.0009,0.418969,0.01037,0.000733,0.39742,0.41238,0.4198,0.42572,0.4372
46.5,0.335875,0.01348,0.000953,0.31178,0.3268,0.33505,0.3435,0.36661,0.000256,0.00024,1.7e-5,0.0,0.0001,0.0002,0.0004,0.0009,0.245153,0.00474,0.000335,0.23579,0.24238,0.2456,0.2484,0.2534,0.418716,0.01039,0.000735,0.39712,0.41198,0.41955,0.42532,0.43662,0.000256,0.00024,1.7e-5,0.0,0.0001,0.0002,0.0004,0.0009,0.418972,0.01037,0.000733,0.39742,0.4124,0.4198,0.42572,0.4372
46.75,0.335871,0.01348,0.000953,0.31178,0.3268,0.33505,0.3435,0.36661,0.000239,0.00023,1.7e-5,0.0,0.0001,0.0002,0.0003,0.0009,0.245155,0.00474,0.000335,0.23579,0.24238,0.2456,0.2484,0.2534,0.418735,0.01039,0.000735,0.39712,0.41198,0.4196,0.42535,0.43662,0.000239,0.00023,1.7e-5,0.0,0.0001,0.0002,0.0003,0.0009,0.418975,0.01037,0.000733,0.39742,0.4124,0.4198,0.42572,0.4372
47.0,0.335869,0.01348,0.000953,0.31178,0.3268,0.33505,0.3435,0.36661,0.000222,0.00023,1.6e-5,0.0,0.0001,0.0002,0.0003,0.0009,0.245156,0.00474,0.000335,0.23579,0.24238,0.2456,0.2484,0.2534,0.418753,0.0104,0.000735,0.39712,0.41198,0.4196,0.42535,0.43672,0.000222,0.00023,1.6e-5,0.0,0.0001,0.0002,0.0003,0.0009,0.418976,0.01037,0.000733,0.39742,0.4124,0.4198,0.42572,0.4372
47.25,0.335866,0.01347,0.000953,0.31178,0.3268,0.33505,0.3435,0.36651,0.000204,0.00021,1.5e-5,0.0,8.0e-5,0.0001,0.0003,0.0008,0.245156,0.00474,0.000335,0.23579,0.24238,0.2456,0.2484,0.2534,0.418774,0.01039,0.000735,0.39712,0.412,0.4196,0.42545,0.43672,0.000204,0.00021,1.5e-5,0.0,8.0e-5,0.0001,0.0003,0.0008,0.418978,0.01036,0.000733,0.39742,0.4124,0.4198,0.42572,0.4372
47.5,0.335863,0.01347,0.000953,0.31178,0.3268,0.33505,0.3435,0.36651,0.000196,0.00021,1.5e-5,0.0,0.0,0.0001,0.0003,0.0008,0.245157,0.00474,0.000335,0.23579,0.24238,0.2456,0.2484,0.2534,0.418784,0.01039,0.000735,0.39712,0.41208,0.4196,0.42545,0.43672,0.000196,0.00021,1.5e-5,0.0,0.0,0.0001,0.0003,0.0008,0.41898,0.01036,0.000733,0.39742,0.4124,0.4198,0.42572,0.4372
47.75,0.335862,0.01347,0.000953,0.31178,0.3268,0.33505,0.3435,0.36651,0.000185,0.0002,1.4e-5,0.0,0.0,0.0001,0.0003,0.0007,0.245158,0.00474,0.000335,0.23579,0.24238,0.2456,0.2484,0.2534,0.418796,0.01039,0.000735,0.39712,0.41208,0.41965,0.42555,0.43672,0.000185,0.0002,1.4e-5,0.0,0.0,0.0001,0.0003,0.0007,0.418981,0.01036,0.000733,0.39742,0.4124,0.4198,0.42572,0.4372
48.0,0.335857,0.01347,0.000953,0.31178,0.3268,0.33505,0.34348,0.36651,0.000179,0.00021,1.5e-5,0.0,0.0,0.0001,0.0003,0.0007,0.245159,0.00474,0.000335,0.23579,0.24238,0.2456,0.2484,0.2534,0.418806,0.01039,0.000735,0.39712,0.41215,0.41965,0.42555,0.43672,0.000179,0.00021,1.5e-5,0.0,0.0,0.0001,0.0003,0.0007,0.418984,0.01036,0.000733,0.39742,0.41247,0.4198,0.42572,0.4372
48.25,0.335853,0.01347,0.000952,0.31178,0.3268,0.33505,0.34348,0.36642,0.000173,0.0002,1.4e-5,0.0,0.0,0.0001,0.0003,0.0007,0.24516,0.00474,0.000335,0.23579,0.24238,0.2456,0.2484,0.2534,0.418814,0.01039,0.000735,0.39712,0.41215,0.41965,0.42555,0.43682,0.000173,0.0002,1.4e-5,0.0,0.0,0.0001,0.0003,0.0007,0.418987,0.01036,0.000732,0.39742,0.41247,0.4198,0.42572,0.4372
48.5,0.335849,0.01346,0.000952,0.31178,0.3268,0.33505,0.34348,0.36622,0.000165,0.0002,1.4e-5,0.0,0.0,0.0001,0.0003,0.0007,0.245161,0.00474,0.000335,0.23579,0.24238,0.2456,0.2484,0.2534,0.418825,0.01039,0.000734,0.39722,0.41218,0.41965,0.42555,0.43682,0.000165,0.0002,1.4e-5,0.0,0.0,0.0001,0.0003,0.0007,0.41899,0.01036,0.000732,0.39742,0.41247,0.4198,0.42572,0.4372
48.75,0.335848,0.01346,0.000952,0.31178,0.3268,0.33505,0.34348,0.36612,0.000156,0.00019,1.4e-5,0.0,0.0,0.0001,0.0002,0.0007,0.245162,0.00474,0.000335,0.23579,0.24238,0.2456,0.2484,0.2534,0.418834,0.01038,0.000734,0.39722,0.4122,0.4197,0.42555,0.43701,0.000156,0.00019,1.4e-5,0.0,0.0,0.0001,0.0002,0.0007,0.418991,0.01035,0.000732,0.39742,0.41247,0.4198,0.42572,0.4372
49.0,0.335846,0.01346,0.000952,0.31178,0.3268,0.33505,0.34348,0.36602,0.000146,0.00018,1.3e-5,0.0,0.0,0.0001,0.0002,0.0006,0.245163,0.00474,0.000335,0.23579,0.24238,0.2456,0.2484,0.2534,0.418844,0.01038,0.000734,0.39722,0.4122,0.4197,0.42555,0.43701,0.000146,0.00018,1.3e-5,0.0,0.0,0.0001,0.0002,0.0006,0.418991,0.01035,0.000732,0.39742,0.41247,0.4198,0.42572,0.4372
49.25,0.335845,0.01346,0.000952,0.31178,0.3268,0.33505,0.34348,0.36593,0.00014,0.00017,1.2e-5,0.0,0.0,0.0001,0.0002,0.0006,0.245164,0.00474,0.000335,0.23579,0.24238,0.2456,0.2484,0.2534,0.418851,0.01038,0.000734,0.39722,0.4122,0.4197,0.42555,0.43701,0.00014,0.00017,1.2e-5,0.0,0.0,0.0001,0.0002,0.0006,0.418992,0.01035,0.000732,0.39742,0.41247,0.4198,0.42572,0.4372
49.5,0.335842,0.01346,0.000952,0.31178,0.3268,0.33505,0.34348,0.36573,0.000134,0.00017,1.2e-5,0.0,0.0,0.0001,0.0002,0.0006,0.245165,0.00474,0.000335,0.23579,0.24238,0.2456,0.2484,0.2534,0.418858,0.01038,0.000734,0.39722,0.4122,0.4197,0.42562,0.43701,0.000134,0.00017,1.2e-5,0.0,0.0,0.0001,0.0002,0.0006,0.418992,0.01035,0.000732,0.39742,0.41247,0.4198,0.42572,0.4372
49.75,0.335841,0.01346,0.000951,0.31178,0.3268,0.33505,0.34348,0.36564,0.000129,0.00017,1.2e-5,0.0,0.0,0.0001,0.0002,0.0006,0.245166,0.00474,0.000335,0.23579,0.24238,0.2456,0.2484,0.2534,0.418864,0.01038,0.000734,0.39722,0.4122,0.4197,0.42562,0.43701,0.000129,0.00017,1.2e-5,0.0,0.0,0.0001,0.0002,0.0006,0.418993,0.01035,0.000732,0.39742,0.41247,0.4198,0.42572,0.4372
50.0,0.33584,0.01345,0.000951,0.31178,0.3268,0.33505,0.34348,0.36554,0.00012,0.00016,1.2e-5,0.0,0.0,0.0001,0.0002,0.0006,0.245166,0.00474,0.000335,0.23579,0.24238,0.2456,0.2484,0.2534,0.418873,0.01038,0.000734,0.39732,0.4122,0.41975,0.42562,0.43701,0.00012,0.00016,1.2e-5,0.0,0.0,0.0001,0.0002,0.0006,0.418994,0.01035,0.000732,0.39742,0.41247,0.4198,0.42572,0.4372
50.25,0.335838,0.01345,0.000951,0.31178,0.3268,0.33505,0.34348,0.36544,0.000114,0.00016,1.1e-5,0.0,0.0,0.0001,0.0002,0.0006,0.245167,0.00474,0.000335,0.23579,0.24238,0.2456,0.2484,0.2534,0.41888,0.01038,0.000734,0.39732,0.41227,0.41975,0.42562,0.43711,0.000114,0.00016,1.1e-5,0.0,0.0,0.0001,0.0002,0.0006,0.418995,0.01035,0.000732,0.39742,0.41247,0.4198,0.42572,0.4372
50.5,0.335837,0.01345,0.000951,0.31178,0.3268,0.33505,0.34348,0.36534,0.000106,0.00015,1.1e-5,0.0,0.0,0.0001,0.0002,0.0005,0.245167,0.00474,0.000335,0.23579,0.24238,0.2456,0.2484,0.2534,0.41889,0.01037,0.000733,0.39732,0.41235,0.41975,0.42562,0.43711,0.000106,0.00015,1.1e-5,0.0,0.0,0.0001,0.0002,0.0005,0.418996,0.01035,0.000732,0.39742,0.41247,0.4198,0.42572,0.4372
50.75,0.335836,0.01345,0.000951,0.31178,0.3268,0.33505,0.34348,0.36534,0.000101,0.00015,1.0e-5,0.0,0.0,5.0e-5,0.00012,0.0005,0.245168,0.00474,0.000335,0.23579,0.24238,0.2456,0.2484,0.2534,0.418895,0.01037,0.000733,0.39732,0.41235,0.41975,0.42562,0.43711,0.000101,0.00015,1.0e-5,0.0,0.0,5.0e-5,0.00012,0.0005,0.418996,0.01035,0.000732,0.39742,0.41247,0.4198,0.42572,0.4372
51.0,0.335834,0.01345,0.000951,0.31178,0.3268,0.33505,0.34348,0.36534,9.3e-5,0.00014,1.0e-5,0.0,0.0,0.0,0.0001,0.0004,0.245168,0.00474,0.000335,0.23579,0.24238,0.2456,0.2484,0.2534,0.418904,0.01036,0.000733,0.39732,0.41235,0.41975,0.42562,0.43711,9.3e-5,0.00014,1.0e-5,0.0,0.0,0.0,0.0001,0.0004,0.418997,0.01035,0.000732,0.39742,0.41247,0.4198,0.42572,0.4372
51.25,0.335834,0.01345,0.000951,0.31178,0.3268,0.33505,0.34348,0.36534,8.9e-5,0.00013,9.0e-6,0.0,0.0,0.0,0.0001,0.0004,0.245168,0.00474,0.000335,0.23579,0.24238,0.2456,0.2484,0.2534,0.418908,0.01037,0.000733,0.39732,0.41235,0.41975,0.42562,0.43711,8.9e-5,0.00013,9.0e-6,0.0,0.0,0.0,0.0001,0.0004,0.418997,0.01035,0.000732,0.39742,0.41247,0.4198,0.42572,0.4372
51.5,0.335834,0.01345,0.000951,0.31178,0.3268,0.33505,0.34348,0.36534,8.1e-5,0.00012,8.0e-6,0.0,0.0,0.0,0.0001,0.0004,0.245169,0.00474,0.000335,0.23579,0.24238,0.2456,0.2484,0.2534,0.418916,0.01036,0.000733,0.39732,0.41235,0.4198,0.42562,0.43711,8.1e-5,0.00012,8.0e-6,0.0,0.0,0.0,0.0001,0.0004,0.418997,0.01035,0.000732,0.39742,0.41247,0.4198,0.42572,0.4372
51.75,0.33583,0.01345,0.000951,0.31178,0.3268,0.33505,0.34348,0.36525,7.7e-5,0.00012,9.0e-6,0.0,0.0,0.0,0.0001,0.0004,0.24517,0.00473,0.000335,0.23579,0.24238,0.2456,0.2484,0.2534,0.418922,0.01036,0.000733,0.39732,0.41235,0.4198,0.4257,0.43711,7.7e-5,0.00012,9.0e-6,0.0,0.0,0.0,0.0001,0.0004,0.418999,0.01035,0.000732,0.39742,0.4125,0.4198,0.42572,0.4372
52.0,0.335829,0.01345,0.000951,0.31178,0.3268,0.33505,0.34348,0.36525,7.2e-5,0.00011,8.0e-6,0.0,0.0,0.0,0.0001,0.0003,0.24517,0.00473,0.000335,0.23579,0.24238,0.2456,0.2484,0.2534,0.418927,0.01036,0.000733,0.39732,0.41235,0.4198,0.4257,0.43711,7.2e-5,0.00011,8.0e-6,0.0,0.0,0.0,0.0001,0.0003,0.419,0.01035,0.000732,0.39742,0.41258,0.4198,0.42572,0.4372
52.25,0.335827,0.01344,0.000951,0.31178,0.3268,0.33505,0.34348,0.36505,6.9e-5,0.00011,8.0e-6,0.0,0.0,0.0,0.0001,0.0003,0.245171,0.00473,0.000335,0.23579,0.24238,0.2456,0.2484,0.2534,0.418932,0.01036,0.000733,0.39732,0.41235,0.4198,0.4257,0.43711,6.9e-5,0.00011,8.0e-6,0.0,0.0,0.0,0.0001,0.0003,0.419002,0.01035,0.000732,0.39742,0.41258,0.4198,0.42572,0.4372
52.5,0.335826,0.01344,0.000951,0.31178,0.3268,0.33505,0.34348,0.36505,6.6e-5,0.00011,8.0e-6,0.0,0.0,0.0,0.0001,0.0004,0.245171,0.00473,0.000335,0.23579,0.24238,0.2456,0.2484,0.2534,0.418936,0.01036,0.000733,0.39732,0.41238,0.4198,0.4257,0.43711,6.6e-5,0.00011,8.0e-6,0.0,0.0,0.0,0.0001,0.0004,0.419003,0.01035,0.000732,0.39742,0.41258,0.4198,0.42572,0.4372
52.75,0.335826,0.01344,0.000951,0.31178,0.3268,0.33505,0.34348,0.36495,6.5e-5,0.00011,8.0e-6,0.0,0.0,0.0,0.0001,0.0004,0.245171,0.00473,0.000335,0.23579,0.24238,0.2456,0.2484,0.2534,0.418938,0.01036,0.000733,0.39732,0.41238,0.4198,0.4257,0.43711,6.5e-5,0.00011,8.0e-6,0.0,0.0,0.0,0.0001,0.0004,0.419003,0.01035,0.000732,0.39742,0.41258,0.4198,0.42572,0.4372
53.0,0.335822,0.01344,0.00095,0.31178,0.3268,0.33505,0.34348,0.36476,6.4e-5,0.00012,9.0e-6,0.0,0.0,0.0,0.0001,0.0004,0.245173,0.00473,0.000334,0.23579,0.24238,0.2456,0.2484,0.2534,0.41894,0.01036,0.000733,0.39732,0.41238,0.4198,0.4257,0.43711,6.4e-5,0.00012,9.0e-6,0.0,0.0,0.0,0.0001,0.0004,0.419005,0.01034,0.000731,0.39742,0.41258,0.4198,0.42572,0.4372
53.25,0.335821,0.01344,0.00095,0.31178,0.3268,0.33505,0.34348,0.36466,6.0e-5,0.00012,8.0e-6,0.0,0.0,0.0,0.0001,0.0004,0.245174,0.00473,0.000334,0.23579,0.24238,0.2456,0.2484,0.2534,0.418945,0.01036,0.000733,0.39732,0.41238,0.4198,0.4257,0.43711,6.0e-5,0.00012,8.0e-6,0.0,0.0,0.0,0.0001,0.0004,0.419006,0.01034,0.000731,0.39742,0.41258,0.4198,0.42572,0.4372
53.5,0.335819,0.01343,0.00095,0.31178,0.3268,0.33505,0.34348,0.36466,5.8e-5,0.00012,8.0e-6,0.0,0.0,0.0,0.0001,0.0004,0.245174,0.00473,0.000334,0.23579,0.24238,0.2456,0.2484,0.2534,0.418948,0.01036,0.000732,0.39732,0.41238,0.4198,0.4257,0.43711,5.8e-5,0.00012,8.0e-6,0.0,0.0,0.0,0.0001,0.0004,0.419007,0.01034,0.000731,0.39742,0.41258,0.4198,0.42572,0.4372
53.75,0.335818,0.01343,0.00095,0.31178,0.3268,0.33505,0.34348,0.36456,5.8e-5,0.00012,8.0e-6,0.0,0.0,0.0,0.0001,0.0004,0.245176,0.00473,0.000334,0.23579,0.24238,0.2456,0.2484,0.2534,0.41895,0.01036,0.000732,0.39732,0.41238,0.4198,0.4257,0.43711,5.8e-5,0.00012,8.0e-6,0.0,0.0,0.0,0.0001,0.0004,0.419007,0.01034,0.000731,0.39742,0.41258,0.4198,0.42572,0.4372
54.0,0.335816,0.01343,0.00095,0.31178,0.3268,0.33505,0.34348,0.36456,5.3e-5,0.00011,8.0e-6,0.0,0.0,0.0,0.0001,0.0004,0.245176,0.00473,0.000334,0.23579,0.24238,0.2456,0.2484,0.2534,0.418955,0.01036,0.000732,0.39732,0.4124,0.4198,0.4257,0.43711,5.3e-5,0.00011,8.0e-6,0.0,0.0,0.0,0.0001,0.0004,0.419008,0.01034,0.000731,0.39742,0.41258,0.4198,0.42572,0.4372
54.25,0.335816,0.01343,0.00095,0.31178,0.3268,0.33505,0.34348,0.36456,5.0e-5,0.00011,8.0e-6,0.0,0.0,0.0,0.0001,0.0004,0.245176,0.00473,0.000334,0.23579,0.24238,0.2456,0.2484,0.2534,0.418957,0.01035,0.000732,0.39732,0.4124,0.4198,0.4257,0.43711,5.0e-5,0.00011,8.0e-6,0.0,0.0,0.0,0.0001,0.0004,0.419008,0.01034,0.000731,0.39742,0.41258,0.4198,0.42572,0.4372
54.5,0.335815,0.01343,0.00095,0.31178,0.3268,0.33505,0.34348,0.36437,5.0e-5,0.00011,8.0e-6,0.0,0.0,0.0,0.0001,0.0004,0.245176,0.00473,0.000334,0.23579,0.24238,0.2456,0.2484,0.2534,0.418958,0.01035,0.000732,0.39732,0.41247,0.4198,0.4257,0.43711,5.0e-5,0.00011,8.0e-6,0.0,0.0,0.0,0.0001,0.0004,0.419009,0.01034,0.000731,0.39742,0.41258,0.4198,0.42572,0.4372
54.75,0.335814,0.01343,0.00095,0.31178,0.3268,0.33505,0.34348,0.36427,4.8e-5,0.00011,8.0e-6,0.0,0.0,0.0,0.0001,0.0003,0.245176,0.00473,0.000334,0.23579,0.24238,0.2456,0.2484,0.2534,0.418962,0.01035,0.000732,0.39732,0.41255,0.4198,0.4257,0.43711,4.8e-5,0.00011,8.0e-6,0.0,0.0,0.0,0.0001,0.0003,0.41901,0.01034,0.000731,0.39742,0.41258,0.4198,0.42572,0.4372
55.0,0.335813,0.01343,0.000949,0.31178,0.3268,0.33505,0.34348,0.36417,4.6e-5,0.00012,8.0e-6,0.0,0.0,0.0,0.0001,0.0003,0.245176,0.00473,0.000334,0.23579,0.24238,0.2456,0.2484,0.2534,0.418965,0.01035,0.000732,0.39732,0.41258,0.4198,0.4257,0.43711,4.6e-5,0.00012,8.0e-6,0.0,0.0,0.0,0.0001,0.0003,0.419011,0.01034,0.000731,0.39742,0.41258,0.4198,0.42572,0.4372
55.25,0.335813,0.01343,0.000949,0.31178,0.3268,0.33505,0.34348,0.36417,4.4e-5,0.00011,8.0e-6,0.0,0.0,0.0,0.0001,0.0003,0.245176,0.00473,0.000334,0.23579,0.24238,0.2456,0.2484,0.2534,0.418967,0.01035,0.000732,0.39732,0.41258,0.4198,0.4257,0.4372,4.4e-5,0.00011,8.0e-6,0.0,0.0,0.0,0.0001,0.0003,0.419011,0.01034,0.000731,0.39742,0.41258,0.4198,0.42572,0.4372
55.5,0.335812,0.01343,0.000949,0.31178,0.3268,0.33505,0.34348,0.36417,4.3e-5,0.00011,8.0e-6,0.0,0.0,0.0,0.0001,0.0003,0.245177,0.00473,0.000334,0.23579,0.24238,0.2456,0.2484,0.2534,0.418968,0.01035,0.000732,0.39732,0.41258,0.4198,0.4257,0.4372,4.3e-5,0.00011,8.0e-6,0.0,0.0,0.0,0.0001,0.0003,0.419012,0.01034,0.000731,0.39742,0.41258,0.4198,0.42572,0.4372
55.75,0.335811,0.01342,0.000949,0.31178,0.3268,0.33505,0.34348,0.36417,4.0e-5,0.0001,7.0e-6,0.0,0.0,0.0,0.0,0.0003,0.245177,0.00473,0.000334,0.23579,0.24238,0.2456,0.2484,0.2534,0.418972,0.01035,0.000732,0.39732,0.41258,0.4198,0.4257,0.4372,4.0e-5,0.0001,7.0e-6,0.0,0.0,0.0,0.0,0.0003,0.419012,0.01034,0.000731,0.39742,0.41258,0.4198,0.42572,0.4372
56.0,0.33581,0.01342,0.000949,0.31178,0.3268,0.33505,0.34348,0.36417,4.0e-5,0.00011,8.0e-6,0.0,0.0,0.0,0.0,0.0003,0.245178,0.00473,0.000334,0.23579,0.24238,0.2456,0.2484,0.2534,0.418973,0.01035,0.000732,0.39732,0.41258,0.4198,0.4257,0.4372,4.0e-5,0.00011,8.0e-6,0.0,0.0,0.0,0.0,0.0003,0.419013,0.01033,0.000731,0.39742,0.41258,0.4198,0.42572,0.4372
56.25,0.335808,0.01342,0.000949,0.31178,0.3268,0.33505,0.34348,0.36417,3.8e-5,0.0001,7.0e-6,0.0,0.0,0.0,0.0,0.00021,0.245179,0.00473,0.000334,0.23579,0.24238,0.2456,0.2484,0.2534,0.418976,0.01035,0.000732,0.39732,0.41258,0.4198,0.4257,0.4372,3.8e-5,0.0001,7.0e-6,0.0,0.0,0.0,0.0,0.00021,0.419014,0.01033,0.000731,0.39742,0.41258,0.4198,0.42572,0.4372
56.5,0.335808,0.01342,0.000949,0.31178,0.3268,0.33505,0.34348,0.36417,3.6e-5,9.0e-5,7.0e-6,0.0,0.0,0.0,0.0,0.00021,0.245179,0.00473,0.000334,0.23579,0.24238,0.2456,0.2484,0.2534,0.418978,0.01035,0.000732,0.39732,0.41258,0.4198,0.4257,0.4372,3.6e-5,9.0e-5,7.0e-6,0.0,0.0,0.0,0.0,0.00021,0.419014,0.01033,0.000731,0.39742,0.41258,0.4198,0.42572,0.4372
56.75,0.335808,0.01342,0.000949,0.31178,0.3268,0.33505,0.34348,0.36417,3.4e-5,9.0e-5,6.0e-6,0.0,0.0,0.0,0.0,0.0002,0.245179,0.00473,0.000334,0.23579,0.24238,0.2456,0.2484,0.2534,0.41898,0.01034,0.000731,0.39732,0.41258,0.4198,0.4257,0.4372,3.4e-5,9.0e-5,6.0e-6,0.0,0.0,0.0,0.0,0.0002,0.419014,0.01033,0.000731,0.39742,0.41258,0.4198,0.42572,0.4372
57.0,0.335807,0.01342,0.000949,0.31178,0.3268,0.33505,0.34348,0.36417,3.2e-5,9.0e-5,7.0e-6,0.0,0.0,0.0,0.0,0.00021,0.245179,0.00473,0.000334,0.23579,0.24238,0.2456,0.2484,0.2534,0.418982,0.01035,0.000732,0.39732,0.41258,0.4198,0.4257,0.4372,3.2e-5,9.0e-5,7.0e-6,0.0,0.0,0.0,0.0,0.00021,0.419014,0.01033,0.000731,0.39742,0.41258,0.4198,0.42572,0.4372
57.25,0.335806,0.01342,0.000949,0.31178,0.3268,0.33505,0.34348,0.36417,3.2e-5,0.0001,7.0e-6,0.0,0.0,0.0,0.0,0.00021,0.24518,0.00472,0.000334,0.23579,0.24238,0.2456,0.2484,0.2534,0.418983,0.01035,0.000732,0.39732,0.41258,0.4198,0.4257,0.4372,3.2e-5,0.0001,7.0e-6,0.0,0.0,0.0,0.0,0.00021,0.419015,0.01033,0.000731,0.39742,0.41258,0.4198,0.42572,0.4372
57.5,0.335806,0.01342,0.000949,0.31178,0.3268,0.33505,0.34348,0.36417,2.9e-5,8.0e-5,6.0e-6,0.0,0.0,0.0,0.0,0.0002,0.24518,0.00472,0.000334,0.23579,0.24238,0.2456,0.2484,0.2534,0.418986,0.01034,0.000731,0.39732,0.41258,0.4198,0.4257,0.4372,2.9e-5,8.0e-5,6.0e-6,0.0,0.0,0.0,0.0,0.0002,0.419015,0.01033,0.000731,0.39742,0.41258,0.4198,0.42572,0.4372
57.75,0.335805,0.01342,0.000949,0.31178,0.3268,0.33505,0.34348,0.36417,2.7e-5,8.0e-5,6.0e-6,0.0,0.0,0.0,0.0,0.0002,0.24518,0.00472,0.000334,0.23579,0.24238,0.2456,0.2484,0.2534,0.418988,0.01034,0.000731,0.39732,0.41258,0.4198,0.4257,0.4372,2.7e-5,8.0e-5,6.0e-6,0.0,0.0,0.0,0.0,0.0002,0.419015,0.01033,0.00073,0.39742,0.41258,0.4198,0.42572,0.4372
58.0,0.335805,0.01342,0.000949,0.31178,0.3268,0.33505,0.34348,0.36417,2.6e-5,8.0e-5,5.0e-6,0.0,0.0,0.0,0.0,0.0002,0.24518,0.00472,0.000334,0.23579,0.24238,0.2456,0.2484,0.2534,0.418989,0.01034,0.000731,0.39732,0.41258,0.4198,0.4257,0.4372,2.6e-5,8.0e-5,5.0e-6,0.0,0.0,0.0,0.0,0.0002,0.419015,0.01033,0.00073,0.39742,0.41258,0.4198,0.42572,0.4372
58.25,0.335805,0.01341,0.000949,0.31178,0.3268,0.33505,0.34348,0.36417,2.4e-5,8.0e-5,5.0e-6,0.0,0.0,0.0,0.0,0.0002,0.245181,0.00472,0.000334,0.23579,0.24238,0.2456,0.2484,0.2534,0.418992,0.01034,0.000731,0.39732,0.41258,0.4198,0.4257,0.4372,2.4e-5,8.0e-5,5.0e-6,0.0,0.0,0.0,0.0,0.0002,0.419015,0.01033,0.00073,0.39742,0.41258,0.4198,0.42572,0.4372
58.5,0.335804,0.01341,0.000948,0.31178,0.3268,0.33505,0.34348,0.36417,2.3e-5,8.0e-5,5.0e-6,0.0,0.0,0.0,0.0,0.0002,0.245181,0.00472,0.000334,0.23579,0.24238,0.2456,0.2484,0.2534,0.418993,0.01034,0.000731,0.39732,0.41258,0.4198,0.4257,0.4372,2.3e-5,8.0e-5,5.0e-6,0.0,0.0,0.0,0.0,0.0002,0.419016,0.01033,0.00073,0.39742,0.41258,0.4198,0.42572,0.4372
58.75,0.335803,0.01341,0.000948,0.31178,0.3268,0.33505,0.34348,0.36417,2.2e-5,8.0e-5,5.0e-6,0.0,0.0,0.0,0.0,0.0001,0.245182,0.00472,0.000334,0.23579,0.24238,0.2456,0.2484,0.2534,0.418993,0.01034,0.000731,0.39732,0.41258,0.4198,0.4257,0.4372,2.2e-5,8.0e-5,5.0e-6,0.0,0.0,0.0,0.0,0.0001,0.419016,0.01033,0.00073,0.39742,0.41258,0.4198,0.42572,0.4372
59.0,0.335802,0.01341,0.000948,0.31178,0.3268,0.33505,0.34348,0.36417,2.3e-5,8.0e-5,6.0e-6,0.0,0.0,0.0,0.0,0.0001,0.245182,0.00472,0.000334,0.23579,0.24238,0.2456,0.2484,0.2534,0.418994,0.01034,0.000731,0.39732,0.41258,0.4198,0.4257,0.4372,2.3e-5,8.0e-5,6.0e-6,0.0,0.0,0.0,0.0,0.0001,0.419017,0.01033,0.00073,0.39742,0.41258,0.4198,0.42572,0.4372
59.25,0.335802,0.01341,0.000948,0.31178,0.3268,0.33505,0.34348,0.36417,2.1e-5,8.0e-5,6.0e-6,0.0,0.0,0.0,0.0,0.0001,0.245182,0.00472,0.000334,0.23579,0.24238,0.2456,0.2484,0.2534,0.418996,0.01034,0.000731,0.39732,0.41258,0.4198,0.4257,0.4372,2.1e-5,8.0e-5,6.0e-6,0.0,0.0,0.0,0.0,0.0001,0.419017,0.01033,0.00073,0.39742,0.41258,0.4198,0.42572,0.4372
59.5,0.335801,0.01341,0.000948,0.31178,0.3268,0.33505,0.34348,0.36417,2.2e-5,9.0e-5,6.0e-6,0.0,0.0,0.0,0.0,0.0001,0.245182,0.00472,0.000334,0.23579,0.24238,0.2456,0.2484,0.2534,0.418996,0.01034,0.000731,0.39732,0.41258,0.4198,0.4257,0.4372,2.2e-5,9.0e-5,6.0e-6,0.0,0.0,0.0,0.0,0.0001,0.419018,0.01033,0.00073,0.39742,0.41258,0.4198,0.42572,0.4372
59.75,0.335801,0.01341,0.000948,0.31178,0.3268,0.33505,0.34348,0.36417,2.1e-5,8.0e-5,6.0e-6,0.0,0.0,0.0,0.0,0.0001,0.245182,0.00472,0.000334,0.23579,0.24238,0.2456,0.2484,0.2534,0.418997,0.01034,0.000731,0.39732,0.41258,0.4198,0.4257,0.4372,2.1e-5,8.0e-5,6.0e-6,0.0,0.0,0.0,0.0,0.0001,0.419018,0.01033,0.00073,0.39742,0.41258,0.4198,0.42572,0.4372
60.0,0.335801,0.01341,0.000948,0.31178,0.3268,0.33505,0.34348,0.36417,1.9e-5,7.0e-5,5.0e-6,0.0,0.0,0.0,0.0,0.0001,0.245182,0.00472,0.000334,0.23579,0.24238,0.2456,0.2484,0.2534,0.418999,0.01034,0.000731,0.39732,0.41258,0.4198,0.4257,0.4372,1.9e-5,7.0e-5,5.0e-6,0.0,0.0,0.0,0.0,0.0001,0.419018,0.01033,0.00073,0.39742,0.41258,0.4198,0.42572,0.4372
