t,cond.S.mean,cond.S.sd,cond.S.se,cond.S.q025,cond.S.q25,cond.S.q50,cond.S.q75,cond.S.q975,cond.I.mean,cond.I.sd,cond.I.se,cond.I.q025,cond.I.q25,cond.I.q50,cond.I.q75,cond.I.q975,cond.R.mean,cond.R.sd,cond.R.se,cond.R.q025,cond.R.q25,cond.R.q50,cond.R.q75,cond.R.q975,cond.V.mean,cond.V.sd,cond.V.se,cond.V.q025,cond.V.q25,cond.V.q50,cond.V.q75,cond.V.q975,cond.infectious.mean,cond.infectious.sd,cond.infectious.se,cond.infectious.q025,cond.infectious.q25,cond.infectious.q50,cond.infectious.q75,cond.infectious.q975,cond.cumulative.mean,cond.cumulative.sd,cond.cumulative.se,cond.cumulative.q025,cond.cumulative.q25,cond.cumulative.q50,cond.cumulative.q75,cond.cumulative.q975
0.0,0.69,0.0,0.0,0.69,0.69,0.69,0.69,0.69,0.01,0.0,0.0,0.01,0.01,0.01,0.01,0.01,0.0,0.0,0.0,0.0,0.0,0.0,0.0,0.0,0.3,0.0,0.0,0.3,0.3,0.3,0.3,0.3,0.01,0.0,0.0,0.01,0.01,0.01,0.01,0.01,0.01,0.0,0.0,0.01,0.01,0.01,0.01,0.01
0.25,0.68859,0.0004,2.8e-5,0.6878,0.68838,0.6886,0.6888,0.6893,0.010753,0.00046,3.2e-5,0.0099,0.0104,0.0107,0.011,0.0117,0.000656,0.00026,1.8e-5,0.0002,0.0005,0.0006,0.0008,0.0012,0.3,0.0,0.0,0.3,0.3,0.3,0.3,0.3,0.010753,0.00046,3.2e-5,0.0099,0.0104,0.0107,0.011,0.0117,0.01141,0.0004,2.8e-5,0.0107,0.0112,0.0114,0.01162,0.0122
0.5,0.687085,0.0006,4.3e-5,0.686,0.6867,0.6871,0.6875,0.6884,0.011556,0.0007,5.0e-5,0.0102,0.01108,0.0115,0.012,0.0128,0.001358,0.00037,2.6e-5,0.0006,0.0011,0.0013,0.0016,0.0021,0.3,0.0,0.0,0.3,0.3,0.3,0.3,0.3,0.011556,0.0007,5.0e-5,0.0102,0.01108,0.0115,0.012,0.0128,0.012914,0.0006,4.3e-5,0.0116,0.0125,0.0129,0.0133,0.01401
0.75,0.68552,0.00077,5.4e-5,0.684,0.685,0.6855,0.6861,0.68681,0.012351,0.00086,6.1e-5,0.01089,0.0118,0.01235,0.013,0.0138,0.002129,0.00042,3.0e-5,0.0013,0.0018,0.00215,0.0024,0.003,0.3,0.0,0.0,0.3,0.3,0.3,0.3,0.3,0.012351,0.00086,6.1e-5,0.01089,0.0118,0.01235,0.013,0.0138,0.01448,0.00077,5.4e-5,0.01319,0.0139,0.0145,0.015,0.016
1.0,0.683882,0.00097,6.8e-5,0.6821,0.6832,0.68385,0.6846,0.6857,0.013176,0.00106,7.5e-5,0.0113,0.0124,0.0132,0.014,0.01491,0.002941,0.00048,3.4e-5,0.0021,0.0026,0.0029,0.0033,0.004,0.3,0.0,0.0,0.3,0.3,0.3,0.3,0.3,0.013176,0.00106,7.5e-5,0.0113,0.0124,0.0132,0.014,0.01491,0.016118,0.00097,6.8e-5,0.0143,0.0154,0.01615,0.0168,0.0179
1.25,0.682247,0.00122,8.6e-5,0.6799,0.6813,0.6823,0.6831,0.6846,0.013931,0.00127,9.0e-5,0.0114,0.0131,0.01405,0.0147,0.0164,0.003822,0.00055,3.9e-5,0.0028,0.00348,0.0038,0.0042,0.005,0.3,0.0,0.0,0.3,0.3,0.3,0.3,0.3,0.013931,0.00127,9.0e-5,0.0114,0.0131,0.01405,0.0147,0.0164,0.017753,0.00122,8.6e-5,0.0154,0.0169,0.0177,0.0187,0.0201
1.5,0.680488,0.00146,0.000103,0.6777,0.6795,0.6806,0.6815,0.68301,0.014808,0.00145,0.000103,0.0118,0.01388,0.01485,0.01562,0.0178,0.004705,0.00062,4.4e-5,0.0036,0.0043,0.0047,0.0051,0.0061,0.3,0.0,0.0,0.3,0.3,0.3,0.3,0.3,0.014808,0.00145,0.000103,0.0118,0.01388,0.01485,0.01562,0.0178,0.019513,0.00146,0.000103,0.01699,0.0185,0.0194,0.0205,0.0223
1.75,0.678699,0.00171,0.000121,0.67549,0.67768,0.6788,0.6798,0.6817,0.015614,0.00171,0.000121,0.0124,0.0143,0.0156,0.0167,0.019,0.005688,0.00068,4.8e-5,0.0045,0.0052,0.00565,0.0061,0.0071,0.3,0.0,0.0,0.3,0.3,0.3,0.3,0.3,0.015614,0.00171,0.000121,0.0124,0.0143,0.0156,0.0167,0.019,0.021301,0.00171,0.000121,0.0183,0.0202,0.0212,0.02232,0.02451
2.0,0.67687,0.00199,0.000141,0.6732,0.67535,0.6769,0.67823,0.6803,0.016454,0.00191,0.000135,0.013,0.01508,0.0165,0.01773,0.02041,0.006676,0.00074,5.2e-5,0.0052,0.0062,0.0067,0.0071,0.0081,0.3,0.0,0.0,0.3,0.3,0.3,0.3,0.3,0.016454,0.00191,0.000135,0.013,0.01508,0.0165,0.01773,0.02041,0.02313,0.00199,0.000141,0.0197,0.02178,0.0231,0.02465,0.0268
2.25,0.67488,0.00231,0.000163,0.67029,0.6733,0.6751,0.6765,0.6791,0.017359,0.00216,0.000153,0.0134,0.0159,0.0172,0.01883,0.02171,0.007762,0.00077,5.5e-5,0.0063,0.0073,0.0078,0.00823,0.0092,0.3,0.0,0.0,0.3,0.3,0.3,0.3,0.3,0.017359,0.00216,0.000153,0.0134,0.0159,0.0172,0.01883,0.02171,0.02512,0.00231,0.000163,0.0209,0.0235,0.0249,0.0267,0.02971
2.5,0.672901,0.0026,0.000184,0.6675,0.67148,0.67305,0.6747,0.67712,0.018211,0.00235,0.000166,0.0141,0.0166,0.0181,0.0197,0.02271,0.008888,0.00085,6.0e-5,0.0073,0.0084,0.009,0.0094,0.01041,0.3,0.0,0.0,0.3,0.3,0.3,0.3,0.3,0.018211,0.00235,0.000166,0.0141,0.0166,0.0181,0.0197,0.02271,0.0271,0.0026,0.000184,0.02289,0.0253,0.02695,0.02852,0.0325
2.75,0.670858,0.00293,0.000207,0.66518,0.66905,0.671,0.6729,0.6759,0.019075,0.00258,0.000182,0.01488,0.0171,0.0191,0.0209,0.02431,0.010066,0.00091,6.4e-5,0.0083,0.0094,0.01015,0.0107,0.0117,0.3,0.0,0.0,0.3,0.3,0.3,0.3,0.3,0.019075,0.00258,0.000182,0.01488,0.0171,0.0191,0.0209,0.02431,0.029142,0.00293,0.000207,0.0241,0.0271,0.029,0.03095,0.03482
3.0,0.668689,0.00329,0.000233,0.66248,0.6667,0.6689,0.6712,0.6742,0.020012,0.0028,0.000198,0.01539,0.01808,0.0199,0.0219,0.02502,0.011299,0.00101,7.1e-5,0.0094,0.0106,0.0115,0.012,0.0131,0.3,0.0,0.0,0.3,0.3,0.3,0.3,0.3,0.020012,0.0028,0.000198,0.01539,0.01808,0.0199,0.0219,0.02502,0.03131,0.00329,0.000233,0.0258,0.0288,0.0311,0.0333,0.03752
3.25,0.666534,0.00364,0.000258,0.65957,0.66438,0.6667,0.66912,0.67302,0.020812,0.00296,0.000209,0.0151,0.01897,0.02065,0.02272,0.02622,0.012654,0.00113,8.0e-5,0.0107,0.01188,0.0127,0.0135,0.0147,0.3,0.0,0.0,0.3,0.3,0.3,0.3,0.3,0.020812,0.00296,0.000209,0.0151,0.01897,0.02065,0.02272,0.02622,0.033466,0.00364,0.000258,0.02698,0.03088,0.0333,0.03563,0.04043
3.5,0.664223,0.00397,0.00028,0.65678,0.6617,0.66455,0.667,0.67122,0.021806,0.00314,0.000222,0.01588,0.0198,0.02175,0.0239,0.0278,0.013971,0.00128,9.0e-5,0.0117,0.01318,0.014,0.0147,0.01641,0.3,0.0,0.0,0.3,0.3,0.3,0.3,0.3,0.021806,0.00314,0.000222,0.01588,0.0198,0.02175,0.0239,0.0278,0.035776,0.00397,0.00028,0.02878,0.033,0.03545,0.0383,0.04323
3.75,0.661988,0.00433,0.000306,0.6532,0.65898,0.6623,0.66522,0.66924,0.022657,0.00335,0.000237,0.01666,0.0205,0.0226,0.02495,0.0288,0.015356,0.00146,0.000104,0.0126,0.0143,0.0154,0.01632,0.0182,0.3,0.0,0.0,0.3,0.3,0.3,0.3,0.3,0.022657,0.00335,0.000237,0.01666,0.0205,0.0226,0.02495,0.0288,0.038012,0.00433,0.000306,0.03076,0.03478,0.0377,0.04102,0.0468
4.0,0.65955,0.00473,0.000335,0.65067,0.6563,0.66005,0.6628,0.66853,0.023654,0.00358,0.000253,0.0163,0.02148,0.02355,0.02613,0.03051,0.016796,0.00162,0.000114,0.014,0.0156,0.0168,0.01792,0.0203,0.3,0.0,0.0,0.3,0.3,0.3,0.3,0.3,0.023654,0.00358,0.000253,0.0163,0.02148,0.02355,0.02613,0.03051,0.040451,0.00473,0.000335,0.03147,0.0372,0.03995,0.0437,0.04933
4.25,0.657084,0.00506,0.000358,0.64718,0.6538,0.65745,0.6603,0.66635,0.024613,0.00369,0.000261,0.01689,0.02238,0.0245,0.0271,0.0321,0.018304,0.00184,0.00013,0.015,0.0169,0.0182,0.0195,0.0221,0.3,0.0,0.0,0.3,0.3,0.3,0.3,0.3,0.024613,0.00369,0.000261,0.01689,0.02238,0.0245,0.0271,0.0321,0.042916,0.00506,0.000358,0.03365,0.0397,0.04255,0.0462,0.05282
4.5,0.654528,0.00549,0.000388,0.64388,0.65067,0.655,0.6581,0.66476,0.025592,0.0039,0.000276,0.01729,0.023,0.02515,0.0284,0.03371,0.01988,0.00205,0.000145,0.0161,0.01838,0.0197,0.0213,0.0243,0.3,0.0,0.0,0.3,0.3,0.3,0.3,0.3,0.025592,0.0039,0.000276,0.01729,0.023,0.02515,0.0284,0.03371,0.045472,0.00549,0.000388,0.03524,0.0419,0.045,0.04932,0.05612
4.75,0.651933,0.00581,0.000411,0.64079,0.6478,0.6525,0.6557,0.66352,0.02652,0.00406,0.000287,0.01779,0.0239,0.02615,0.0296,0.0347,0.021546,0.00223,0.000158,0.01769,0.02,0.02145,0.023,0.0262,0.3,0.0,0.0,0.3,0.3,0.3,0.3,0.3,0.02652,0.00406,0.000287,0.01779,0.0239,0.02615,0.0296,0.0347,0.048067,0.00581,0.000411,0.03648,0.0443,0.0475,0.0522,0.05922
5.0,0.649246,0.00615,0.000435,0.63719,0.64495,0.6499,0.6533,0.66202,0.027513,0.00419,0.000297,0.0187,0.0248,0.02715,0.03042,0.036,0.023241,0.00245,0.000173,0.01928,0.0214,0.02315,0.0248,0.0281,0.3,0.0,0.0,0.3,0.3,0.3,0.3,0.3,0.027513,0.00419,0.000297,0.0187,0.0248,0.02715,0.03042,0.036,0.050753,0.00615,0.000435,0.03798,0.0467,0.0501,0.05505,0.06281
5.25,0.646517,0.00653,0.000462,0.63388,0.64195,0.6473,0.651,0.66021,0.028513,0.00438,0.00031,0.0194,0.0255,0.0282,0.0317,0.03751,0.02497,0.00264,0.000187,0.0204,0.0229,0.02495,0.0269,0.0303,0.3,0.0,0.0,0.3,0.3,0.3,0.3,0.3,0.028513,0.00438,0.00031,0.0194,0.0255,0.0282,0.0317,0.03751,0.053483,0.00653,0.000462,0.03979,0.049,0.0527,0.05805,0.06612
5.5,0.64371,0.00691,0.000489,0.62988,0.63888,0.6443,0.6484,0.65811,0.029555,0.00456,0.000322,0.01979,0.02628,0.0296,0.03272,0.03845,0.026735,0.00289,0.000204,0.022,0.0247,0.02655,0.0288,0.03251,0.3,0.0,0.0,0.3,0.3,0.3,0.3,0.3,0.029555,0.00456,0.000322,0.01979,0.02628,0.0296,0.03272,0.03845,0.05629,0.00691,0.000489,0.04189,0.0516,0.0557,0.06113,0.07012
5.75,0.640808,0.0073,0.000516,0.62686,0.63588,0.64145,0.64575,0.65534,0.03062,0.00469,0.000332,0.02039,0.02758,0.03065,0.03392,0.04103,0.028572,0.00313,0.000222,0.02309,0.02628,0.0285,0.0307,0.03461,0.3,0.0,0.0,0.3,0.3,0.3,0.3,0.3,0.03062,0.00469,0.000332,0.02039,0.02758,0.03065,0.03392,0.04103,0.059192,0.0073,0.000516,0.04466,0.05425,0.05855,0.06412,0.07314
6.0,0.637852,0.0077,0.000545,0.62297,0.6326,0.6384,0.6432,0.65296,0.031588,0.0049,0.000347,0.02128,0.0284,0.03165,0.03463,0.04231,0.03056,0.00335,0.000237,0.02449,0.02808,0.03035,0.0327,0.03701,0.3,0.0,0.0,0.3,0.3,0.3,0.3,0.3,0.031588,0.0049,0.000347,0.02128,0.0284,0.03165,0.03463,0.04231,0.062147,0.0077,0.000545,0.04704,0.0568,0.0616,0.0674,0.07703
6.25,0.634836,0.00813,0.000575,0.61957,0.629,0.6351,0.64052,0.65124,0.032578,0.00504,0.000356,0.02278,0.02938,0.03245,0.03587,0.0431,0.032587,0.00364,0.000257,0.0258,0.0299,0.03235,0.0351,0.0396,0.3,0.0,0.0,0.3,0.3,0.3,0.3,0.3,0.032578,0.00504,0.000356,0.02278,0.02938,0.03245,0.03587,0.0431,0.065164,0.00813,0.000575,0.04876,0.05948,0.0649,0.071,0.08043
6.5,0.631679,0.00858,0.000607,0.61548,0.62548,0.6318,0.6373,0.64961,0.03369,0.00523,0.00037,0.02318,0.03018,0.0339,0.03715,0.04403,0.034631,0.0039,0.000276,0.02749,0.032,0.03445,0.0372,0.0425,0.3,0.0,0.0,0.3,0.3,0.3,0.3,0.3,0.03369,0.00523,0.00037,0.02318,0.03018,0.0339,0.03715,0.04403,0.068321,0.00858,0.000607,0.05039,0.0627,0.0682,0.07452,0.08452
6.75,0.628517,0.00897,0.000634,0.61158,0.62175,0.62865,0.6347,0.64701,0.034756,0.00531,0.000376,0.02439,0.03115,0.03505,0.03835,0.04462,0.036726,0.00418,0.000296,0.0285,0.03388,0.03645,0.0396,0.04501,0.3,0.0,0.0,0.3,0.3,0.3,0.3,0.3,0.034756,0.00531,0.000376,0.02439,0.03115,0.03505,0.03835,0.04462,0.071483,0.00897,0.000634,0.05299,0.0653,0.07135,0.07825,0.08842
7.0,0.625274,0.00945,0.000668,0.6063,0.61807,0.62515,0.63198,0.64462,0.035812,0.00549,0.000388,0.02529,0.03248,0.036,0.0396,0.0462,0.038914,0.00448,0.000316,0.0299,0.036,0.0385,0.04182,0.0483,0.3,0.0,0.0,0.3,0.3,0.3,0.3,0.3,0.035812,0.00549,0.000388,0.02529,0.03248,0.036,0.0396,0.0462,0.074726,0.00945,0.000668,0.05538,0.06802,0.07485,0.08192,0.0937
7.25,0.621876,0.00988,0.000699,0.60249,0.61475,0.6218,0.62835,0.64201,0.036889,0.00556,0.000393,0.02619,0.0334,0.03675,0.0407,0.04782,0.041236,0.00484,0.000342,0.0315,0.038,0.0408,0.0444,0.0513,0.3,0.0,0.0,0.3,0.3,0.3,0.3,0.3,0.036889,0.00556,0.000393,0.02619,0.0334,0.03675,0.0407,0.04782,0.078124,0.00988,0.000699,0.05799,0.07165,0.0782,0.08525,0.09751
7.5,0.618503,0.01028,0.000727,0.59809,0.61125,0.6181,0.6254,0.63892,0.037944,0.00566,0.0004,0.02699,0.03458,0.03795,0.04212,0.049,0.043553,0.00511,0.000361,0.03349,0.0403,0.0433,0.047,0.0542,0.3,0.0,0.0,0.3,0.3,0.3,0.3,0.3,0.037944,0.00566,0.0004,0.02699,0.03458,0.03795,0.04212,0.049,0.081497,0.01028,0.000727,0.06108,0.0746,0.0819,0.08875,0.10191
7.75,0.615005,0.01069,0.000756,0.5934,0.60708,0.61495,0.62212,0.63612,0.03906,0.00575,0.000407,0.0283,0.03545,0.0387,0.04332,0.0503,0.045936,0.00544,0.000385,0.03577,0.04227,0.04565,0.04942,0.05692,0.3,0.0,0.0,0.3,0.3,0.3,0.3,0.3,0.03906,0.00575,0.000407,0.0283,0.03545,0.0387,0.04332,0.0503,0.084995,0.01069,0.000756,0.06388,0.07788,0.08505,0.09292,0.1066
8.0,0.611422,0.01113,0.000787,0.58909,0.6033,0.61125,0.6185,0.63392,0.040217,0.00589,0.000416,0.0287,0.03688,0.03995,0.04452,0.0506,0.04836,0.00581,0.000411,0.03738,0.04427,0.0482,0.05182,0.06051,0.3,0.0,0.0,0.3,0.3,0.3,0.3,0.3,0.040217,0.00589,0.000416,0.0287,0.03688,0.03995,0.04452,0.0506,0.088578,0.01113,0.000787,0.06608,0.0815,0.08875,0.0967,0.1109
8.25,0.607903,0.01158,0.000819,0.5849,0.59968,0.6074,0.61522,0.63072,0.041228,0.006,0.000425,0.0301,0.03788,0.0411,0.0456,0.05191,0.050869,0.00613,0.000433,0.03956,0.04668,0.05035,0.05465,0.06361,0.3,0.0,0.0,0.3,0.3,0.3,0.3,0.3,0.041228,0.006,0.000425,0.0301,0.03788,0.0411,0.0456,0.05191,0.092096,0.01158,0.000819,0.06928,0.08478,0.0926,0.10032,0.1151
8.5,0.604242,0.01211,0.000857,0.58018,0.5959,0.60405,0.61215,0.62781,0.042279,0.0062,0.000439,0.03069,0.03825,0.0425,0.04645,0.05402,0.053479,0.0065,0.00046,0.04146,0.04895,0.0535,0.05795,0.06672,0.3,0.0,0.0,0.3,0.3,0.3,0.3,0.3,0.042279,0.0062,0.000439,0.03069,0.03825,0.0425,0.04645,0.05402,0.095758,0.01211,0.000857,0.07219,0.08785,0.09595,0.1041,0.11982
8.75,0.600495,0.01263,0.000893,0.57537,0.59168,0.59995,0.6086,0.62502,0.04329,0.00642,0.000454,0.03068,0.03908,0.0432,0.04758,0.05492,0.056214,0.00683,0.000483,0.04307,0.0514,0.0561,0.0612,0.06983,0.3,0.0,0.0,0.3,0.3,0.3,0.3,0.3,0.04329,0.00642,0.000454,0.03068,0.03908,0.0432,0.04758,0.05492,0.099505,0.01263,0.000893,0.07498,0.0914,0.10005,0.10832,0.12463
9.0,0.596743,0.0131,0.000927,0.56979,0.58785,0.5966,0.6049,0.62224,0.044307,0.0066,0.000466,0.03167,0.04018,0.044,0.04878,0.0571,0.05895,0.0072,0.000509,0.04508,0.05388,0.0588,0.0643,0.07362,0.3,0.0,0.0,0.3,0.3,0.3,0.3,0.3,0.044307,0.0066,0.000466,0.03167,0.04018,0.044,0.04878,0.0571,0.103257,0.0131,0.000927,0.07776,0.0951,0.1034,0.11215,0.13021
9.25,0.592893,0.01361,0.000962,0.56664,0.58365,0.5929,0.60078,0.61885,0.045345,0.00681,0.000481,0.03228,0.0408,0.0452,0.05025,0.0578,0.061762,0.00755,0.000534,0.04718,0.0564,0.0617,0.06725,0.07663,0.3,0.0,0.0,0.3,0.3,0.3,0.3,0.3,0.045345,0.00681,0.000481,0.03228,0.0408,0.0452,0.05025,0.0578,0.107107,0.01361,0.000962,0.08115,0.09922,0.1071,0.11635,0.13336
9.5,0.589033,0.01406,0.000994,0.56286,0.57953,0.5893,0.59768,0.61643,0.046337,0.00696,0.000492,0.03359,0.04177,0.04605,0.05102,0.0592,0.06463,0.00788,0.000557,0.04928,0.0589,0.0645,0.07008,0.08013,0.3,0.0,0.0,0.3,0.3,0.3,0.3,0.3,0.046337,0.00696,0.000492,0.03359,0.04177,0.04605,0.05102,0.0592,0.110967,0.01406,0.000994,0.08357,0.10232,0.1107,0.12048,0.13715
9.75,0.585134,0.01452,0.001027,0.55875,0.57465,0.5851,0.59432,0.61266,0.047341,0.00706,0.000499,0.03368,0.0426,0.0471,0.05198,0.0609,0.067524,0.00826,0.000584,0.05149,0.06148,0.06755,0.0734,0.08343,0.3,0.0,0.0,0.3,0.3,0.3,0.3,0.3,0.047341,0.00706,0.000499,0.03368,0.0426,0.0471,0.05198,0.0609,0.114866,0.01452,0.001027,0.08734,0.10568,0.1149,0.12535,0.14125
10.0,0.581095,0.01503,0.001063,0.55414,0.57018,0.58065,0.5907,0.60964,0.048363,0.00722,0.000511,0.03515,0.04358,0.04815,0.0536,0.06141,0.070542,0.00858,0.000606,0.05369,0.06445,0.0704,0.07642,0.08741,0.3,0.0,0.0,0.3,0.3,0.3,0.3,0.3,0.048363,0.00722,0.000511,0.03515,0.04358,0.04815,0.0536,0.06141,0.118905,0.01503,0.001063,0.09036,0.1093,0.11935,0.12982,0.14586
10.25,0.577046,0.01549,0.001095,0.54985,0.56555,0.5771,0.58722,0.60643,0.049367,0.00733,0.000518,0.03497,0.04432,0.04925,0.05475,0.06291,0.073587,0.00894,0.000632,0.05609,0.06715,0.07365,0.07972,0.09172,0.3,0.0,0.0,0.3,0.3,0.3,0.3,0.3,0.049367,0.00733,0.000518,0.03497,0.04432,0.04925,0.05475,0.06291,0.122954,0.01549,0.001095,0.09358,0.11277,0.1229,0.13445,0.15015
10.5,0.572996,0.01595,0.001128,0.54435,0.56118,0.57355,0.58353,0.60295,0.050262,0.00743,0.000526,0.0356,0.04532,0.0499,0.05568,0.06352,0.076742,0.00933,0.000659,0.05849,0.07,0.07655,0.0833,0.09444,0.3,0.0,0.0,0.3,0.3,0.3,0.3,0.3,0.050262,0.00743,0.000526,0.0356,0.04532,0.0499,0.05568,0.06352,0.127004,0.01595,0.001128,0.09705,0.11648,0.12645,0.13882,0.15565
10.75,0.56899,0.01642,0.001161,0.53936,0.55695,0.56925,0.5799,0.60074,0.051114,0.00758,0.000536,0.0364,0.0464,0.0507,0.05662,0.06511,0.079896,0.00969,0.000685,0.0609,0.07308,0.08,0.08662,0.09902,0.3,0.0,0.0,0.3,0.3,0.3,0.3,0.3,0.051114,0.00758,0.000536,0.0364,0.0464,0.0507,0.05662,0.06511,0.13101,0.01642,0.001161,0.09926,0.1201,0.13075,0.14305,0.16064
11.0,0.564862,0.01685,0.001192,0.53348,0.55265,0.5656,0.57587,0.59781,0.052043,0.00761,0.000538,0.03699,0.04745,0.0516,0.05703,0.06622,0.083094,0.01011,0.000715,0.06359,0.07618,0.08295,0.0902,0.10281,0.3,0.0,0.0,0.3,0.3,0.3,0.3,0.3,0.052043,0.00761,0.000538,0.03699,0.04745,0.0516,0.05703,0.06622,0.135138,0.01685,0.001192,0.10219,0.12413,0.1344,0.14735,0.16652
11.25,0.56064,0.01735,0.001227,0.52866,0.54828,0.56075,0.57202,0.59522,0.05302,0.00772,0.000546,0.0373,0.0478,0.0526,0.0581,0.06841,0.08634,0.01048,0.000741,0.06629,0.0793,0.0864,0.0939,0.10566,0.3,0.0,0.0,0.3,0.3,0.3,0.3,0.3,0.05302,0.00772,0.000546,0.0373,0.0478,0.0526,0.0581,0.06841,0.13936,0.01735,0.001227,0.10478,0.12798,0.13925,0.15172,0.17134
11.5,0.556423,0.01778,0.001257,0.52397,0.54355,0.55685,0.56812,0.5921,0.053894,0.00778,0.00055,0.03919,0.04868,0.0536,0.05932,0.0685,0.089683,0.01085,0.000767,0.06995,0.08233,0.09,0.0974,0.10955,0.3,0.0,0.0,0.3,0.3,0.3,0.3,0.3,0.053894,0.00778,0.00055,0.03919,0.04868,0.0536,0.05932,0.0685,0.143577,0.01778,0.001257,0.1079,0.13188,0.14315,0.15645,0.17603
11.75,0.55217,0.01824,0.00129,0.51879,0.5387,0.5525,0.56398,0.58851,0.054792,0.00782,0.000553,0.04056,0.04938,0.0547,0.06042,0.06895,0.093039,0.01129,0.000798,0.07333,0.0856,0.093,0.1016,0.11462,0.3,0.0,0.0,0.3,0.3,0.3,0.3,0.3,0.054792,0.00782,0.000553,0.04056,0.04938,0.0547,0.06042,0.06895,0.14783,0.01824,0.00129,0.1115,0.13602,0.1475,0.1613,0.18121
12.0,0.54797,0.01868,0.001321,0.51388,0.53478,0.5487,0.56038,0.58413,0.055612,0.00785,0.000555,0.04097,0.0498,0.0553,0.06122,0.07094,0.096418,0.01171,0.000828,0.07603,0.0889,0.09635,0.10465,0.11902,0.3,0.0,0.0,0.3,0.3,0.3,0.3,0.3,0.055612,0.00785,0.000555,0.04097,0.0498,0.0553,0.06122,0.07094,0.15203,0.01868,0.001321,0.11587,0.13962,0.1513,0.16522,0.18612
12.25,0.543752,0.01911,0.001351,0.50908,0.52982,0.54455,0.5567,0.58062,0.056316,0.00777,0.000549,0.04179,0.0508,0.05615,0.06215,0.07141,0.099931,0.01219,0.000862,0.07892,0.0919,0.10015,0.1089,0.12331,0.3,0.0,0.0,0.3,0.3,0.3,0.3,0.3,0.056316,0.00777,0.000549,0.04179,0.0508,0.05615,0.06215,0.07141,0.156248,0.01911,0.001351,0.11938,0.1433,0.15545,0.17018,0.19092
12.5,0.539608,0.01953,0.001381,0.50407,0.52582,0.54075,0.55255,0.5769,0.056933,0.0078,0.000552,0.04335,0.051,0.05675,0.06295,0.072,0.103458,0.01264,0.000894,0.08144,0.09528,0.1041,0.11272,0.12761,0.3,0.0,0.0,0.3,0.3,0.3,0.3,0.3,0.056933,0.0078,0.000552,0.04335,0.051,0.05675,0.06295,0.072,0.160392,0.01953,0.001381,0.1231,0.14745,0.15925,0.17418,0.19593
12.75,0.535438,0.01991,0.001408,0.49916,0.52168,0.53625,0.5491,0.57341,0.057522,0.00777,0.00055,0.04359,0.05198,0.05695,0.06312,0.0735,0.10704,0.01306,0.000923,0.08366,0.09828,0.1071,0.11678,0.13201,0.3,0.0,0.0,0.3,0.3,0.3,0.3,0.3,0.057522,0.00777,0.00055,0.04359,0.05198,0.05695,0.06312,0.0735,0.164562,0.01991,0.001408,0.12659,0.1509,0.16375,0.17832,0.20084
13.0,0.531135,0.02034,0.001438,0.49299,0.5177,0.53205,0.54585,0.56882,0.058286,0.00781,0.000552,0.04458,0.05258,0.0582,0.06415,0.07361,0.110578,0.01346,0.000952,0.08598,0.1015,0.11085,0.1208,0.1367,0.3,0.0,0.0,0.3,0.3,0.3,0.3,0.3,0.058286,0.00781,0.000552,0.04458,0.05258,0.0582,0.06415,0.07361,0.168865,0.02034,0.001438,0.13118,0.15415,0.16795,0.1823,0.207
13.25,0.526936,0.02071,0.001464,0.48899,0.51358,0.5278,0.542,0.56542,0.058824,0.00777,0.00055,0.04488,0.05255,0.0591,0.0645,0.07401,0.11424,0.01383,0.000978,0.08839,0.1049,0.11405,0.1245,0.14101,0.3,0.0,0.0,0.3,0.3,0.3,0.3,0.3,0.058824,0.00777,0.00055,0.04488,0.05255,0.0591,0.0645,0.07401,0.173065,0.02071,0.001464,0.13458,0.158,0.1722,0.18642,0.21101
13.5,0.522702,0.02111,0.001492,0.48419,0.50878,0.52365,0.53838,0.56125,0.059373,0.0079,0.000558,0.04529,0.0534,0.05915,0.065,0.07502,0.117924,0.01417,0.001002,0.09185,0.10852,0.1178,0.12882,0.14551,0.3,0.0,0.0,0.3,0.3,0.3,0.3,0.3,0.059373,0.0079,0.000558,0.04529,0.0534,0.05915,0.065,0.07502,0.177297,0.02111,0.001492,0.13875,0.16163,0.17635,0.19122,0.21581
13.75,0.518538,0.02129,0.001505,0.4792,0.50458,0.51965,0.534,0.55704,0.059717,0.00776,0.000549,0.0461,0.05355,0.05955,0.06482,0.07611,0.121744,0.01452,0.001027,0.09486,0.11218,0.1219,0.13292,0.14973,0.3,0.0,0.0,0.3,0.3,0.3,0.3,0.3,0.059717,0.00776,0.000549,0.0461,0.05355,0.05955,0.06482,0.07611,0.181461,0.02129,0.001505,0.14296,0.166,0.18035,0.19542,0.2208
14.0,0.514419,0.02161,0.001528,0.47528,0.50065,0.5155,0.53025,0.55354,0.060124,0.00766,0.000542,0.04677,0.0543,0.0599,0.065,0.07593,0.125456,0.01496,0.001058,0.09678,0.1161,0.12535,0.13722,0.15431,0.3,0.0,0.0,0.3,0.3,0.3,0.3,0.3,0.060124,0.00766,0.000542,0.04677,0.0543,0.0599,0.065,0.07593,0.18558,0.02161,0.001528,0.14646,0.16975,0.1845,0.19935,0.22472
14.25,0.510209,0.0219,0.001548,0.47018,0.49655,0.5107,0.5258,0.55051,0.06061,0.00762,0.000539,0.04708,0.05518,0.0607,0.0656,0.077,0.129181,0.01536,0.001086,0.09899,0.11958,0.12925,0.14105,0.15774,0.3,0.0,0.0,0.3,0.3,0.3,0.3,0.3,0.06061,0.00762,0.000539,0.04708,0.05518,0.0607,0.0656,0.077,0.189791,0.0219,0.001548,0.14949,0.1742,0.1893,0.20345,0.22982
14.5,0.506106,0.02208,0.001561,0.46539,0.49228,0.5068,0.52182,0.54691,0.060891,0.00747,0.000528,0.04698,0.0555,0.0606,0.0659,0.07681,0.133003,0.01576,0.001115,0.102,0.12325,0.13275,0.14545,0.16245,0.3,0.0,0.0,0.3,0.3,0.3,0.3,0.3,0.060891,0.00747,0.000528,0.04698,0.0555,0.0606,0.0659,0.07681,0.193893,0.02208,0.001561,0.15309,0.17818,0.1932,0.20772,0.23461
14.75,0.502027,0.02233,0.001579,0.46139,0.48722,0.5028,0.51805,0.54273,0.06121,0.00738,0.000522,0.04749,0.0562,0.061,0.0659,0.0768,0.136762,0.01614,0.001141,0.1051,0.1266,0.13655,0.14905,0.16715,0.3,0.0,0.0,0.3,0.3,0.3,0.3,0.3,0.06121,0.00738,0.000522,0.04749,0.0562,0.061,0.0659,0.0768,0.197973,0.02233,0.001579,0.15727,0.18195,0.1972,0.21278,0.23861
15.0,0.497998,0.02251,0.001592,0.45668,0.48327,0.4989,0.51428,0.53952,0.061348,0.00724,0.000512,0.0476,0.05618,0.06085,0.0662,0.0769,0.140654,0.01651,0.001167,0.10907,0.12998,0.1402,0.1535,0.17104,0.3,0.0,0.0,0.3,0.3,0.3,0.3,0.3,0.061348,0.00724,0.000512,0.0476,0.05618,0.06085,0.0662,0.0769,0.202002,0.02251,0.001592,0.16048,0.18573,0.2011,0.21672,0.24332
15.25,0.493923,0.02265,0.001602,0.4516,0.47918,0.4943,0.5097,0.53611,0.061672,0.00707,0.0005,0.04799,0.0566,0.06135,0.0659,0.0759,0.144406,0.01692,0.001196,0.11246,0.13318,0.1443,0.1571,0.17534,0.3,0.0,0.0,0.3,0.3,0.3,0.3,0.3,0.061672,0.00707,0.0005,0.04799,0.0566,0.06135,0.0659,0.0759,0.206078,0.02265,0.001602,0.16389,0.1903,0.2057,0.22082,0.2484
15.5,0.489953,0.02273,0.001607,0.44739,0.47488,0.49035,0.50547,0.53183,0.06183,0.00688,0.000487,0.04878,0.05737,0.0612,0.06655,0.07671,0.148217,0.01727,0.001221,0.11732,0.13677,0.14735,0.16063,0.17982,0.3,0.0,0.0,0.3,0.3,0.3,0.3,0.3,0.06183,0.00688,0.000487,0.04878,0.05737,0.0612,0.06655,0.07671,0.210047,0.02273,0.001607,0.16817,0.19452,0.20965,0.22512,0.25261
15.75,0.486004,0.02293,0.001621,0.44337,0.47118,0.48585,0.50175,0.52811,0.061909,0.00684,0.000483,0.04909,0.057,0.06185,0.06682,0.07632,0.152087,0.01753,0.00124,0.1209,0.1405,0.15145,0.1648,0.18372,0.3,0.0,0.0,0.3,0.3,0.3,0.3,0.3,0.061909,0.00684,0.000483,0.04909,0.057,0.06185,0.06682,0.07632,0.213995,0.02293,0.001621,0.17189,0.19825,0.21415,0.22882,0.25663
16.0,0.482089,0.02305,0.00163,0.43976,0.46683,0.4818,0.49732,0.52402,0.061971,0.00665,0.00047,0.04996,0.05748,0.062,0.0667,0.07562,0.15594,0.0179,0.001265,0.12528,0.14405,0.15555,0.16958,0.18802,0.3,0.0,0.0,0.3,0.3,0.3,0.3,0.3,0.061971,0.00665,0.00047,0.04996,0.05748,0.062,0.0667,0.07562,0.217911,0.02305,0.00163,0.17598,0.20268,0.2182,0.23318,0.26024
16.25,0.478186,0.02315,0.001637,0.43567,0.4629,0.47795,0.49392,0.52012,0.061986,0.0065,0.00046,0.04958,0.0576,0.06195,0.06623,0.07471,0.159828,0.01816,0.001284,0.12856,0.1477,0.1592,0.1734,0.19191,0.3,0.0,0.0,0.3,0.3,0.3,0.3,0.3,0.061986,0.0065,0.00046,0.04958,0.0576,0.06195,0.06623,0.07471,0.221814,0.02315,0.001637,0.17988,0.20608,0.22205,0.2371,0.26433
16.5,0.474365,0.02314,0.001636,0.43343,0.45908,0.4739,0.49002,0.51564,0.061871,0.00637,0.00045,0.04929,0.05728,0.0619,0.06562,0.07452,0.163764,0.01843,0.001303,0.13147,0.15232,0.1628,0.177,0.197,0.3,0.0,0.0,0.3,0.3,0.3,0.3,0.3,0.061871,0.00637,0.00045,0.04929,0.05728,0.0619,0.06562,0.07452,0.225635,0.02314,0.001636,0.18436,0.20998,0.2261,0.24092,0.26657
16.75,0.470512,0.02319,0.00164,0.42996,0.45535,0.46995,0.4862,0.51214,0.061863,0.00622,0.00044,0.0495,0.0575,0.06185,0.066,0.07352,0.167626,0.01877,0.001327,0.13535,0.15585,0.1668,0.1806,0.20071,0.3,0.0,0.0,0.3,0.3,0.3,0.3,0.3,0.061863,0.00622,0.00044,0.0495,0.0575,0.06185,0.066,0.07352,0.229488,0.02319,0.00164,0.18786,0.2138,0.23005,0.24465,0.27005
17.0,0.466833,0.02315,0.001637,0.42589,0.4514,0.4666,0.48242,0.50874,0.061696,0.006,0.000425,0.0497,0.0573,0.06155,0.0659,0.0727,0.171472,0.01905,0.001347,0.13884,0.15928,0.171,0.18488,0.2054,0.3,0.0,0.0,0.3,0.3,0.3,0.3,0.3,0.061696,0.006,0.000425,0.0497,0.0573,0.06155,0.0659,0.0727,0.233168,0.02315,0.001637,0.19126,0.21758,0.2334,0.2486,0.27411
17.25,0.46314,0.02314,0.001636,0.42179,0.44697,0.46265,0.4781,0.50511,0.061574,0.00584,0.000413,0.04989,0.0576,0.0615,0.0659,0.0726,0.175286,0.01929,0.001364,0.14186,0.16288,0.1745,0.1887,0.20943,0.3,0.0,0.0,0.3,0.3,0.3,0.3,0.3,0.061574,0.00584,0.000413,0.04989,0.0576,0.0615,0.0659,0.0726,0.236859,0.02314,0.001636,0.19489,0.2219,0.23735,0.25302,0.27821
17.5,0.459546,0.02323,0.001642,0.4175,0.44288,0.4586,0.47485,0.50153,0.061335,0.00581,0.000411,0.0497,0.0571,0.0612,0.0657,0.07171,0.17912,0.01956,0.001383,0.14486,0.16675,0.1783,0.19245,0.21383,0.3,0.0,0.0,0.3,0.3,0.3,0.3,0.3,0.061335,0.00581,0.000411,0.0497,0.0571,0.0612,0.0657,0.07171,0.240454,0.02323,0.001642,0.19847,0.22515,0.2414,0.25712,0.2825
17.75,0.456083,0.02318,0.001639,0.41389,0.4393,0.4552,0.47122,0.49833,0.06101,0.00567,0.000401,0.04969,0.05748,0.0604,0.06502,0.07142,0.182907,0.01976,0.001397,0.14789,0.1708,0.1824,0.196,0.21752,0.3,0.0,0.0,0.3,0.3,0.3,0.3,0.3,0.06101,0.00567,0.000401,0.04969,0.05748,0.0604,0.06502,0.07142,0.243917,0.02318,0.001639,0.20167,0.22878,0.2448,0.2607,0.28611
18.0,0.45259,0.02313,0.001636,0.41019,0.4355,0.45165,0.46782,0.49485,0.060727,0.00555,0.000392,0.05009,0.05708,0.0605,0.06462,0.07081,0.186683,0.01994,0.00141,0.15139,0.17373,0.1858,0.19942,0.22182,0.3,0.0,0.0,0.3,0.3,0.3,0.3,0.3,0.060727,0.00555,0.000392,0.05009,0.05708,0.0605,0.06462,0.07081,0.24741,0.02313,0.001636,0.20515,0.23218,0.24835,0.2645,0.28981
18.25,0.449213,0.02308,0.001632,0.40846,0.4326,0.448,0.46408,0.49213,0.060359,0.00535,0.000378,0.05059,0.05687,0.06005,0.06388,0.07002,0.190427,0.02021,0.001429,0.15449,0.17738,0.1894,0.2037,0.2262,0.3,0.0,0.0,0.3,0.3,0.3,0.3,0.3,0.060359,0.00535,0.000378,0.05059,0.05687,0.06005,0.06388,0.07002,0.250787,0.02308,0.001632,0.20787,0.23592,0.252,0.2674,0.29154
18.5,0.445795,0.02293,0.001622,0.40506,0.4293,0.44455,0.46065,0.48892,0.059965,0.00526,0.000372,0.05019,0.0565,0.05955,0.0642,0.0701,0.19424,0.02037,0.00144,0.15801,0.18142,0.1937,0.20772,0.23083,0.3,0.0,0.0,0.3,0.3,0.3,0.3,0.3,0.059965,0.00526,0.000372,0.05019,0.0565,0.05955,0.0642,0.0701,0.254205,0.02293,0.001622,0.21108,0.23935,0.25545,0.2707,0.29494
18.75,0.442416,0.02285,0.001615,0.40205,0.4263,0.44125,0.45605,0.48612,0.059632,0.00522,0.000369,0.05009,0.05598,0.05955,0.0634,0.0688,0.197952,0.02048,0.001448,0.16189,0.18497,0.19775,0.21102,0.23385,0.3,0.0,0.0,0.3,0.3,0.3,0.3,0.3,0.059632,0.00522,0.000369,0.05009,0.05598,0.05955,0.0634,0.0688,0.257585,0.02285,0.001615,0.21388,0.24395,0.25875,0.2737,0.29795
19.0,0.439195,0.02277,0.00161,0.39864,0.42248,0.4379,0.45215,0.48384,0.059175,0.00516,0.000365,0.04999,0.0557,0.05885,0.0628,0.06852,0.20163,0.02056,0.001454,0.1644,0.18868,0.20135,0.21503,0.23754,0.3,0.0,0.0,0.3,0.3,0.3,0.3,0.3,0.059175,0.00516,0.000365,0.04999,0.0557,0.05885,0.0628,0.06852,0.260804,0.02277,0.00161,0.21616,0.24785,0.2621,0.27753,0.30136
19.25,0.436028,0.02261,0.001599,0.3963,0.4194,0.4344,0.44935,0.48034,0.058698,0.00509,0.00036,0.0498,0.0556,0.0582,0.06242,0.06812,0.205275,0.02068,0.001462,0.16683,0.19205,0.2049,0.2186,0.24134,0.3,0.0,0.0,0.3,0.3,0.3,0.3,0.3,0.058698,0.00509,0.00036,0.0498,0.0556,0.0582,0.06242,0.06812,0.263973,0.02261,0.001599,0.21966,0.25065,0.2656,0.2806,0.3037
19.5,0.432908,0.02252,0.001592,0.3939,0.4165,0.43155,0.44635,0.47841,0.058165,0.00506,0.000358,0.04958,0.0551,0.05735,0.0619,0.06771,0.208928,0.02076,0.001468,0.17014,0.1954,0.20885,0.2229,0.24601,0.3,0.0,0.0,0.3,0.3,0.3,0.3,0.3,0.058165,0.00506,0.000358,0.04958,0.0551,0.05735,0.0619,0.06771,0.267092,0.02252,0.001592,0.22159,0.25365,0.26845,0.2835,0.3061
19.75,0.429839,0.02232,0.001578,0.39014,0.41398,0.42875,0.44263,0.4752,0.057553,0.00504,0.000357,0.0491,0.05408,0.0569,0.06142,0.0678,0.212607,0.02085,0.001475,0.1722,0.1995,0.2128,0.22665,0.24874,0.3,0.0,0.0,0.3,0.3,0.3,0.3,0.3,0.057553,0.00504,0.000357,0.0491,0.05408,0.0569,0.06142,0.0678,0.270161,0.02232,0.001578,0.2248,0.25738,0.27125,0.28602,0.30986
20.0,0.426894,0.02221,0.00157,0.38773,0.41178,0.4254,0.43992,0.4718,0.056928,0.00501,0.000354,0.0476,0.05368,0.0565,0.0606,0.06701,0.216178,0.02085,0.001475,0.17696,0.20325,0.2165,0.2298,0.25195,0.3,0.0,0.0,0.3,0.3,0.3,0.3,0.3,0.056928,0.00501,0.000354,0.0476,0.05368,0.0565,0.0606,0.06701,0.273106,0.02221,0.00157,0.2282,0.26008,0.2746,0.28822,0.31227
20.25,0.423985,0.02211,0.001563,0.38583,0.40865,0.4226,0.43682,0.46864,0.056273,0.00492,0.000348,0.04698,0.0533,0.05565,0.05975,0.06571,0.219742,0.02081,0.001471,0.18028,0.2069,0.22,0.23357,0.25494,0.3,0.0,0.0,0.3,0.3,0.3,0.3,0.3,0.056273,0.00492,0.000348,0.04698,0.0533,0.05565,0.05975,0.06571,0.276015,0.02211,0.001563,0.23136,0.26318,0.2774,0.29135,0.31417
20.5,0.421094,0.02198,0.001554,0.38312,0.4055,0.42005,0.4338,0.46485,0.055719,0.00497,0.000352,0.04666,0.05248,0.0557,0.0591,0.06601,0.223188,0.02073,0.001466,0.18319,0.2107,0.2233,0.23678,0.25921,0.3,0.0,0.0,0.3,0.3,0.3,0.3,0.3,0.055719,0.00497,0.000352,0.04666,0.05248,0.0557,0.0591,0.06601,0.278906,0.02198,0.001554,0.23515,0.2662,0.27995,0.2945,0.31688
20.75,0.418313,0.0219,0.001549,0.3809,0.40288,0.41735,0.43072,0.46116,0.055035,0.00498,0.000352,0.04577,0.05177,0.05485,0.0584,0.06432,0.226652,0.02082,0.001472,0.18698,0.2141,0.2269,0.24035,0.263,0.3,0.0,0.0,0.3,0.3,0.3,0.3,0.3,0.055035,0.00498,0.000352,0.04577,0.05177,0.05485,0.0584,0.06432,0.281687,0.0219,0.001549,0.23884,0.26928,0.28265,0.29712,0.3191
21.0,0.415552,0.02178,0.00154,0.37813,0.40062,0.41485,0.42815,0.45786,0.054336,0.00507,0.000358,0.04479,0.05095,0.0542,0.05785,0.0644,0.230112,0.02087,0.001476,0.19035,0.21728,0.23005,0.24395,0.2666,0.3,0.0,0.0,0.3,0.3,0.3,0.3,0.3,0.054336,0.00507,0.000358,0.04479,0.05095,0.0542,0.05785,0.0644,0.284448,0.02178,0.00154,0.24214,0.27185,0.28515,0.29938,0.32187
21.25,0.412884,0.02165,0.001531,0.37564,0.39837,0.41235,0.42542,0.45497,0.053577,0.005,0.000354,0.04438,0.05018,0.0535,0.0571,0.06293,0.233538,0.02089,0.001477,0.19376,0.22058,0.23405,0.24762,0.27051,0.3,0.0,0.0,0.3,0.3,0.3,0.3,0.3,0.053577,0.005,0.000354,0.04438,0.05018,0.0535,0.0571,0.06293,0.287116,0.02165,0.001531,0.24503,0.27458,0.28765,0.30162,0.32436
21.5,0.410269,0.02144,0.001516,0.37286,0.39618,0.40975,0.42285,0.45184,0.052896,0.00495,0.00035,0.0438,0.04948,0.05295,0.0561,0.06241,0.236836,0.02092,0.001479,0.19675,0.22435,0.2375,0.25145,0.27361,0.3,0.0,0.0,0.3,0.3,0.3,0.3,0.3,0.052896,0.00495,0.00035,0.0438,0.04948,0.05295,0.0561,0.06241,0.289732,0.02144,0.001516,0.24816,0.27715,0.29025,0.30382,0.32714
21.75,0.407762,0.02124,0.001502,0.36999,0.39417,0.40695,0.42088,0.44868,0.052113,0.00492,0.000348,0.0435,0.04888,0.05215,0.0554,0.0617,0.240124,0.02084,0.001474,0.20006,0.2273,0.2411,0.25472,0.27721,0.3,0.0,0.0,0.3,0.3,0.3,0.3,0.3,0.052113,0.00492,0.000348,0.0435,0.04888,0.05215,0.0554,0.0617,0.292238,0.02124,0.001502,0.25133,0.27912,0.29305,0.30582,0.33001
22.0,0.40529,0.02109,0.001492,0.36817,0.39185,0.40465,0.4179,0.44608,0.051368,0.00494,0.000349,0.04209,0.04807,0.0514,0.05472,0.0606,0.243342,0.02086,0.001475,0.20289,0.2306,0.2439,0.25912,0.28111,0.3,0.0,0.0,0.3,0.3,0.3,0.3,0.3,0.051368,0.00494,0.000349,0.04209,0.04807,0.0514,0.05472,0.0606,0.29471,0.02109,0.001492,0.25392,0.2821,0.29535,0.30815,0.33183
22.25,0.402897,0.02095,0.001481,0.36655,0.38958,0.40265,0.41498,0.44339,0.050586,0.00486,0.000343,0.0415,0.0472,0.0505,0.05402,0.05921,0.246516,0.02086,0.001475,0.2052,0.23375,0.24695,0.26232,0.2844,0.3,0.0,0.0,0.3,0.3,0.3,0.3,0.3,0.050586,0.00486,0.000343,0.0415,0.0472,0.0505,0.05402,0.05921,0.297103,0.02095,0.001481,0.25662,0.28503,0.29735,0.31042,0.33345
22.5,0.400554,0.02077,0.001469,0.36562,0.38755,0.3998,0.41262,0.44041,0.049771,0.00486,0.000344,0.04127,0.04642,0.0499,0.05292,0.05841,0.249675,0.0209,0.001478,0.20868,0.2368,0.2499,0.2648,0.28691,0.3,0.0,0.0,0.3,0.3,0.3,0.3,0.3,0.049771,0.00486,0.000344,0.04127,0.04642,0.0499,0.05292,0.05841,0.299446,0.02077,0.001469,0.25959,0.28738,0.3002,0.31245,0.33438
22.75,0.398281,0.02059,0.001456,0.36246,0.38495,0.3975,0.40982,0.43741,0.048983,0.00489,0.000346,0.03949,0.04558,0.0491,0.05195,0.05821,0.252736,0.02082,0.001472,0.21139,0.23985,0.2529,0.26782,0.28983,0.3,0.0,0.0,0.3,0.3,0.3,0.3,0.3,0.048983,0.00489,0.000346,0.03949,0.04558,0.0491,0.05195,0.05821,0.301719,0.02059,0.001456,0.26259,0.29018,0.3025,0.31505,0.33755
23.0,0.396066,0.02049,0.001449,0.35988,0.38235,0.39545,0.4081,0.4356,0.048165,0.00485,0.000343,0.03909,0.04475,0.0482,0.0515,0.05671,0.255768,0.02085,0.001474,0.2141,0.24272,0.2564,0.2704,0.2929,0.3,0.0,0.0,0.3,0.3,0.3,0.3,0.3,0.048165,0.00485,0.000343,0.03909,0.04475,0.0482,0.0515,0.05671,0.303934,0.02049,0.001449,0.2644,0.2919,0.30455,0.31765,0.34012
23.25,0.393908,0.02034,0.001438,0.3567,0.38022,0.39305,0.40548,0.43389,0.047356,0.00482,0.000341,0.03828,0.04385,0.0475,0.05023,0.05611,0.258735,0.0208,0.001471,0.2173,0.2452,0.25955,0.27412,0.29512,0.3,0.0,0.0,0.3,0.3,0.3,0.3,0.3,0.047356,0.00482,0.000341,0.03828,0.04385,0.0475,0.05023,0.05611,0.306092,0.02034,0.001438,0.26611,0.29453,0.30695,0.31977,0.3433
23.5,0.391792,0.02022,0.00143,0.35459,0.37852,0.391,0.4031,0.4312,0.046588,0.00488,0.000345,0.03768,0.0431,0.0467,0.04973,0.05521,0.261619,0.02067,0.001462,0.2202,0.2491,0.2625,0.27722,0.29751,0.3,0.0,0.0,0.3,0.3,0.3,0.3,0.3,0.046588,0.00488,0.000345,0.03768,0.0431,0.0467,0.04973,0.05521,0.308207,0.02022,0.00143,0.2688,0.2969,0.309,0.32148,0.34541
23.75,0.389782,0.0201,0.001421,0.35339,0.37662,0.3889,0.40078,0.42931,0.045695,0.00489,0.000346,0.03678,0.04188,0.04565,0.04903,0.05472,0.264522,0.02061,0.001457,0.22357,0.252,0.26605,0.2796,0.29952,0.3,0.0,0.0,0.3,0.3,0.3,0.3,0.3,0.045695,0.00489,0.000346,0.03678,0.04188,0.04565,0.04903,0.05472,0.310218,0.0201,0.001421,0.27069,0.29923,0.3111,0.32338,0.34661
24.0,0.387761,0.01998,0.001413,0.35208,0.37465,0.38665,0.3986,0.42777,0.044842,0.00494,0.000349,0.03589,0.041,0.0449,0.04832,0.05422,0.267397,0.02054,0.001452,0.22666,0.2551,0.2688,0.2821,0.30311,0.3,0.0,0.0,0.3,0.3,0.3,0.3,0.3,0.044842,0.00494,0.000349,0.03589,0.041,0.0449,0.04832,0.05422,0.312239,0.01998,0.001413,0.27223,0.3014,0.31335,0.32535,0.34792
24.25,0.385814,0.01984,0.001403,0.35116,0.3725,0.3847,0.39692,0.42498,0.044023,0.00486,0.000343,0.0344,0.04038,0.044,0.04732,0.054,0.270164,0.02046,0.001446,0.22984,0.25798,0.27125,0.28488,0.30642,0.3,0.0,0.0,0.3,0.3,0.3,0.3,0.3,0.044023,0.00486,0.000343,0.0344,0.04038,0.044,0.04732,0.054,0.314186,0.01984,0.001403,0.27502,0.30308,0.3153,0.3275,0.34884
24.5,0.383917,0.01969,0.001392,0.34937,0.37122,0.38305,0.39502,0.42306,0.043204,0.0048,0.000339,0.0338,0.03968,0.04305,0.04652,0.05272,0.272878,0.0204,0.001443,0.23188,0.26075,0.27385,0.2873,0.30883,0.3,0.0,0.0,0.3,0.3,0.3,0.3,0.3,0.043204,0.0048,0.000339,0.0338,0.03968,0.04305,0.04652,0.05272,0.316083,0.01969,0.001392,0.27694,0.30498,0.31695,0.32878,0.35063
24.75,0.382081,0.01953,0.001381,0.34805,0.3694,0.38105,0.3934,0.42097,0.042371,0.0048,0.00034,0.0334,0.03878,0.0423,0.04552,0.0522,0.275548,0.02035,0.001439,0.23489,0.26302,0.27605,0.28955,0.31114,0.3,0.0,0.0,0.3,0.3,0.3,0.3,0.3,0.042371,0.0048,0.00034,0.0334,0.03878,0.0423,0.04552,0.0522,0.317919,0.01953,0.001381,0.27903,0.3066,0.31895,0.3306,0.35195
25.0,0.380318,0.01941,0.001372,0.34666,0.36768,0.37905,0.3919,0.41956,0.041508,0.00486,0.000344,0.0326,0.03797,0.04155,0.04512,0.05171,0.278174,0.02028,0.001434,0.23728,0.26585,0.27895,0.29192,0.31402,0.3,0.0,0.0,0.3,0.3,0.3,0.3,0.3,0.041508,0.00486,0.000344,0.0326,0.03797,0.04155,0.04512,0.05171,0.319683,0.01941,0.001372,0.28044,0.3081,0.32095,0.33232,0.35334
25.25,0.378585,0.01927,0.001363,0.34496,0.3655,0.37745,0.39002,0.41814,0.040676,0.00486,0.000343,0.032,0.0371,0.04055,0.04402,0.04992,0.28074,0.02014,0.001424,0.24075,0.2682,0.2813,0.2941,0.31593,0.3,0.0,0.0,0.3,0.3,0.3,0.3,0.3,0.040676,0.00486,0.000343,0.032,0.0371,0.04055,0.04402,0.04992,0.321416,0.01927,0.001363,0.28186,0.30998,0.32255,0.3345,0.35504
25.5,0.376912,0.01914,0.001354,0.34337,0.36428,0.37585,0.38832,0.41624,0.039846,0.00488,0.000345,0.031,0.03635,0.03985,0.04345,0.04991,0.283242,0.02008,0.00142,0.24364,0.27075,0.28375,0.29632,0.31882,0.3,0.0,0.0,0.3,0.3,0.3,0.3,0.3,0.039846,0.00488,0.000345,0.031,0.03635,0.03985,0.04345,0.04991,0.323088,0.01914,0.001354,0.28376,0.31167,0.32415,0.33572,0.35663
25.75,0.37526,0.01899,0.001343,0.34208,0.36248,0.37415,0.38655,0.41452,0.039036,0.00478,0.000338,0.0301,0.0353,0.0389,0.0426,0.04832,0.285704,0.02004,0.001417,0.24653,0.27312,0.28605,0.29817,0.32061,0.3,0.0,0.0,0.3,0.3,0.3,0.3,0.3,0.039036,0.00478,0.000338,0.0301,0.0353,0.0389,0.0426,0.04832,0.32474,0.01899,0.001343,0.28548,0.31345,0.32585,0.33753,0.35792
26.0,0.373696,0.0189,0.001336,0.3406,0.36078,0.3727,0.38502,0.41311,0.038159,0.00478,0.000338,0.0295,0.03478,0.0382,0.0417,0.0478,0.288145,0.01996,0.001411,0.24854,0.27575,0.2886,0.30117,0.3234,0.3,0.0,0.0,0.3,0.3,0.3,0.3,0.3,0.038159,0.00478,0.000338,0.0295,0.03478,0.0382,0.0417,0.0478,0.326304,0.0189,0.001336,0.28689,0.31498,0.3273,0.33922,0.3594
26.25,0.372083,0.01878,0.001328,0.3392,0.35938,0.371,0.38382,0.4113,0.037355,0.00481,0.00034,0.0287,0.0336,0.03725,0.0407,0.04762,0.290562,0.01989,0.001406,0.25036,0.2786,0.29075,0.3034,0.32552,0.3,0.0,0.0,0.3,0.3,0.3,0.3,0.3,0.037355,0.00481,0.00034,0.0287,0.0336,0.03725,0.0407,0.04762,0.327916,0.01878,0.001328,0.2887,0.31618,0.329,0.34062,0.3608
26.5,0.370582,0.01868,0.001321,0.3378,0.358,0.36955,0.382,0.40912,0.036606,0.00481,0.00034,0.0275,0.03295,0.0366,0.03982,0.04633,0.292812,0.01982,0.001402,0.25179,0.28075,0.2931,0.30542,0.3287,0.3,0.0,0.0,0.3,0.3,0.3,0.3,0.3,0.036606,0.00481,0.00034,0.0275,0.03295,0.0366,0.03982,0.04633,0.329418,0.01868,0.001321,0.29088,0.318,0.33045,0.342,0.3622
26.75,0.36913,0.0186,0.001315,0.3364,0.35688,0.36835,0.38048,0.4075,0.035787,0.00482,0.000341,0.0267,0.03217,0.0358,0.03882,0.04582,0.295082,0.01975,0.001396,0.2538,0.28258,0.29545,0.3072,0.33061,0.3,0.0,0.0,0.3,0.3,0.3,0.3,0.3,0.035787,0.00482,0.000341,0.0267,0.03217,0.0358,0.03882,0.04582,0.33087,0.0186,0.001315,0.29249,0.31952,0.33165,0.34312,0.3636
27.0,0.367705,0.01846,0.001306,0.3354,0.35532,0.3671,0.3786,0.40503,0.034989,0.00481,0.00034,0.02598,0.03148,0.0349,0.0384,0.0453,0.297306,0.01965,0.001389,0.25648,0.2853,0.29775,0.30975,0.33231,0.3,0.0,0.0,0.3,0.3,0.3,0.3,0.3,0.034989,0.00481,0.00034,0.02598,0.03148,0.0349,0.0384,0.0453,0.332296,0.01846,0.001306,0.29497,0.3214,0.3329,0.34468,0.3646
27.25,0.366353,0.01835,0.001298,0.33429,0.35387,0.366,0.37662,0.40333,0.034106,0.00478,0.000338,0.02529,0.0304,0.0343,0.0374,0.04362,0.299541,0.01948,0.001378,0.25908,0.28765,0.3,0.31212,0.33381,0.3,0.0,0.0,0.3,0.3,0.3,0.3,0.3,0.034106,0.00478,0.000338,0.02529,0.0304,0.0343,0.0374,0.04362,0.333647,0.01835,0.001298,0.29667,0.32338,0.334,0.34612,0.36571
27.5,0.365047,0.01825,0.001291,0.333,0.35258,0.36495,0.3752,0.40212,0.03329,0.00477,0.000337,0.02439,0.02962,0.0333,0.03652,0.0424,0.301663,0.01936,0.001369,0.26109,0.2899,0.3019,0.31422,0.3359,0.3,0.0,0.0,0.3,0.3,0.3,0.3,0.3,0.03329,0.00477,0.000337,0.02439,0.02962,0.0333,0.03652,0.0424,0.334953,0.01825,0.001291,0.29788,0.3248,0.33505,0.34742,0.367
27.75,0.363758,0.01813,0.001282,0.3318,0.35135,0.36365,0.37428,0.4008,0.032515,0.00473,0.000335,0.0242,0.02888,0.03235,0.036,0.0414,0.303726,0.01926,0.001362,0.26269,0.29198,0.304,0.31638,0.3381,0.3,0.0,0.0,0.3,0.3,0.3,0.3,0.3,0.032515,0.00473,0.000335,0.0242,0.02888,0.03235,0.036,0.0414,0.336242,0.01813,0.001282,0.2992,0.32572,0.33635,0.34865,0.36821
28.0,0.362512,0.01795,0.001269,0.3306,0.35045,0.36255,0.37282,0.3993,0.031755,0.00468,0.000331,0.02339,0.02818,0.0319,0.0349,0.0409,0.305733,0.01912,0.001352,0.2653,0.29395,0.306,0.31835,0.34011,0.3,0.0,0.0,0.3,0.3,0.3,0.3,0.3,0.031755,0.00468,0.000331,0.02339,0.02818,0.0319,0.0349,0.0409,0.337488,0.01795,0.001269,0.3007,0.32718,0.33745,0.34955,0.3694
28.25,0.361272,0.01785,0.001262,0.32939,0.34928,0.361,0.37122,0.39781,0.031015,0.00473,0.000335,0.0224,0.02748,0.0309,0.0345,0.0405,0.307714,0.01903,0.001346,0.2678,0.29658,0.3077,0.32015,0.34231,0.3,0.0,0.0,0.3,0.3,0.3,0.3,0.3,0.031015,0.00473,0.000335,0.0224,0.02748,0.0309,0.0345,0.0405,0.338729,0.01785,0.001262,0.30219,0.32878,0.339,0.35072,0.37061
28.5,0.360101,0.01771,0.001252,0.3279,0.34798,0.35995,0.36975,0.39641,0.030256,0.0047,0.000332,0.02199,0.02675,0.0301,0.03352,0.0395,0.309642,0.01898,0.001342,0.27009,0.2983,0.3099,0.32222,0.34461,0.3,0.0,0.0,0.3,0.3,0.3,0.3,0.3,0.030256,0.0047,0.000332,0.02199,0.02675,0.0301,0.03352,0.0395,0.339899,0.01771,0.001252,0.30359,0.33025,0.34005,0.35202,0.3721
28.75,0.358961,0.0176,0.001244,0.3269,0.34745,0.35895,0.36855,0.3951,0.02946,0.00463,0.000327,0.0212,0.02608,0.02935,0.03255,0.03881,0.311578,0.01884,0.001332,0.27218,0.3007,0.31195,0.32418,0.34612,0.3,0.0,0.0,0.3,0.3,0.3,0.3,0.3,0.02946,0.00463,0.000327,0.0212,0.02608,0.02935,0.03255,0.03881,0.341038,0.0176,0.001244,0.3049,0.33145,0.34105,0.35255,0.3731
29.0,0.357874,0.0175,0.001237,0.32619,0.34652,0.3582,0.3679,0.3938,0.028717,0.00457,0.000323,0.02089,0.02535,0.0284,0.03175,0.03781,0.31341,0.01871,0.001323,0.27467,0.3028,0.3141,0.32572,0.3481,0.3,0.0,0.0,0.3,0.3,0.3,0.3,0.3,0.028717,0.00457,0.000323,0.02089,0.02535,0.0284,0.03175,0.03781,0.342126,0.0175,0.001237,0.3062,0.3321,0.3418,0.35348,0.37381
29.25,0.356836,0.0174,0.00123,0.32519,0.34518,0.35725,0.36722,0.39251,0.027946,0.00454,0.000321,0.0202,0.02458,0.02785,0.03105,0.03643,0.315219,0.01861,0.001316,0.27647,0.3043,0.31545,0.32722,0.35001,0.3,0.0,0.0,0.3,0.3,0.3,0.3,0.3,0.027946,0.00454,0.000321,0.0202,0.02458,0.02785,0.03105,0.03643,0.343165,0.0174,0.00123,0.30749,0.33278,0.34275,0.35482,0.37481
29.5,0.355828,0.01729,0.001223,0.32449,0.3444,0.3566,0.3661,0.39073,0.027224,0.00444,0.000314,0.01969,0.024,0.0272,0.03022,0.03612,0.316948,0.0185,0.001308,0.27729,0.30623,0.3172,0.3295,0.35101,0.3,0.0,0.0,0.3,0.3,0.3,0.3,0.3,0.027224,0.00444,0.000314,0.01969,0.024,0.0272,0.03022,0.03612,0.344172,0.01729,0.001223,0.30927,0.3339,0.3434,0.3556,0.37551
29.75,0.354862,0.01721,0.001217,0.3237,0.34382,0.3556,0.36465,0.38991,0.026562,0.00438,0.00031,0.0187,0.02348,0.0265,0.0296,0.0357,0.318576,0.01841,0.001302,0.2794,0.30778,0.31895,0.33095,0.3527,0.3,0.0,0.0,0.3,0.3,0.3,0.3,0.3,0.026562,0.00438,0.00031,0.0187,0.02348,0.0265,0.0296,0.0357,0.345138,0.01721,0.001217,0.31009,0.33535,0.3444,0.35618,0.3763
30.0,0.353852,0.01713,0.001211,0.32279,0.34268,0.35465,0.36368,0.3887,0.025957,0.00437,0.000309,0.01828,0.02278,0.0258,0.02902,0.03461,0.32019,0.01828,0.001292,0.28109,0.30952,0.32085,0.33258,0.35382,0.3,0.0,0.0,0.3,0.3,0.3,0.3,0.3,0.025957,0.00437,0.000309,0.01828,0.02278,0.0258,0.02902,0.03461,0.346148,0.01713,0.001211,0.3113,0.33632,0.34535,0.35732,0.37721
30.25,0.35292,0.01703,0.001204,0.3219,0.34145,0.3539,0.36272,0.3876,0.025268,0.00426,0.000301,0.0176,0.02238,0.02505,0.02815,0.03371,0.321812,0.01815,0.001283,0.28378,0.31152,0.3222,0.33455,0.35521,0.3,0.0,0.0,0.3,0.3,0.3,0.3,0.3,0.025268,0.00426,0.000301,0.0176,0.02238,0.02505,0.02815,0.03371,0.34708,0.01703,0.001204,0.3124,0.33728,0.3461,0.35855,0.3781
30.5,0.352016,0.01697,0.0012,0.3213,0.34038,0.3528,0.36122,0.38641,0.024591,0.00427,0.000302,0.01749,0.02168,0.0244,0.02762,0.03232,0.323394,0.01806,0.001277,0.2852,0.31315,0.32425,0.33583,0.35641,0.3,0.0,0.0,0.3,0.3,0.3,0.3,0.3,0.024591,0.00427,0.000302,0.01749,0.02168,0.0244,0.02762,0.03232,0.347984,0.01697,0.0012,0.31359,0.33878,0.3472,0.35962,0.3787
30.75,0.351174,0.0169,0.001195,0.3206,0.3399,0.35175,0.36052,0.38502,0.02389,0.00416,0.000294,0.0165,0.02108,0.0239,0.02662,0.03181,0.324936,0.01796,0.00127,0.2872,0.31475,0.3256,0.33755,0.35771,0.3,0.0,0.0,0.3,0.3,0.3,0.3,0.3,0.02389,0.00416,0.000294,0.0165,0.02108,0.0239,0.02662,0.03181,0.348826,0.0169,0.001195,0.31498,0.33948,0.34825,0.3601,0.3794
31.0,0.350359,0.01681,0.001189,0.3199,0.33928,0.3508,0.3596,0.38402,0.023232,0.00409,0.000289,0.0162,0.02048,0.02305,0.0259,0.0317,0.326409,0.01787,0.001263,0.28918,0.31638,0.32735,0.3389,0.35882,0.3,0.0,0.0,0.3,0.3,0.3,0.3,0.3,0.023232,0.00409,0.000289,0.0162,0.02048,0.02305,0.0259,0.0317,0.349641,0.01681,0.001189,0.31598,0.3404,0.3492,0.36072,0.3801
31.25,0.349532,0.01677,0.001186,0.31919,0.3381,0.34995,0.35872,0.38342,0.022663,0.00402,0.000284,0.01599,0.01988,0.0225,0.0253,0.0311,0.327804,0.0178,0.001259,0.29088,0.3178,0.32835,0.34032,0.35983,0.3,0.0,0.0,0.3,0.3,0.3,0.3,0.3,0.022663,0.00402,0.000284,0.01599,0.01988,0.0225,0.0253,0.0311,0.350468,0.01677,0.001186,0.31658,0.34128,0.35005,0.3619,0.38081
31.5,0.348732,0.01669,0.00118,0.3185,0.33742,0.34915,0.3576,0.38273,0.022017,0.00402,0.000284,0.01529,0.01928,0.0218,0.02482,0.03011,0.329251,0.01767,0.00125,0.29306,0.31927,0.3295,0.34167,0.36122,0.3,0.0,0.0,0.3,0.3,0.3,0.3,0.3,0.022017,0.00402,0.000284,0.01529,0.01928,0.0218,0.02482,0.03011,0.351268,0.01669,0.00118,0.31727,0.3424,0.35085,0.36258,0.38151
31.75,0.347969,0.01658,0.001173,0.31788,0.33645,0.34835,0.35665,0.38192,0.021429,0.00391,0.000276,0.0146,0.0186,0.0213,0.0241,0.0297,0.330602,0.01753,0.001239,0.29486,0.32098,0.3305,0.3431,0.36262,0.3,0.0,0.0,0.3,0.3,0.3,0.3,0.3,0.021429,0.00391,0.000276,0.0146,0.0186,0.0213,0.0241,0.0297,0.352031,0.01658,0.001173,0.31808,0.34335,0.35165,0.36355,0.38212
32.0,0.347246,0.01649,0.001166,0.31776,0.33598,0.3475,0.356,0.38101,0.020828,0.00382,0.00027,0.0141,0.018,0.0208,0.0234,0.0289,0.331926,0.01746,0.001235,0.29616,0.32233,0.33135,0.34385,0.36342,0.3,0.0,0.0,0.3,0.3,0.3,0.3,0.3,0.020828,0.00382,0.00027,0.0141,0.018,0.0208,0.0234,0.0289,0.352755,0.01649,0.001166,0.31899,0.344,0.3525,0.36402,0.38224
32.25,0.346488,0.01642,0.001161,0.31715,0.3353,0.34695,0.35515,0.38012,0.020246,0.00374,0.000265,0.01349,0.01787,0.02015,0.02282,0.02771,0.333266,0.01737,0.001228,0.29796,0.32362,0.33255,0.34532,0.36462,0.3,0.0,0.0,0.3,0.3,0.3,0.3,0.3,0.020246,0.00374,0.000265,0.01349,0.01787,0.02015,0.02282,0.02771,0.353512,0.01642,0.001161,0.31988,0.34485,0.35305,0.3647,0.38285
32.5,0.345796,0.01635,0.001156,0.31675,0.33488,0.34605,0.35382,0.37951,0.019673,0.00366,0.000259,0.01279,0.0174,0.01965,0.02222,0.02691,0.334531,0.01728,0.001222,0.29868,0.32465,0.3338,0.34638,0.36561,0.3,0.0,0.0,0.3,0.3,0.3,0.3,0.3,0.019673,0.00366,0.000259,0.01279,0.0174,0.01965,0.02222,0.02691,0.354204,0.01635,0.001156,0.32049,0.34618,0.35395,0.36512,0.38325
32.75,0.34518,0.01629,0.001152,0.31614,0.3345,0.3453,0.3532,0.3787,0.019097,0.00357,0.000252,0.01278,0.0167,0.01915,0.02142,0.02592,0.335722,0.01721,0.001217,0.3,0.32593,0.3351,0.34818,0.36661,0.3,0.0,0.0,0.3,0.3,0.3,0.3,0.3,0.019097,0.00357,0.000252,0.01278,0.0167,0.01915,0.02142,0.02592,0.354819,0.01629,0.001152,0.3213,0.3468,0.3547,0.3655,0.38386
33.0,0.344551,0.01625,0.001149,0.31554,0.33375,0.34485,0.3527,0.37801,0.018544,0.00352,0.000249,0.01218,0.0162,0.0185,0.0208,0.02543,0.336905,0.01712,0.001211,0.30167,0.3268,0.33645,0.3496,0.36771,0.3,0.0,0.0,0.3,0.3,0.3,0.3,0.3,0.018544,0.00352,0.000249,0.01218,0.0162,0.0185,0.0208,0.02543,0.355449,0.01625,0.001149,0.32199,0.3473,0.35515,0.36625,0.38446
33.25,0.343917,0.01618,0.001144,0.31493,0.33318,0.34415,0.35195,0.37731,0.018044,0.00344,0.000243,0.0113,0.01548,0.01805,0.0202,0.02512,0.33804,0.01703,0.001204,0.30278,0.32788,0.33745,0.3506,0.36832,0.3,0.0,0.0,0.3,0.3,0.3,0.3,0.3,0.018044,0.00344,0.000243,0.0113,0.01548,0.01805,0.0202,0.02512,0.356084,0.01618,0.001144,0.32269,0.34805,0.35585,0.36682,0.38507
33.5,0.343305,0.01613,0.00114,0.31434,0.33255,0.34355,0.35173,0.37642,0.017534,0.00343,0.000243,0.01149,0.015,0.0174,0.01962,0.02521,0.33916,0.01696,0.001199,0.30408,0.32912,0.3388,0.35132,0.3694,0.3,0.0,0.0,0.3,0.3,0.3,0.3,0.3,0.017534,0.00343,0.000243,0.01149,0.015,0.0174,0.01962,0.02521,0.356695,0.01613,0.00114,0.32358,0.34828,0.35645,0.36745,0.38566
33.75,0.342736,0.01603,0.001134,0.31402,0.3318,0.34315,0.3515,0.37534,0.017022,0.00335,0.000237,0.01079,0.01468,0.017,0.01892,0.0244,0.340242,0.01689,0.001194,0.30546,0.33055,0.34,0.35188,0.3709,0.3,0.0,0.0,0.3,0.3,0.3,0.3,0.3,0.017022,0.00335,0.000237,0.01079,0.01468,0.017,0.01892,0.0244,0.357264,0.01603,0.001134,0.32466,0.3485,0.35685,0.3682,0.38598
34.0,0.342168,0.01595,0.001128,0.31353,0.33128,0.34235,0.35085,0.37454,0.016544,0.00336,0.000237,0.01068,0.0144,0.0164,0.01862,0.0246,0.341289,0.01684,0.001191,0.30656,0.3315,0.34065,0.3531,0.37191,0.3,0.0,0.0,0.3,0.3,0.3,0.3,0.3,0.016544,0.00336,0.000237,0.01068,0.0144,0.0164,0.01862,0.0246,0.357832,0.01595,0.001128,0.32546,0.34915,0.35765,0.36872,0.38647
34.25,0.341626,0.01591,0.001125,0.31312,0.33078,0.34185,0.35032,0.37385,0.016053,0.00331,0.000234,0.01019,0.01395,0.0159,0.01813,0.0237,0.342322,0.0168,0.001188,0.30738,0.333,0.34185,0.35393,0.3732,0.3,0.0,0.0,0.3,0.3,0.3,0.3,0.3,0.016053,0.00331,0.000234,0.01019,0.01395,0.0159,0.01813,0.0237,0.358374,0.01591,0.001125,0.32615,0.34967,0.35815,0.36922,0.38688
34.5,0.341086,0.01584,0.00112,0.31302,0.33018,0.3414,0.34995,0.37267,0.0156,0.00329,0.000233,0.0097,0.0135,0.0156,0.0176,0.0231,0.343314,0.01675,0.001185,0.30818,0.33392,0.34275,0.3548,0.3744,0.3,0.0,0.0,0.3,0.3,0.3,0.3,0.3,0.0156,0.00329,0.000233,0.0097,0.0135,0.0156,0.0176,0.0231,0.358914,0.01584,0.00112,0.32733,0.35005,0.3586,0.36982,0.38698
34.75,0.340591,0.01578,0.001116,0.31242,0.32965,0.341,0.34955,0.37197,0.015154,0.00326,0.000231,0.0091,0.0131,0.0151,0.01705,0.02172,0.344255,0.0167,0.001181,0.30958,0.33518,0.344,0.35562,0.3755,0.3,0.0,0.0,0.3,0.3,0.3,0.3,0.3,0.015154,0.00326,0.000231,0.0091,0.0131,0.0151,0.01705,0.02172,0.359408,0.01578,0.001116,0.32803,0.35045,0.359,0.37035,0.38758
35.0,0.34011,0.01574,0.001113,0.31183,0.3289,0.3402,0.34922,0.37118,0.014727,0.00321,0.000227,0.00889,0.0126,0.0146,0.01672,0.022,0.345163,0.01663,0.001176,0.3103,0.336,0.345,0.35635,0.37611,0.3,0.0,0.0,0.3,0.3,0.3,0.3,0.3,0.014727,0.00321,0.000227,0.00889,0.0126,0.0146,0.01672,0.022,0.35989,0.01574,0.001113,0.32882,0.35078,0.3598,0.3711,0.38817
35.25,0.339623,0.01566,0.001107,0.31124,0.3281,0.3396,0.34865,0.37049,0.014322,0.00319,0.000226,0.0083,0.01208,0.0143,0.01643,0.0213,0.346055,0.01654,0.00117,0.31139,0.33712,0.3462,0.35748,0.37691,0.3,0.0,0.0,0.3,0.3,0.3,0.3,0.3,0.014322,0.00319,0.000226,0.0083,0.01208,0.0143,0.01643,0.0213,0.360377,0.01566,0.001107,0.32951,0.35135,0.3604,0.3719,0.38876
35.5,0.339178,0.01561,0.001103,0.31104,0.32795,0.3391,0.3485,0.3696,0.013887,0.00311,0.00022,0.008,0.0117,0.0137,0.0157,0.01964,0.346935,0.01647,0.001164,0.312,0.33788,0.3474,0.35812,0.3782,0.3,0.0,0.0,0.3,0.3,0.3,0.3,0.3,0.013887,0.00311,0.00022,0.008,0.0117,0.0137,0.0157,0.01964,0.360821,0.01561,0.001103,0.3304,0.3515,0.3609,0.37205,0.38896
35.75,0.338744,0.01555,0.0011,0.31025,0.32782,0.3387,0.34822,0.36901,0.01348,0.00305,0.000216,0.0078,0.01128,0.0133,0.01522,0.01941,0.347776,0.0164,0.00116,0.31319,0.33892,0.34805,0.35915,0.37881,0.3,0.0,0.0,0.3,0.3,0.3,0.3,0.3,0.01348,0.00305,0.000216,0.0078,0.01128,0.0133,0.01522,0.01941,0.361255,0.01555,0.0011,0.33099,0.35178,0.3613,0.37218,0.38975
36.0,0.338324,0.01551,0.001096,0.30985,0.32748,0.33855,0.34763,0.3686,0.01306,0.00301,0.000213,0.0075,0.01115,0.01295,0.01492,0.01891,0.348616,0.01634,0.001155,0.31469,0.33945,0.3489,0.35995,0.37932,0.3,0.0,0.0,0.3,0.3,0.3,0.3,0.3,0.01306,0.00301,0.000213,0.0075,0.01115,0.01295,0.01492,0.01891,0.361676,0.01551,0.001096,0.3314,0.35238,0.36145,0.37252,0.39015
36.25,0.337898,0.01545,0.001092,0.30955,0.32705,0.33805,0.34742,0.3683,0.012685,0.00298,0.000211,0.00729,0.01075,0.0126,0.01453,0.01832,0.349417,0.0163,0.001152,0.31558,0.34025,0.3498,0.3609,0.3805,0.3,0.0,0.0,0.3,0.3,0.3,0.3,0.3,0.012685,0.00298,0.000211,0.00729,0.01075,0.0126,0.01453,0.01832,0.362102,0.01545,0.001092,0.3317,0.35258,0.36195,0.37295,0.39045
36.5,0.3375,0.01541,0.001089,0.30915,0.32658,0.33765,0.3469,0.36731,0.012311,0.00292,0.000206,0.0071,0.01037,0.0122,0.01412,0.01811,0.35019,0.01623,0.001147,0.3163,0.3415,0.35005,0.36142,0.38101,0.3,0.0,0.0,0.3,0.3,0.3,0.3,0.3,0.012311,0.00292,0.000206,0.0071,0.01037,0.0122,0.01412,0.01811,0.3625,0.01541,0.001089,0.33269,0.3531,0.36235,0.37342,0.39085
36.75,0.337102,0.01534,0.001085,0.30885,0.32648,0.33725,0.34638,0.36682,0.011944,0.00288,0.000204,0.00679,0.01008,0.0117,0.0138,0.0177,0.350954,0.01616,0.001143,0.31699,0.3423,0.3507,0.36212,0.38112,0.3,0.0,0.0,0.3,0.3,0.3,0.3,0.3,0.011944,0.00288,0.000204,0.00679,0.01008,0.0117,0.0138,0.0177,0.362898,0.01534,0.001085,0.33318,0.35362,0.36275,0.37352,0.39115
37.0,0.336756,0.0153,0.001082,0.30826,0.3263,0.3369,0.34612,0.36642,0.011547,0.00283,0.0002,0.0063,0.0097,0.0113,0.0134,0.01712,0.351698,0.01613,0.00114,0.3179,0.34282,0.3514,0.36255,0.38202,0.3,0.0,0.0,0.3,0.3,0.3,0.3,0.3,0.011547,0.00283,0.0002,0.0063,0.0097,0.0113,0.0134,0.01712,0.363244,0.0153,0.001082,0.33358,0.35388,0.3631,0.3737,0.39174
37.25,0.336395,0.01525,0.001079,0.30816,0.32577,0.3364,0.3457,0.3661,0.011219,0.00278,0.000197,0.00639,0.0093,0.0111,0.01302,0.01711,0.352386,0.01605,0.001135,0.31898,0.3437,0.35195,0.36335,0.38242,0.3,0.0,0.0,0.3,0.3,0.3,0.3,0.3,0.011219,0.00278,0.000197,0.00639,0.0093,0.0111,0.01302,0.01711,0.363605,0.01525,0.001079,0.3339,0.3543,0.3636,0.37422,0.39184
37.5,0.336071,0.01521,0.001076,0.30786,0.3256,0.3363,0.34522,0.3658,0.010837,0.00276,0.000195,0.00599,0.00888,0.0107,0.0127,0.01672,0.353092,0.01595,0.001128,0.32026,0.34448,0.35255,0.36408,0.38282,0.3,0.0,0.0,0.3,0.3,0.3,0.3,0.3,0.010837,0.00276,0.000195,0.00599,0.00888,0.0107,0.0127,0.01672,0.363929,0.01521,0.001076,0.3342,0.35478,0.3637,0.3744,0.39214
37.75,0.335738,0.01518,0.001073,0.30757,0.32548,0.33595,0.3449,0.3657,0.010508,0.00271,0.000191,0.0058,0.00857,0.0104,0.0124,0.01621,0.353755,0.01589,0.001123,0.32155,0.34502,0.35325,0.36465,0.38284,0.3,0.0,0.0,0.3,0.3,0.3,0.3,0.3,0.010508,0.00271,0.000191,0.0058,0.00857,0.0104,0.0124,0.01621,0.364262,0.01518,0.001073,0.3343,0.3551,0.36405,0.37452,0.39244
38.0,0.335403,0.01513,0.00107,0.30698,0.32512,0.33575,0.3448,0.36539,0.010217,0.00268,0.000189,0.0053,0.0084,0.0101,0.012,0.01581,0.35438,0.0158,0.001118,0.32245,0.3455,0.35365,0.3655,0.38324,0.3,0.0,0.0,0.3,0.3,0.3,0.3,0.3,0.010217,0.00268,0.000189,0.0053,0.0084,0.0101,0.012,0.01581,0.364597,0.01513,0.00107,0.33461,0.3552,0.36425,0.37488,0.39302
38.25,0.335116,0.01509,0.001067,0.30678,0.32502,0.33545,0.34438,0.36509,0.009841,0.00259,0.000183,0.0051,0.008,0.0097,0.01132,0.0153,0.355042,0.01574,0.001113,0.32315,0.34642,0.3542,0.36642,0.38374,0.3,0.0,0.0,0.3,0.3,0.3,0.3,0.3,0.009841,0.00259,0.000183,0.0051,0.008,0.0097,0.01132,0.0153,0.364884,0.01509,0.001067,0.33491,0.35562,0.36455,0.37498,0.39322
38.5,0.334807,0.01504,0.001063,0.30629,0.32458,0.3352,0.34418,0.36498,0.00957,0.00256,0.000181,0.00509,0.0077,0.0093,0.0112,0.01471,0.355623,0.0157,0.00111,0.32434,0.34675,0.35495,0.36682,0.38406,0.3,0.0,0.0,0.3,0.3,0.3,0.3,0.3,0.00957,0.00256,0.000181,0.00509,0.0077,0.0093,0.0112,0.01471,0.365193,0.01504,0.001063,0.33502,0.35582,0.3648,0.37542,0.39371
38.75,0.334526,0.01499,0.00106,0.30609,0.3243,0.33495,0.34392,0.36459,0.009229,0.00249,0.000176,0.0048,0.0074,0.009,0.01092,0.0143,0.356246,0.01568,0.001109,0.32523,0.34735,0.3557,0.3671,0.38428,0.3,0.0,0.0,0.3,0.3,0.3,0.3,0.3,0.009229,0.00249,0.000176,0.0048,0.0074,0.009,0.01092,0.0143,0.365474,0.01499,0.00106,0.33541,0.35608,0.36505,0.3757,0.39391
39.0,0.33425,0.01496,0.001058,0.3056,0.32402,0.3345,0.34348,0.36428,0.008931,0.00242,0.000171,0.0047,0.0071,0.0087,0.0104,0.01391,0.356819,0.01561,0.001104,0.32602,0.34802,0.35615,0.3678,0.38467,0.3,0.0,0.0,0.3,0.3,0.3,0.3,0.3,0.008931,0.00242,0.000171,0.0047,0.0071,0.0087,0.0104,0.01391,0.36575,0.01496,0.001058,0.33572,0.35652,0.3655,0.37597,0.3944
39.25,0.334008,0.01494,0.001056,0.3053,0.32393,0.33425,0.34322,0.36409,0.00864,0.00236,0.000167,0.0045,0.0069,0.0085,0.0101,0.01341,0.357353,0.01556,0.0011,0.32643,0.34858,0.3568,0.36832,0.38536,0.3,0.0,0.0,0.3,0.3,0.3,0.3,0.3,0.00864,0.00236,0.000167,0.0045,0.0069,0.0085,0.0101,0.01341,0.365992,0.01494,0.001056,0.33591,0.35678,0.36575,0.37608,0.3947
39.5,0.333762,0.01489,0.001053,0.3051,0.32358,0.33395,0.34315,0.36379,0.008373,0.00232,0.000164,0.00449,0.0067,0.00835,0.0099,0.0133,0.357865,0.01554,0.001099,0.32683,0.34918,0.3572,0.369,0.38597,0.3,0.0,0.0,0.3,0.3,0.3,0.3,0.3,0.008373,0.00232,0.000164,0.00449,0.0067,0.00835,0.0099,0.0133,0.366238,0.01489,0.001053,0.33621,0.35685,0.36605,0.37642,0.3949
39.75,0.333513,0.01486,0.00105,0.3046,0.32345,0.33375,0.34302,0.36358,0.00809,0.00226,0.00016,0.00439,0.0064,0.00805,0.00962,0.0127,0.358397,0.0155,0.001096,0.32743,0.34965,0.35775,0.36965,0.38657,0.3,0.0,0.0,0.3,0.3,0.3,0.3,0.3,0.00809,0.00226,0.00016,0.00439,0.0064,0.00805,0.00962,0.0127,0.366487,0.01486,0.00105,0.33642,0.35698,0.36625,0.37655,0.3954
40.0,0.333266,0.01481,0.001048,0.30459,0.32327,0.3334,0.3427,0.36308,0.007847,0.00221,0.000156,0.0041,0.0062,0.00785,0.0093,0.01221,0.358887,0.01546,0.001093,0.32832,0.35008,0.35835,0.37042,0.38707,0.3,0.0,0.0,0.3,0.3,0.3,0.3,0.3,0.007847,0.00221,0.000156,0.0041,0.0062,0.00785,0.0093,0.01221,0.366735,0.01481,0.001048,0.33692,0.3573,0.3666,0.37672,0.39541
40.25,0.333031,0.01478,0.001045,0.30439,0.32312,0.3331,0.34242,0.36287,0.00759,0.00216,0.000152,0.0039,0.006,0.0075,0.00893,0.01182,0.35938,0.0154,0.001089,0.32902,0.35062,0.3587,0.37062,0.38746,0.3,0.0,0.0,0.3,0.3,0.3,0.3,0.3,0.00759,0.00216,0.000152,0.0039,0.006,0.0075,0.00893,0.01182,0.366969,0.01478,0.001045,0.33713,0.35758,0.3669,0.37688,0.39561
40.5,0.332799,0.01476,0.001043,0.30429,0.3228,0.3328,0.34232,0.36275,0.00737,0.00216,0.000153,0.0038,0.0058,0.0073,0.00872,0.01173,0.359831,0.01536,0.001086,0.32971,0.35135,0.35925,0.37095,0.38776,0.3,0.0,0.0,0.3,0.3,0.3,0.3,0.3,0.00737,0.00216,0.000153,0.0038,0.0058,0.0073,0.00872,0.01173,0.367201,0.01476,0.001043,0.33725,0.35768,0.3672,0.3772,0.39571
40.75,0.332591,0.01471,0.00104,0.30419,0.3226,0.3326,0.34195,0.36254,0.00713,0.00215,0.000152,0.0037,0.0056,0.007,0.00845,0.01153,0.36028,0.01531,0.001082,0.33011,0.35208,0.3599,0.37122,0.38815,0.3,0.0,0.0,0.3,0.3,0.3,0.3,0.3,0.00713,0.00215,0.000152,0.0037,0.0056,0.007,0.00845,0.01153,0.367409,0.01471,0.00104,0.33746,0.35805,0.3674,0.3774,0.39581
41.0,0.33237,0.01466,0.001037,0.30399,0.32248,0.3323,0.3418,0.36214,0.006906,0.00212,0.00015,0.0036,0.0054,0.0068,0.00823,0.01143,0.360724,0.01527,0.00108,0.33062,0.35228,0.3605,0.3714,0.38865,0.3,0.0,0.0,0.3,0.3,0.3,0.3,0.3,0.006906,0.00212,0.00015,0.0036,0.0054,0.0068,0.00823,0.01143,0.36763,0.01466,0.001037,0.33786,0.3582,0.3677,0.37752,0.39601
41.25,0.332155,0.01464,0.001035,0.3037,0.32227,0.33205,0.3415,0.36203,0.006675,0.00208,0.000147,0.0033,0.00528,0.0065,0.00793,0.01181,0.36117,0.0152,0.001075,0.3315,0.35278,0.3608,0.37203,0.38895,0.3,0.0,0.0,0.3,0.3,0.3,0.3,0.3,0.006675,0.00208,0.000147,0.0033,0.00528,0.0065,0.00793,0.01181,0.367845,0.01464,0.001035,0.33797,0.3585,0.36795,0.37772,0.3963
41.5,0.331969,0.01461,0.001033,0.3035,0.32208,0.3317,0.34115,0.36201,0.006459,0.00202,0.000143,0.0032,0.00508,0.00635,0.0076,0.0116,0.361572,0.01512,0.001069,0.33192,0.353,0.36095,0.37225,0.38964,0.3,0.0,0.0,0.3,0.3,0.3,0.3,0.3,0.006459,0.00202,0.000143,0.0032,0.00508,0.00635,0.0076,0.0116,0.368031,0.01461,0.001033,0.33799,0.35885,0.3683,0.37793,0.3965
41.75,0.331792,0.01458,0.001031,0.30339,0.32188,0.33155,0.34082,0.3619,0.006236,0.00201,0.000142,0.003,0.0047,0.0061,0.00742,0.01121,0.361972,0.01508,0.001067,0.33203,0.35342,0.36135,0.37245,0.39023,0.3,0.0,0.0,0.3,0.3,0.3,0.3,0.3,0.006236,0.00201,0.000142,0.003,0.0047,0.0061,0.00742,0.01121,0.368207,0.01458,0.001031,0.3381,0.35918,0.36845,0.37813,0.39661
42.0,0.331605,0.01454,0.001028,0.3033,0.32168,0.3312,0.34065,0.36102,0.006042,0.002,0.000141,0.0028,0.0046,0.006,0.00702,0.01062,0.362353,0.01505,0.001064,0.33223,0.3537,0.36165,0.3728,0.39072,0.3,0.0,0.0,0.3,0.3,0.3,0.3,0.3,0.006042,0.002,0.000141,0.0028,0.0046,0.006,0.00702,0.01062,0.368395,0.01454,0.001028,0.33898,0.35935,0.3688,0.37832,0.3967
42.25,0.331432,0.01451,0.001026,0.3033,0.32148,0.331,0.34058,0.36061,0.005844,0.00196,0.000138,0.0027,0.0044,0.0058,0.00682,0.01022,0.362724,0.01501,0.001062,0.33254,0.35383,0.3623,0.3729,0.39121,0.3,0.0,0.0,0.3,0.3,0.3,0.3,0.3,0.005844,0.00196,0.000138,0.0027,0.0044,0.0058,0.00682,0.01022,0.368568,0.01451,0.001026,0.33939,0.35942,0.369,0.37852,0.3967
42.5,0.331266,0.0145,0.001025,0.30319,0.32127,0.33075,0.3405,0.36061,0.005622,0.0019,0.000135,0.00259,0.0042,0.0055,0.0067,0.00942,0.363112,0.01496,0.001058,0.33333,0.35415,0.36265,0.3731,0.39191,0.3,0.0,0.0,0.3,0.3,0.3,0.3,0.3,0.005622,0.0019,0.000135,0.00259,0.0042,0.0055,0.0067,0.00942,0.368734,0.0145,0.001025,0.33939,0.3595,0.36925,0.37872,0.39681
42.75,0.331112,0.01446,0.001023,0.303,0.3211,0.3306,0.3404,0.36051,0.005457,0.00189,0.000134,0.0023,0.004,0.00525,0.0066,0.00952,0.363431,0.01493,0.001056,0.33372,0.3545,0.36305,0.37358,0.3923,0.3,0.0,0.0,0.3,0.3,0.3,0.3,0.3,0.005457,0.00189,0.000134,0.0023,0.004,0.00525,0.0066,0.00952,0.368888,0.01446,0.001023,0.33949,0.3596,0.3694,0.3789,0.39701
43.0,0.330962,0.01444,0.001021,0.303,0.32095,0.33035,0.3403,0.36051,0.005276,0.00186,0.000132,0.0022,0.0039,0.0051,0.0065,0.00923,0.363762,0.01489,0.001053,0.33402,0.3548,0.36365,0.3741,0.39251,0.3,0.0,0.0,0.3,0.3,0.3,0.3,0.3,0.005276,0.00186,0.000132,0.0022,0.0039,0.0051,0.0065,0.00923,0.369038,0.01444,0.001021,0.33949,0.3597,0.36965,0.37905,0.39701
43.25,0.3308,0.01442,0.00102,0.3028,0.32075,0.3302,0.34018,0.3605,0.005108,0.00183,0.00013,0.0021,0.00378,0.005,0.00622,0.00912,0.364092,0.01488,0.001052,0.33442,0.355,0.36395,0.37432,0.39281,0.3,0.0,0.0,0.3,0.3,0.3,0.3,0.3,0.005108,0.00183,0.00013,0.0021,0.00378,0.005,0.00622,0.00912,0.3692,0.01442,0.00102,0.3395,0.35982,0.3698,0.37925,0.3972
43.5,0.330662,0.0144,0.001018,0.3028,0.3206,0.3301,0.3401,0.3604,0.004947,0.00184,0.00013,0.0021,0.00368,0.0048,0.0061,0.00931,0.36439,0.01485,0.00105,0.33492,0.3552,0.3642,0.3746,0.39311,0.3,0.0,0.0,0.3,0.3,0.3,0.3,0.3,0.004947,0.00184,0.00013,0.0021,0.00368,0.0048,0.0061,0.00931,0.369338,0.0144,0.001018,0.3396,0.3599,0.3699,0.3794,0.3972
43.75,0.330515,0.01436,0.001015,0.3028,0.3204,0.32995,0.3399,0.3604,0.004796,0.00184,0.00013,0.0019,0.0035,0.0047,0.0059,0.0093,0.364688,0.01481,0.001047,0.33513,0.35525,0.3646,0.3748,0.39312,0.3,0.0,0.0,0.3,0.3,0.3,0.3,0.3,0.004796,0.00184,0.00013,0.0019,0.0035,0.0047,0.0059,0.0093,0.369484,0.01436,0.001015,0.3396,0.3601,0.37005,0.3796,0.3972
44.0,0.33037,0.01432,0.001013,0.3027,0.3203,0.32975,0.33952,0.3601,0.004635,0.00178,0.000126,0.0019,0.00337,0.0044,0.0057,0.0091,0.364994,0.01477,0.001044,0.33552,0.35538,0.3649,0.37512,0.39331,0.3,0.0,0.0,0.3,0.3,0.3,0.3,0.3,0.004635,0.00178,0.000126,0.0019,0.00337,0.0044,0.0057,0.0091,0.36963,0.01432,0.001013,0.3399,0.36048,0.37025,0.3797,0.3973
44.25,0.330255,0.01431,0.001012,0.3027,0.3202,0.3295,0.3393,0.3599,0.004456,0.00178,0.000126,0.0017,0.0032,0.00425,0.00552,0.00881,0.36529,0.01474,0.001042,0.33583,0.35587,0.3652,0.3755,0.39341,0.3,0.0,0.0,0.3,0.3,0.3,0.3,0.3,0.004456,0.00178,0.000126,0.0017,0.0032,0.00425,0.00552,0.00881,0.369745,0.01431,0.001012,0.3401,0.3607,0.3705,0.3798,0.3973
44.5,0.330133,0.01428,0.00101,0.3027,0.32018,0.3295,0.33918,0.35971,0.004274,0.00175,0.000124,0.0016,0.003,0.0041,0.0052,0.0085,0.365593,0.01472,0.001041,0.33605,0.35618,0.3654,0.37562,0.39362,0.3,0.0,0.0,0.3,0.3,0.3,0.3,0.3,0.004274,0.00175,0.000124,0.0016,0.003,0.0041,0.0052,0.0085,0.369867,0.01428,0.00101,0.34029,0.36082,0.3705,0.37983,0.3973
44.75,0.330011,0.01426,0.001009,0.3026,0.3201,0.3293,0.3389,0.35961,0.00414,0.00173,0.000123,0.0014,0.00288,0.0039,0.0051,0.0083,0.365849,0.01471,0.00104,0.33626,0.35648,0.3658,0.37592,0.39362,0.3,0.0,0.0,0.3,0.3,0.3,0.3,0.3,0.00414,0.00173,0.000123,0.0014,0.00288,0.0039,0.0051,0.0083,0.369988,0.01426,0.001009,0.34039,0.3611,0.3707,0.3799,0.3974
45.0,0.329885,0.01424,0.001007,0.3026,0.31995,0.3292,0.33868,0.35932,0.004023,0.00171,0.000121,0.0014,0.0028,0.0038,0.00492,0.00791,0.366092,0.01469,0.001039,0.33637,0.35688,0.3661,0.37615,0.39382,0.3,0.0,0.0,0.3,0.3,0.3,0.3,0.3,0.004023,0.00171,0.000121,0.0014,0.0028,0.0038,0.00492,0.00791,0.370115,0.01424,0.001007,0.34068,0.36132,0.3708,0.38005,0.3974
45.25,0.329775,0.01422,0.001005,0.3026,0.31977,0.32915,0.33852,0.35912,0.003873,0.00168,0.000119,0.0013,0.00277,0.0036,0.0048,0.0079,0.366352,0.01467,0.001037,0.33658,0.357,0.36655,0.3765,0.39403,0.3,0.0,0.0,0.3,0.3,0.3,0.3,0.3,0.003873,0.00168,0.000119,0.0013,0.00277,0.0036,0.0048,0.0079,0.370225,0.01422,0.001005,0.34088,0.36148,0.37085,0.38022,0.3974
45.5,0.329644,0.01419,0.001004,0.3026,0.31965,0.32905,0.33838,0.35902,0.003762,0.00165,0.000116,0.0013,0.0026,0.0035,0.0047,0.0078,0.366593,0.01463,0.001034,0.33679,0.35718,0.36675,0.37662,0.39432,0.3,0.0,0.0,0.3,0.3,0.3,0.3,0.3,0.003762,0.00165,0.000116,0.0013,0.0026,0.0035,0.0047,0.0078,0.370356,0.01419,0.001004,0.34098,0.36162,0.37095,0.38035,0.3974
45.75,0.329543,0.01417,0.001002,0.3026,0.31965,0.32895,0.33812,0.35902,0.003649,0.00163,0.000115,0.0012,0.0025,0.0034,0.00452,0.0076,0.366808,0.01461,0.001033,0.33709,0.35738,0.36715,0.37685,0.39442,0.3,0.0,0.0,0.3,0.3,0.3,0.3,0.3,0.003649,0.00163,0.000115,0.0012,0.0025,0.0034,0.00452,0.0076,0.370457,0.01417,0.001002,0.34099,0.36188,0.37105,0.38035,0.3974
46.0,0.329449,0.01415,0.001001,0.30259,0.31945,0.3288,0.33802,0.35882,0.003528,0.00158,0.000112,0.0011,0.00247,0.0033,0.0044,0.0074,0.367023,0.01457,0.001031,0.3374,0.35778,0.3673,0.37712,0.39453,0.3,0.0,0.0,0.3,0.3,0.3,0.3,0.3,0.003528,0.00158,0.000112,0.0011,0.00247,0.0033,0.0044,0.0074,0.370551,0.01415,0.001001,0.34118,0.36198,0.3712,0.38055,0.39741
46.25,0.32933,0.01414,0.001,0.30259,0.31933,0.3288,0.33792,0.35852,0.003436,0.00156,0.00011,0.001,0.0024,0.0032,0.0043,0.0069,0.367233,0.01453,0.001027,0.33779,0.35795,0.3675,0.37735,0.39473,0.3,0.0,0.0,0.3,0.3,0.3,0.3,0.3,0.003436,0.00156,0.00011,0.001,0.0024,0.0032,0.0043,0.0069,0.37067,0.01414,0.001,0.34148,0.36208,0.3712,0.38068,0.39741
46.5,0.329232,0.01412,0.000998,0.3025,0.31925,0.3288,0.33778,0.35833,0.00332,0.00152,0.000108,0.001,0.0023,0.003,0.0042,0.0068,0.367448,0.01449,0.001025,0.33809,0.35812,0.3678,0.3776,0.39502,0.3,0.0,0.0,0.3,0.3,0.3,0.3,0.3,0.00332,0.00152,0.000108,0.001,0.0023,0.003,0.0042,0.0068,0.370768,0.01412,0.000998,0.34167,0.36222,0.3712,0.38075,0.3975
46.75,0.329148,0.0141,0.000997,0.3025,0.31925,0.3288,0.33775,0.35804,0.003202,0.0015,0.000106,0.0009,0.0021,0.003,0.004,0.00651,0.367649,0.01446,0.001023,0.33819,0.35822,0.3681,0.37762,0.39532,0.3,0.0,0.0,0.3,0.3,0.3,0.3,0.3,0.003202,0.0015,0.000106,0.0009,0.0021,0.003,0.004,0.00651,0.370852,0.0141,0.000997,0.34196,0.36225,0.3712,0.38075,0.3975
47.0,0.329048,0.01408,0.000996,0.3025,0.31918,0.3287,0.33758,0.35794,0.003088,0.00149,0.000106,0.0008,0.002,0.0029,0.0039,0.00621,0.367864,0.01445,0.001022,0.33829,0.3587,0.36835,0.37782,0.39552,0.3,0.0,0.0,0.3,0.3,0.3,0.3,0.3,0.003088,0.00149,0.000106,0.0008,0.002,0.0029,0.0039,0.00621,0.370952,0.01408,0.000996,0.34206,0.36242,0.3713,0.38082,0.3975
47.25,0.328958,0.01408,0.000995,0.3025,0.3191,0.32865,0.33753,0.35784,0.002991,0.00146,0.000103,0.0008,0.00198,0.0027,0.0039,0.0061,0.36805,0.01441,0.001019,0.33859,0.35908,0.36845,0.37802,0.39572,0.3,0.0,0.0,0.3,0.3,0.3,0.3,0.3,0.002991,0.00146,0.000103,0.0008,0.00198,0.0027,0.0039,0.0061,0.371041,0.01408,0.000995,0.34216,0.36248,0.37135,0.3809,0.3975
47.5,0.328883,0.01407,0.000995,0.3025,0.319,0.32865,0.33732,0.35784,0.002881,0.00144,0.000102,0.0008,0.0019,0.0027,0.0037,0.00581,0.368236,0.01441,0.001019,0.33859,0.35918,0.3686,0.37822,0.39572,0.3,0.0,0.0,0.3,0.3,0.3,0.3,0.3,0.002881,0.00144,0.000102,0.0008,0.0019,0.0027,0.0037,0.00581,0.371117,0.01407,0.000995,0.34216,0.36268,0.37135,0.381,0.3975
47.75,0.328814,0.01405,0.000994,0.3025,0.319,0.32855,0.3373,0.35774,0.002774,0.0014,9.9e-5,0.0007,0.00188,0.0025,0.0036,0.00551,0.368413,0.01439,0.001018,0.33879,0.35918,0.3689,0.37852,0.39582,0.3,0.0,0.0,0.3,0.3,0.3,0.3,0.3,0.002774,0.0014,9.9e-5,0.0007,0.00188,0.0025,0.0036,0.00551,0.371187,0.01405,0.000994,0.34226,0.3627,0.37145,0.381,0.3975
48.0,0.328743,0.01404,0.000993,0.3025,0.319,0.32845,0.33715,0.35754,0.002662,0.00135,9.5e-5,0.0007,0.0018,0.0024,0.0034,0.00551,0.368595,0.01435,0.001015,0.33899,0.3595,0.36915,0.37865,0.39612,0.3,0.0,0.0,0.3,0.3,0.3,0.3,0.3,0.002662,0.00135,9.5e-5,0.0007,0.0018,0.0024,0.0034,0.00551,0.371258,0.01404,0.000993,0.34246,0.36285,0.37155,0.381,0.3975
48.25,0.32867,0.01402,0.000991,0.3024,0.31885,0.3283,0.33708,0.35744,0.002576,0.00133,9.4e-5,0.0007,0.0017,0.0023,0.0033,0.0055,0.368754,0.01434,0.001014,0.33909,0.35958,0.36935,0.3789,0.39631,0.3,0.0,0.0,0.3,0.3,0.3,0.3,0.3,0.002576,0.00133,9.4e-5,0.0007,0.0017,0.0023,0.0033,0.0055,0.37133,0.01402,0.000991,0.34256,0.36292,0.3717,0.38115,0.3976
48.5,0.328601,0.014,0.00099,0.3024,0.31877,0.3283,0.33695,0.35734,0.002491,0.00129,9.1e-5,0.0007,0.0016,0.00225,0.0032,0.0054,0.368908,0.01431,0.001012,0.3391,0.36007,0.3697,0.37892,0.39631,0.3,0.0,0.0,0.3,0.3,0.3,0.3,0.3,0.002491,0.00129,9.1e-5,0.0007,0.0016,0.00225,0.0032,0.0054,0.3714,0.014,0.00099,0.34266,0.36305,0.3717,0.38122,0.3976
48.75,0.328532,0.014,0.00099,0.3023,0.31877,0.32825,0.33692,0.35704,0.002404,0.00127,8.9e-5,0.0007,0.0015,0.0022,0.0031,0.0051,0.369063,0.01428,0.001009,0.33929,0.36028,0.3698,0.37905,0.39631,0.3,0.0,0.0,0.3,0.3,0.3,0.3,0.3,0.002404,0.00127,8.9e-5,0.0007,0.0015,0.0022,0.0031,0.0051,0.371468,0.014,0.00099,0.34296,0.36308,0.37175,0.38122,0.3977
49.0,0.328472,0.01399,0.000989,0.3023,0.3187,0.32825,0.3369,0.35704,0.002314,0.00123,8.7e-5,0.0007,0.0015,0.00205,0.003,0.005,0.369214,0.01426,0.001009,0.3393,0.36035,0.3699,0.37915,0.39641,0.3,0.0,0.0,0.3,0.3,0.3,0.3,0.3,0.002314,0.00123,8.7e-5,0.0007,0.0015,0.00205,0.003,0.005,0.371528,0.01399,0.000989,0.34296,0.3631,0.37175,0.3813,0.3977
49.25,0.328408,0.01398,0.000989,0.3023,0.31868,0.32825,0.33682,0.35704,0.002247,0.00122,8.6e-5,0.0006,0.00138,0.002,0.0028,0.005,0.369345,0.01425,0.001008,0.3394,0.36042,0.37005,0.3794,0.39651,0.3,0.0,0.0,0.3,0.3,0.3,0.3,0.3,0.002247,0.00122,8.6e-5,0.0006,0.00138,0.002,0.0028,0.005,0.371593,0.01398,0.000989,0.34296,0.36318,0.37175,0.38132,0.3977
49.5,0.328349,0.01397,0.000988,0.3023,0.3185,0.3281,0.33682,0.35704,0.002172,0.00119,8.4e-5,0.0006,0.0013,0.002,0.0027,0.00481,0.369479,0.01422,0.001006,0.3395,0.3606,0.37015,0.37968,0.39661,0.3,0.0,0.0,0.3,0.3,0.3,0.3,0.3,0.002172,0.00119,8.4e-5,0.0006,0.0013,0.002,0.0027,0.00481,0.371652,0.01397,0.000988,0.34296,0.36318,0.3719,0.3815,0.3977
49.75,0.328286,0.01397,0.000988,0.3023,0.31848,0.32805,0.33682,0.35704,0.0021,0.00116,8.2e-5,0.0006,0.0012,0.0019,0.0027,0.00461,0.369614,0.01421,0.001005,0.33969,0.3608,0.3703,0.37988,0.39671,0.3,0.0,0.0,0.3,0.3,0.3,0.3,0.3,0.0021,0.00116,8.2e-5,0.0006,0.0012,0.0019,0.0027,0.00461,0.371714,0.01397,0.000988,0.34296,0.36318,0.37195,0.38152,0.3977
50.0,0.328233,0.01396,0.000987,0.3023,0.31848,0.32795,0.33682,0.35694,0.002029,0.00113,8.0e-5,0.0005,0.00118,0.00185,0.00262,0.0045,0.369737,0.01419,0.001004,0.33989,0.36115,0.37045,0.3801,0.39671,0.3,0.0,0.0,0.3,0.3,0.3,0.3,0.3,0.002029,0.00113,8.0e-5,0.0005,0.00118,0.00185,0.00262,0.0045,0.371767,0.01396,0.000987,0.34306,0.36318,0.37205,0.38152,0.3977
50.25,0.328178,0.01396,0.000987,0.3022,0.31845,0.32795,0.3368,0.35694,0.001966,0.00111,7.9e-5,0.0005,0.0011,0.0018,0.0026,0.0044,0.369856,0.01419,0.001003,0.34008,0.3613,0.37045,0.38012,0.39671,0.3,0.0,0.0,0.3,0.3,0.3,0.3,0.3,0.001966,0.00111,7.9e-5,0.0005,0.0011,0.0018,0.0026,0.0044,0.371822,0.01396,0.000987,0.34306,0.3632,0.37205,0.38155,0.3978
50.5,0.328132,0.01395,0.000986,0.3022,0.31845,0.32785,0.3368,0.35694,0.001888,0.00108,7.7e-5,0.0005,0.0011,0.00165,0.0025,0.0044,0.36998,0.01418,0.001002,0.34019,0.36148,0.37055,0.3802,0.39691,0.3,0.0,0.0,0.3,0.3,0.3,0.3,0.3,0.001888,0.00108,7.7e-5,0.0005,0.0011,0.00165,0.0025,0.0044,0.371868,0.01395,0.000986,0.34306,0.3632,0.37215,0.38155,0.3978
50.75,0.328086,0.01394,0.000986,0.3021,0.31842,0.32785,0.3368,0.35694,0.001804,0.00105,7.4e-5,0.0005,0.001,0.0016,0.0024,0.0041,0.37011,0.01415,0.001,0.34039,0.36148,0.37065,0.38032,0.39701,0.3,0.0,0.0,0.3,0.3,0.3,0.3,0.3,0.001804,0.00105,7.4e-5,0.0005,0.001,0.0016,0.0024,0.0041,0.371914,0.01394,0.000986,0.34306,0.3632,0.37215,0.38158,0.3979
51.0,0.32804,0.01394,0.000986,0.30209,0.31842,0.32785,0.3368,0.35684,0.001747,0.00103,7.3e-5,0.0005,0.001,0.00155,0.0023,0.00391,0.370212,0.01413,0.000999,0.34048,0.3616,0.3708,0.38032,0.39701,0.3,0.0,0.0,0.3,0.3,0.3,0.3,0.3,0.001747,0.00103,7.3e-5,0.0005,0.001,0.00155,0.0023,0.00391,0.37196,0.01394,0.000986,0.34316,0.3632,0.37215,0.38158,0.3979
51.25,0.327994,0.01394,0.000985,0.30209,0.31842,0.3277,0.3368,0.35684,0.00168,0.00101,7.1e-5,0.0004,0.0009,0.0015,0.0022,0.00371,0.370327,0.01411,0.000998,0.34068,0.36168,0.37085,0.38042,0.39701,0.3,0.0,0.0,0.3,0.3,0.3,0.3,0.3,0.00168,0.00101,7.1e-5,0.0004,0.0009,0.0015,0.0022,0.00371,0.372006,0.01394,0.000985,0.34316,0.3632,0.3723,0.38158,0.3979
51.5,0.32795,0.01393,0.000985,0.30209,0.31833,0.32765,0.3368,0.35684,0.001621,0.00095,6.7e-5,0.0004,0.0009,0.0014,0.00213,0.0036,0.370429,0.01409,0.000997,0.34098,0.36177,0.3709,0.38052,0.3971,0.3,0.0,0.0,0.3,0.3,0.3,0.3,0.3,0.001621,0.00095,6.7e-5,0.0004,0.0009,0.0014,0.00213,0.0036,0.37205,0.01393,0.000985,0.34316,0.3632,0.37235,0.38168,0.3979
51.75,0.327907,0.01393,0.000985,0.30209,0.31833,0.32765,0.3368,0.35684,0.001561,0.00094,6.6e-5,0.0004,0.0008,0.0013,0.0022,0.0036,0.370531,0.01409,0.000997,0.34098,0.36192,0.37115,0.38055,0.3971,0.3,0.0,0.0,0.3,0.3,0.3,0.3,0.3,0.001561,0.00094,6.6e-5,0.0004,0.0008,0.0013,0.0022,0.0036,0.372092,0.01393,0.000985,0.34316,0.3632,0.37235,0.38168,0.3979
52.0,0.327869,0.01393,0.000985,0.30209,0.3183,0.3276,0.33672,0.35674,0.001507,0.00091,6.5e-5,0.0004,0.0008,0.0013,0.0021,0.00351,0.370623,0.01409,0.000996,0.34108,0.36203,0.37115,0.38055,0.3972,0.3,0.0,0.0,0.3,0.3,0.3,0.3,0.3,0.001507,0.00091,6.5e-5,0.0004,0.0008,0.0013,0.0021,0.00351,0.372131,0.01393,0.000985,0.34326,0.36328,0.3724,0.3817,0.3979
52.25,0.327826,0.01393,0.000985,0.30209,0.31828,0.32755,0.33658,0.35674,0.001454,0.00088,6.2e-5,0.0003,0.0008,0.0012,0.002,0.0035,0.37072,0.01407,0.000995,0.34128,0.36203,0.37115,0.38055,0.3972,0.3,0.0,0.0,0.3,0.3,0.3,0.3,0.3,0.001454,0.00088,6.2e-5,0.0003,0.0008,0.0012,0.002,0.0035,0.372174,0.01393,0.000985,0.34326,0.36342,0.37245,0.38172,0.3979
52.5,0.327789,0.01393,0.000985,0.30209,0.31818,0.3274,0.33658,0.35674,0.001402,0.00087,6.1e-5,0.0003,0.0007,0.0012,0.0019,0.0034,0.370809,0.01406,0.000994,0.34128,0.36208,0.37125,0.38055,0.3973,0.3,0.0,0.0,0.3,0.3,0.3,0.3,0.3,0.001402,0.00087,6.1e-5,0.0003,0.0007,0.0012,0.0019,0.0034,0.372211,0.01393,0.000985,0.34326,0.36342,0.3726,0.38182,0.3979
52.75,0.32775,0.01394,0.000985,0.30209,0.31812,0.3274,0.3365,0.35674,0.001346,0.00085,6.0e-5,0.0003,0.0007,0.0011,0.0019,0.0033,0.370904,0.01406,0.000994,0.34138,0.3623,0.3713,0.3807,0.3973,0.3,0.0,0.0,0.3,0.3,0.3,0.3,0.3,0.001346,0.00085,6.0e-5,0.0003,0.0007,0.0011,0.0019,0.0033,0.372249,0.01394,0.000985,0.34326,0.3635,0.3726,0.38188,0.3979
53.0,0.327714,0.01393,0.000985,0.30209,0.31812,0.3273,0.33642,0.35674,0.0013,0.00082,5.8e-5,0.0003,0.0007,0.0011,0.0018,0.0032,0.370987,0.01404,0.000993,0.34138,0.3623,0.37135,0.38072,0.3974,0.3,0.0,0.0,0.3,0.3,0.3,0.3,0.3,0.0013,0.00082,5.8e-5,0.0003,0.0007,0.0011,0.0018,0.0032,0.372286,0.01393,0.000985,0.34326,0.36358,0.3727,0.38188,0.3979
53.25,0.327677,0.01393,0.000985,0.30209,0.31812,0.3272,0.33642,0.35674,0.001247,0.00079,5.6e-5,0.0003,0.0006,0.001,0.0018,0.003,0.371077,0.01403,0.000992,0.34197,0.36238,0.37135,0.38072,0.3974,0.3,0.0,0.0,0.3,0.3,0.3,0.3,0.3,0.001247,0.00079,5.6e-5,0.0003,0.0006,0.001,0.0018,0.003,0.372324,0.01393,0.000985,0.34326,0.36358,0.3728,0.38188,0.3979
53.5,0.327644,0.01392,0.000984,0.30209,0.31812,0.3272,0.33635,0.35674,0.001206,0.00078,5.5e-5,0.0002,0.0006,0.001,0.0017,0.00281,0.371151,0.01403,0.000992,0.34197,0.36238,0.3715,0.3808,0.3975,0.3,0.0,0.0,0.3,0.3,0.3,0.3,0.3,0.001206,0.00078,5.5e-5,0.0002,0.0006,0.001,0.0017,0.00281,0.372356,0.01392,0.000984,0.34326,0.36365,0.3728,0.38188,0.3979
53.75,0.327608,0.01392,0.000984,0.30209,0.31812,0.32715,0.33632,0.35664,0.001169,0.00078,5.5e-5,0.0002,0.0006,0.001,0.0017,0.0031,0.371223,0.01403,0.000992,0.34207,0.36255,0.3715,0.38095,0.3976,0.3,0.0,0.0,0.3,0.3,0.3,0.3,0.3,0.001169,0.00078,5.5e-5,0.0002,0.0006,0.001,0.0017,0.0031,0.372392,0.01392,0.000984,0.34336,0.36368,0.37285,0.38188,0.3979
54.0,0.327574,0.01391,0.000984,0.30209,0.31812,0.32705,0.33632,0.35664,0.001127,0.00076,5.4e-5,0.0002,0.00058,0.0009,0.0016,0.0029,0.371299,0.01402,0.000991,0.34207,0.36265,0.3716,0.38112,0.3976,0.3,0.0,0.0,0.3,0.3,0.3,0.3,0.3,0.001127,0.00076,5.4e-5,0.0002,0.00058,0.0009,0.0016,0.0029,0.372426,0.01391,0.000984,0.34336,0.36368,0.37295,0.38188,0.3979
54.25,0.32754,0.01391,0.000983,0.30209,0.31812,0.327,0.33632,0.35655,0.001096,0.00075,5.3e-5,0.0002,0.0005,0.0009,0.0015,0.0028,0.371363,0.01401,0.00099,0.34227,0.36272,0.37165,0.38112,0.3976,0.3,0.0,0.0,0.3,0.3,0.3,0.3,0.3,0.001096,0.00075,5.3e-5,0.0002,0.0005,0.0009,0.0015,0.0028,0.37246,0.01391,0.000983,0.34345,0.36368,0.373,0.38188,0.3979
54.5,0.327513,0.0139,0.000983,0.30209,0.31812,0.32695,0.33628,0.35655,0.001048,0.00072,5.1e-5,0.0002,0.0005,0.0009,0.0015,0.0027,0.371438,0.01399,0.000989,0.34246,0.3628,0.37175,0.38115,0.3976,0.3,0.0,0.0,0.3,0.3,0.3,0.3,0.3,0.001048,0.00072,5.1e-5,0.0002,0.0005,0.0009,0.0015,0.0027,0.372487,0.0139,0.000983,0.34345,0.36372,0.37305,0.38188,0.3979
54.75,0.327488,0.01389,0.000982,0.30209,0.31812,0.32695,0.33628,0.35645,0.001001,0.00069,4.9e-5,0.0001,0.0005,0.0009,0.0014,0.0026,0.371511,0.01399,0.000989,0.34247,0.36288,0.3718,0.38115,0.3976,0.3,0.0,0.0,0.3,0.3,0.3,0.3,0.3,0.001001,0.00069,4.9e-5,0.0001,0.0005,0.0009,0.0014,0.0026,0.372512,0.01389,0.000982,0.34355,0.36372,0.37305,0.38188,0.3979
55.0,0.327457,0.01389,0.000982,0.30209,0.3181,0.32695,0.33618,0.35645,0.000968,0.00067,4.8e-5,0.0001,0.00048,0.0008,0.0014,0.0025,0.371574,0.01399,0.000989,0.34247,0.36288,0.37195,0.3813,0.3977,0.3,0.0,0.0,0.3,0.3,0.3,0.3,0.3,0.000968,0.00067,4.8e-5,0.0001,0.00048,0.0008,0.0014,0.0025,0.372542,0.01389,0.000982,0.34355,0.36382,0.37305,0.3819,0.3979
55.25,0.327436,0.01389,0.000982,0.30209,0.3181,0.3268,0.33618,0.35645,0.000934,0.00066,4.7e-5,0.0001,0.0004,0.0008,0.00132,0.0024,0.37163,0.01399,0.000989,0.34247,0.3629,0.37195,0.3813,0.3977,0.3,0.0,0.0,0.3,0.3,0.3,0.3,0.3,0.000934,0.00066,4.7e-5,0.0001,0.0004,0.0008,0.00132,0.0024,0.372564,0.01389,0.000982,0.34355,0.36382,0.3732,0.3819,0.3979
55.5,0.327406,0.01389,0.000982,0.30209,0.3181,0.3268,0.33618,0.35645,0.000906,0.00067,4.7e-5,0.0,0.0004,0.0008,0.0013,0.0025,0.371688,0.01398,0.000989,0.34247,0.36298,0.372,0.38145,0.3977,0.3,0.0,0.0,0.3,0.3,0.3,0.3,0.3,0.000906,0.00067,4.7e-5,0.0,0.0004,0.0008,0.0013,0.0025,0.372594,0.01389,0.000982,0.34355,0.36382,0.3732,0.3819,0.3979
55.75,0.327386,0.01389,0.000982,0.30209,0.3181,0.3268,0.33618,0.35645,0.000874,0.00065,4.6e-5,0.0,0.0004,0.0007,0.0012,0.0025,0.371739,0.01397,0.000988,0.34257,0.36298,0.3721,0.38148,0.3977,0.3,0.0,0.0,0.3,0.3,0.3,0.3,0.3,0.000874,0.00065,4.6e-5,0.0,0.0004,0.0007,0.0012,0.0025,0.372614,0.01389,0.000982,0.34355,0.36382,0.3732,0.3819,0.3979
56.0,0.327362,0.01389,0.000982,0.30209,0.3181,0.32675,0.33615,0.35645,0.000848,0.00064,4.5e-5,0.0,0.0004,0.0007,0.0012,0.0024,0.37179,0.01396,0.000987,0.34257,0.363,0.3722,0.3815,0.3977,0.3,0.0,0.0,0.3,0.3,0.3,0.3,0.3,0.000848,0.00064,4.5e-5,0.0,0.0004,0.0007,0.0012,0.0024,0.372638,0.01389,0.000982,0.34355,0.36385,0.37325,0.3819,0.3979
56.25,0.327337,0.01389,0.000982,0.3019,0.3181,0.32675,0.33612,0.35645,0.000826,0.00063,4.5e-5,0.0,0.00038,0.0007,0.0012,0.0024,0.371837,0.01395,0.000986,0.34257,0.36308,0.3722,0.3815,0.39771,0.3,0.0,0.0,0.3,0.3,0.3,0.3,0.3,0.000826,0.00063,4.5e-5,0.0,0.00038,0.0007,0.0012,0.0024,0.372663,0.01389,0.000982,0.34355,0.36387,0.37325,0.3819,0.3981
56.5,0.327316,0.01388,0.000981,0.3019,0.3181,0.32675,0.3361,0.35645,0.000792,0.00061,4.3e-5,0.0,0.0003,0.0006,0.0012,0.0024,0.371892,0.01394,0.000985,0.34257,0.36315,0.37225,0.3815,0.39771,0.3,0.0,0.0,0.3,0.3,0.3,0.3,0.3,0.000792,0.00061,4.3e-5,0.0,0.0003,0.0006,0.0012,0.0024,0.372685,0.01388,0.000981,0.34355,0.3639,0.37325,0.3819,0.3981
56.75,0.327297,0.01388,0.000981,0.3019,0.3181,0.32675,0.3361,0.35645,0.000759,0.00059,4.2e-5,0.0,0.0003,0.0006,0.0011,0.0023,0.371943,0.01393,0.000985,0.34257,0.36315,0.3723,0.38152,0.39771,0.3,0.0,0.0,0.3,0.3,0.3,0.3,0.3,0.000759,0.00059,4.2e-5,0.0,0.0003,0.0006,0.0011,0.0023,0.372703,0.01388,0.000981,0.34355,0.3639,0.37325,0.3819,0.3981
57.0,0.32728,0.01388,0.000981,0.3019,0.3181,0.32675,0.33595,0.35645,0.00072,0.00057,4.1e-5,0.0,0.0003,0.0006,0.0011,0.0022,0.371999,0.01393,0.000985,0.34257,0.36315,0.37235,0.3816,0.39771,0.3,0.0,0.0,0.3,0.3,0.3,0.3,0.3,0.00072,0.00057,4.1e-5,0.0,0.0003,0.0006,0.0011,0.0022,0.37272,0.01388,0.000981,0.34355,0.36405,0.37325,0.3819,0.3981
57.25,0.32726,0.01387,0.000981,0.3019,0.31802,0.32675,0.33595,0.35645,0.000706,0.00057,4.0e-5,0.0,0.0003,0.0006,0.001,0.0021,0.372034,0.01393,0.000985,0.34257,0.36315,0.37235,0.38168,0.39771,0.3,0.0,0.0,0.3,0.3,0.3,0.3,0.3,0.000706,0.00057,4.0e-5,0.0,0.0003,0.0006,0.001,0.0021,0.37274,0.01387,0.000981,0.34355,0.36405,0.37325,0.38198,0.3981
57.5,0.327242,0.01387,0.000981,0.3019,0.31802,0.32675,0.33595,0.35635,0.000688,0.00056,3.9e-5,0.0,0.0003,0.0005,0.001,0.0021,0.37207,0.01392,0.000985,0.34257,0.36318,0.3724,0.38168,0.3978,0.3,0.0,0.0,0.3,0.3,0.3,0.3,0.3,0.000688,0.00056,3.9e-5,0.0,0.0003,0.0005,0.001,0.0021,0.372758,0.01387,0.000981,0.34365,0.36405,0.37325,0.38198,0.3981
57.75,0.327222,0.01387,0.000981,0.3019,0.31802,0.32675,0.33592,0.35635,0.000664,0.00054,3.8e-5,0.0,0.0003,0.0005,0.001,0.0019,0.372115,0.01393,0.000985,0.34257,0.36318,0.3726,0.38168,0.3979,0.3,0.0,0.0,0.3,0.3,0.3,0.3,0.3,0.000664,0.00054,3.8e-5,0.0,0.0003,0.0005,0.001,0.0019,0.372778,0.01387,0.000981,0.34365,0.36407,0.37325,0.38198,0.3981
58.0,0.327206,0.01387,0.000981,0.3019,0.31802,0.32675,0.33592,0.35635,0.000641,0.00053,3.8e-5,0.0,0.0002,0.0005,0.00092,0.00191,0.372154,0.01392,0.000984,0.34258,0.36325,0.3726,0.38168,0.3979,0.3,0.0,0.0,0.3,0.3,0.3,0.3,0.3,0.000641,0.00053,3.8e-5,0.0,0.0002,0.0005,0.00092,0.00191,0.372794,0.01387,0.000981,0.34365,0.36407,0.37325,0.38198,0.3981
58.25,0.32719,0.01387,0.000981,0.3019,0.31802,0.32675,0.33592,0.35635,0.000617,0.00052,3.7e-5,0.0,0.0002,0.0005,0.0009,0.0018,0.372193,0.01391,0.000984,0.34267,0.36325,0.37265,0.38168,0.3979,0.3,0.0,0.0,0.3,0.3,0.3,0.3,0.3,0.000617,0.00052,3.7e-5,0.0,0.0002,0.0005,0.0009,0.0018,0.37281,0.01387,0.000981,0.34365,0.36407,0.37325,0.38198,0.3981
58.5,0.327174,0.01387,0.000981,0.3019,0.31802,0.32675,0.3359,0.35635,0.000588,0.00051,3.6e-5,0.0,0.0002,0.0004,0.0009,0.0019,0.372238,0.01391,0.000984,0.34267,0.3634,0.3727,0.38168,0.398,0.3,0.0,0.0,0.3,0.3,0.3,0.3,0.3,0.000588,0.00051,3.6e-5,0.0,0.0002,0.0004,0.0009,0.0019,0.372826,0.01387,0.000981,0.34365,0.3641,0.37325,0.38198,0.3981
58.75,0.327152,0.01387,0.000981,0.3019,0.31802,0.32675,0.33583,0.35635,0.000577,0.0005,3.5e-5,0.0,0.0002,0.0004,0.00082,0.0017,0.372272,0.01391,0.000983,0.34267,0.36348,0.37275,0.38168,0.398,0.3,0.0,0.0,0.3,0.3,0.3,0.3,0.3,0.000577,0.0005,3.5e-5,0.0,0.0002,0.0004,0.00082,0.0017,0.372848,0.01387,0.000981,0.34365,0.36418,0.37325,0.38198,0.3981
59.0,0.327136,0.01387,0.000981,0.3019,0.31802,0.3267,0.33583,0.35635,0.000552,0.00048,3.4e-5,0.0,0.0002,0.0004,0.0008,0.0016,0.372311,0.0139,0.000983,0.34287,0.36358,0.37285,0.38168,0.398,0.3,0.0,0.0,0.3,0.3,0.3,0.3,0.3,0.000552,0.00048,3.4e-5,0.0,0.0002,0.0004,0.0008,0.0016,0.372864,0.01387,0.000981,0.34365,0.36418,0.3733,0.38198,0.3981
59.25,0.327122,0.01387,0.000981,0.3019,0.31802,0.3267,0.33583,0.35635,0.000535,0.00048,3.4e-5,0.0,0.0002,0.0004,0.0008,0.0017,0.372342,0.0139,0.000983,0.34316,0.36358,0.37285,0.38168,0.398,0.3,0.0,0.0,0.3,0.3,0.3,0.3,0.3,0.000535,0.00048,3.4e-5,0.0,0.0002,0.0004,0.0008,0.0017,0.372877,0.01387,0.000981,0.34365,0.36418,0.3733,0.38198,0.3981
59.5,0.327104,0.01387,0.000981,0.3019,0.31802,0.3267,0.33583,0.35635,0.000524,0.00048,3.4e-5,0.0,0.0002,0.0004,0.0008,0.0017,0.372371,0.01389,0.000982,0.34326,0.36358,0.37285,0.38168,0.398,0.3,0.0,0.0,0.3,0.3,0.3,0.3,0.3,0.000524,0.00048,3.4e-5,0.0,0.0002,0.0004,0.0008,0.0017,0.372896,0.01387,0.000981,0.34365,0.36418,0.3733,0.38198,0.3981
59.75,0.327093,0.01387,0.000981,0.3019,0.31802,0.3267,0.33575,0.35635,0.000502,0.00047,3.3e-5,0.0,0.0002,0.0004,0.0007,0.0016,0.372405,0.01388,0.000982,0.34336,0.36362,0.3729,0.38168,0.398,0.3,0.0,0.0,0.3,0.3,0.3,0.3,0.3,0.000502,0.00047,3.3e-5,0.0,0.0002,0.0004,0.0007,0.0016,0.372907,0.01387,0.000981,0.34365,0.36425,0.3733,0.38198,0.3981
60.0,0.327079,0.01387,0.000981,0.3019,0.31802,0.3267,0.33575,0.35635,0.000484,0.00047,3.3e-5,0.0,0.0001,0.0003,0.0007,0.0017,0.372436,0.01388,0.000982,0.34336,0.36365,0.37295,0.38168,0.398,0.3,0.0,0.0,0.3,0.3,0.3,0.3,0.3,0.000484,0.00047,3.3e-5,0.0,0.0001,0.0003,0.0007,0.0017,0.372921,0.01387,0.000981,0.34365,0.36425,0.3733,0.38198,0.3981
