t,cond.S_lo.mean,cond.S_lo.sd,cond.S_lo.se,cond.S_lo.q025,cond.S_lo.q25,cond.S_lo.q50,cond.S_lo.q75,cond.S_lo.q975,cond.S_hi.mean,cond.S_hi.sd,cond.S_hi.se,cond.S_hi.q025,cond.S_hi.q25,cond.S_hi.q50,cond.S_hi.q75,cond.S_hi.q975,cond.E_lo.mean,cond.E_lo.sd,cond.E_lo.se,cond.E_lo.q025,cond.E_lo.q25,cond.E_lo.q50,cond.E_lo.q75,cond.E_lo.q975,cond.I.mean,cond.I.sd,cond.I.se,cond.I.q025,cond.I.q25,cond.I.q50,cond.I.q75,cond.I.q975,cond.E_hi.mean,cond.E_hi.sd,cond.E_hi.se,cond.E_hi.q025,cond.E_hi.q25,cond.E_hi.q50,cond.E_hi.q75,cond.E_hi.q975,cond.R.mean,cond.R.sd,cond.R.se,cond.R.q025,cond.R.q25,cond.R.q50,cond.R.q75,cond.R.q975,cond.V.mean,cond.V.sd,cond.V.se,cond.V.q025,cond.V.q25,cond.V.q50,cond.V.q75,cond.V.q975,cond.infectious.mean,cond.infectious.sd,cond.infectious.se,cond.infectious.q025,cond.infectious.q25,cond.infectious.q50,cond.infectious.q75,cond.infectious.q975,cond.cumulative.mean,cond.cumulative.sd,cond.cumulative.se,cond.cumulative.q025,cond.cumulative.q25,cond.cumulative.q50,cond.cumulative.q75,cond.cumulative.q975
0.0,0.396049,0.00052,3.6e-5,0.3951,0.3957,0.396,0.3964,0.397,0.593951,0.00052,3.6e-5,0.593,0.5936,0.594,0.5943,0.5949,0.0,0.0,0.0,0.0,0.0,0.0,0.0,0.0,0.01,0.0,0.0,0.01,0.01,0.01,0.01,0.01,0.0,0.0,0.0,0.0,0.0,0.0,0.0,0.0,0.0,0.0,0.0,0.0,0.0,0.0,0.0,0.0,0.0,0.0,0.0,0.0,0.0,0.0,0.0,0.0,0.01,0.0,0.0,0.01,0.01,0.01,0.01,0.01,0.01,0.0,0.0,0.01,0.01,0.01,0.01,0.01
1.0,0.394636,0.00066,4.6e-5,0.3934,0.3942,0.3946,0.3951,0.3959,0.581122,0.00121,8.5e-5,0.5787,0.5804,0.5811,0.5819,0.58331,0.001082,0.00033,2.3e-5,0.0005,0.0008,0.0011,0.0013,0.0018,0.008664,0.0005,3.6e-5,0.0077,0.0083,0.0087,0.009,0.0095,0.006334,0.00079,5.6e-5,0.0049,0.0058,0.0063,0.0069,0.008,0.002337,0.00042,2.9e-5,0.0016,0.0021,0.0023,0.0026,0.0032,0.005686,0.00071,5.0e-5,0.0045,0.0052,0.0057,0.0062,0.0072,0.008664,0.0005,3.6e-5,0.0077,0.0083,0.0087,0.009,0.0095,0.018418,0.00101,7.2e-5,0.01649,0.0177,0.0184,0.0192,0.0204
2.0,0.393401,0.00079,5.6e-5,0.392,0.3929,0.3933,0.394,0.3949,0.570155,0.0016,0.000113,0.567,0.56918,0.5701,0.5713,0.5732,0.00163,0.00039,2.8e-5,0.0009,0.0013,0.0016,0.0019,0.0023,0.008878,0.00073,5.2e-5,0.0076,0.0085,0.0088,0.0093,0.0103,0.009814,0.001,7.1e-5,0.00789,0.0092,0.0098,0.0104,0.0119,0.004476,0.00049,3.5e-5,0.0034,0.0042,0.00445,0.0048,0.0054,0.011056,0.00101,7.1e-5,0.0092,0.0104,0.011,0.0117,0.0131,0.008878,0.00073,5.2e-5,0.0076,0.0085,0.0088,0.0093,0.0103,0.024798,0.00147,0.000104,0.0219,0.0237,0.0248,0.0258,0.0277
3.0,0.392138,0.0009,6.4e-5,0.3903,0.3915,0.3922,0.3927,0.3939,0.559646,0.00214,0.000151,0.5555,0.5583,0.5595,0.5613,0.56361,0.002,0.00045,3.1e-5,0.0012,0.0017,0.002,0.0023,0.0028,0.009743,0.00103,7.3e-5,0.0079,0.009,0.0097,0.0103,0.01191,0.01234,0.00125,8.8e-5,0.01,0.0116,0.0122,0.0132,0.01491,0.00678,0.00065,4.6e-5,0.0056,0.0063,0.0068,0.0072,0.0079,0.016078,0.00132,9.3e-5,0.0137,0.0152,0.016,0.0168,0.0192,0.009743,0.00103,7.3e-5,0.0079,0.009,0.0097,0.0103,0.01191,0.030863,0.00212,0.00015,0.0272,0.0294,0.0308,0.0323,0.03492
4.0,0.39076,0.0011,7.8e-5,0.38869,0.3901,0.3908,0.3915,0.3928,0.549163,0.00258,0.000183,0.54449,0.54748,0.54935,0.55102,0.5544,0.002288,0.00057,4.0e-5,0.0013,0.0019,0.0022,0.0027,0.0035,0.010928,0.00125,8.8e-5,0.0085,0.0102,0.0108,0.01162,0.0134,0.014648,0.00154,0.000109,0.01189,0.0136,0.0145,0.0157,0.01761,0.009358,0.00077,5.5e-5,0.008,0.0088,0.0093,0.0099,0.0109,0.020624,0.00143,0.000101,0.0178,0.01967,0.02055,0.0216,0.0232,0.010928,0.00125,8.8e-5,0.0085,0.0102,0.0108,0.01162,0.0134,0.037223,0.00285,0.000201,0.03208,0.03528,0.0372,0.03922,0.04231
5.0,0.389281,0.00125,8.8e-5,0.3868,0.3884,0.3894,0.3902,0.3914,0.5384,0.00321,0.000227,0.5324,0.5361,0.5387,0.54042,0.54452,0.002565,0.00056,4.0e-5,0.0015,0.0022,0.0025,0.003,0.0036,0.012381,0.00155,0.000109,0.0093,0.01138,0.01235,0.01332,0.0155,0.016863,0.00183,0.000129,0.01368,0.0156,0.01675,0.01802,0.0203,0.012229,0.00093,6.6e-5,0.0107,0.0117,0.0122,0.0128,0.0142,0.024897,0.0016,0.000113,0.0222,0.0238,0.025,0.0258,0.0283,0.012381,0.00155,0.000109,0.0093,0.01138,0.01235,0.01332,0.0155,0.044038,0.00369,0.000261,0.0373,0.0413,0.04415,0.0464,0.0509
6.0,0.387595,0.00147,0.000104,0.3845,0.38668,0.38765,0.38862,0.39001,0.527204,0.00386,0.000273,0.52029,0.5244,0.52725,0.52992,0.5359,0.002928,0.00064,4.5e-5,0.0018,0.0025,0.0029,0.0034,0.0043,0.013943,0.00178,0.000126,0.0104,0.0126,0.0138,0.01512,0.0174,0.019097,0.00218,0.000154,0.0155,0.0176,0.01895,0.0208,0.0232,0.015553,0.00116,8.2e-5,0.0134,0.0148,0.01555,0.0162,0.0179,0.02896,0.00177,0.000125,0.026,0.02778,0.02885,0.03012,0.0326,0.013943,0.00178,0.000126,0.0104,0.0126,0.0138,0.01512,0.0174,0.051522,0.0046,0.000326,0.04329,0.0485,0.0518,0.0546,0.05961
7.0,0.385725,0.00173,0.000122,0.3823,0.38468,0.3859,0.3869,0.38911,0.515474,0.00456,0.000322,0.50779,0.5125,0.5159,0.51842,0.52382,0.00325,0.00068,4.8e-5,0.0021,0.0028,0.0032,0.0036,0.0046,0.015842,0.00217,0.000154,0.01189,0.0145,0.01555,0.0175,0.0202,0.021507,0.00253,0.000179,0.01668,0.0197,0.0216,0.0235,0.02602,0.019263,0.0015,0.000106,0.0165,0.0183,0.01915,0.0202,0.0223,0.032665,0.00166,0.000117,0.0291,0.03158,0.0327,0.0336,0.0357,0.015842,0.00217,0.000154,0.01189,0.0145,0.01555,0.0175,0.0202,0.059861,0.00571,0.000404,0.04898,0.0559,0.06015,0.06363,0.07073
8.0,0.383585,0.00192,0.000136,0.3795,0.38238,0.38375,0.3848,0.3873,0.503316,0.00534,0.000377,0.4945,0.49948,0.50325,0.5068,0.51312,0.003717,0.00069,4.8e-5,0.0025,0.00327,0.0037,0.0042,0.005,0.017761,0.00246,0.000174,0.0129,0.01608,0.0179,0.0195,0.0221,0.02412,0.00275,0.000195,0.01899,0.02205,0.0241,0.02602,0.0295,0.02352,0.0019,0.000134,0.0201,0.0224,0.0234,0.0248,0.0273,0.035916,0.0018,0.000128,0.0326,0.0345,0.036,0.0372,0.039,0.017761,0.00246,0.000174,0.0129,0.01608,0.0179,0.0195,0.0221,0.069118,0.00664,0.00047,0.05598,0.0645,0.0692,0.0737,0.0814
9.0,0.381222,0.00221,0.000156,0.37679,0.3798,0.3815,0.3826,0.3853,0.49053,0.00646,0.000457,0.4791,0.4861,0.49055,0.4948,0.50162,0.004109,0.00076,5.3e-5,0.0028,0.0036,0.0041,0.0047,0.0056,0.020145,0.00276,0.000195,0.01479,0.0184,0.02,0.0219,0.02511,0.026834,0.00332,0.000235,0.01969,0.0244,0.0267,0.0291,0.0338,0.028217,0.00243,0.000172,0.0237,0.0267,0.0281,0.0297,0.0329,0.038976,0.00186,0.000132,0.03579,0.0376,0.039,0.04032,0.0424,0.020145,0.00276,0.000195,0.01479,0.0184,0.02,0.0219,0.02511,0.079304,0.0081,0.000572,0.0635,0.07353,0.07915,0.0854,0.09367
10.0,0.378582,0.00256,0.000181,0.3737,0.3768,0.3788,0.3804,0.38311,0.476874,0.00736,0.00052,0.4635,0.47198,0.4768,0.48198,0.49032,0.004586,0.00083,5.8e-5,0.0032,0.004,0.00455,0.0051,0.0064,0.022661,0.00307,0.000217,0.01689,0.02027,0.0226,0.02442,0.0289,0.029858,0.0036,0.000255,0.02339,0.02758,0.02985,0.0325,0.03661,0.033577,0.003,0.000212,0.0282,0.0316,0.03345,0.0355,0.0403,0.041887,0.00199,0.000141,0.03819,0.04038,0.0421,0.0432,0.0457,0.022661,0.00307,0.000217,0.01689,0.02027,0.0226,0.02442,0.0289,0.090683,0.0094,0.000665,0.07229,0.0846,0.09065,0.09732,0.10708
11.0,0.375581,0.0029,0.000205,0.3699,0.3737,0.37585,0.37772,0.3811,0.462772,0.00831,0.000588,0.44749,0.45718,0.46295,0.46902,0.47861,0.005165,0.00096,6.8e-5,0.0034,0.0045,0.0051,0.0058,0.0069,0.025424,0.00336,0.000238,0.01959,0.023,0.0251,0.0275,0.03211,0.032874,0.00393,0.000278,0.0253,0.0301,0.03275,0.03572,0.04041,0.039595,0.00369,0.000261,0.03309,0.03708,0.03955,0.0418,0.0469,0.044432,0.00209,0.000148,0.0404,0.04298,0.04445,0.0458,0.0483,0.025424,0.00336,0.000238,0.01959,0.023,0.0251,0.0275,0.03211,0.103057,0.01082,0.000765,0.0816,0.0961,0.10345,0.11072,0.12268
12.0,0.372261,0.0033,0.000234,0.36589,0.36992,0.37245,0.37472,0.37832,0.448239,0.00922,0.000652,0.43079,0.4417,0.4488,0.45485,0.46601,0.005794,0.00104,7.4e-5,0.0037,0.0051,0.00585,0.0065,0.00761,0.02829,0.00364,0.000258,0.0218,0.0255,0.0282,0.0308,0.03501,0.035986,0.00427,0.000302,0.0282,0.0331,0.03595,0.039,0.0444,0.046298,0.00444,0.000314,0.03877,0.0431,0.04655,0.0492,0.05402,0.046654,0.00221,0.000156,0.0427,0.0451,0.04675,0.04822,0.0506,0.02829,0.00364,0.000258,0.0218,0.0255,0.0282,0.0308,0.03501,0.116366,0.01229,0.000869,0.0934,0.10758,0.11695,0.12492,0.14124
13.0,0.368629,0.00372,0.000263,0.3617,0.36585,0.36895,0.37132,0.3755,0.433134,0.0103,0.000728,0.41477,0.42575,0.43365,0.4406,0.45291,0.006376,0.0011,7.8e-5,0.0042,0.0057,0.0064,0.0071,0.0088,0.031389,0.00412,0.000291,0.02429,0.0283,0.0316,0.03452,0.0395,0.03913,0.0045,0.000318,0.03048,0.0361,0.03895,0.0426,0.0477,0.053773,0.00525,0.000371,0.0442,0.0499,0.0538,0.05715,0.06421,0.048698,0.00226,0.00016,0.0447,0.04708,0.0485,0.0502,0.053,0.031389,0.00412,0.000291,0.02429,0.0283,0.0316,0.03452,0.0395,0.130669,0.01385,0.00098,0.10609,0.12098,0.13085,0.1404,0.15597
14.0,0.364666,0.00412,0.000291,0.35659,0.36158,0.3649,0.3677,0.3728,0.417516,0.01116,0.000789,0.39708,0.41012,0.417,0.42555,0.4395,0.007044,0.00112,7.9e-5,0.005,0.00618,0.0072,0.0078,0.00891,0.034526,0.00449,0.000317,0.0262,0.031,0.0349,0.03772,0.04361,0.042383,0.00466,0.000329,0.03359,0.03918,0.04245,0.04565,0.05121,0.062056,0.00629,0.000445,0.0507,0.05748,0.0623,0.06612,0.0757,0.050467,0.0023,0.000163,0.0464,0.0488,0.0503,0.05192,0.0552,0.034526,0.00449,0.000317,0.0262,0.031,0.0349,0.03772,0.04361,0.146009,0.01523,0.001077,0.11839,0.13535,0.14715,0.15605,0.17278
15.0,0.36037,0.00463,0.000327,0.3511,0.3568,0.3604,0.36372,0.3696,0.40129,0.01208,0.000854,0.37797,0.39295,0.4005,0.41045,0.4243,0.007683,0.00126,8.9e-5,0.0054,0.0067,0.0077,0.0086,0.0102,0.038096,0.00496,0.000351,0.0287,0.03465,0.03825,0.04152,0.04811,0.045601,0.00478,0.000338,0.03699,0.0418,0.0458,0.049,0.0544,0.07097,0.00715,0.000506,0.05749,0.066,0.07045,0.07575,0.08443,0.052075,0.00241,0.00017,0.04809,0.05057,0.0518,0.0537,0.05691,0.038096,0.00496,0.000351,0.0287,0.03465,0.03825,0.04152,0.04811,0.16235,0.0168,0.001188,0.1323,0.15028,0.16285,0.17352,0.19392
16.0,0.355782,0.00507,0.000358,0.3457,0.3518,0.35565,0.3594,0.36482,0.384747,0.01298,0.000918,0.36153,0.3749,0.3848,0.39445,0.40932,0.008248,0.00129,9.1e-5,0.00609,0.0073,0.0082,0.0091,0.0108,0.041686,0.00526,0.000372,0.032,0.0378,0.0419,0.0452,0.05272,0.048665,0.00501,0.000354,0.03949,0.0447,0.04855,0.05225,0.05731,0.080941,0.00825,0.000583,0.06509,0.07558,0.08095,0.0869,0.09662,0.053434,0.00241,0.000171,0.04939,0.0518,0.0533,0.0551,0.05831,0.041686,0.00526,0.000372,0.032,0.0378,0.0419,0.0452,0.05272,0.179538,0.01826,0.001291,0.14649,0.1663,0.1787,0.1923,0.21233
17.0,0.350892,0.00555,0.000392,0.3401,0.3465,0.35095,0.35475,0.3606,0.368068,0.01383,0.000978,0.34168,0.35772,0.3679,0.37905,0.39364,0.008848,0.00135,9.6e-5,0.0063,0.0079,0.0088,0.00973,0.0113,0.045152,0.0055,0.000389,0.0352,0.04118,0.0453,0.04895,0.05563,0.051572,0.00512,0.000362,0.0426,0.04807,0.0517,0.05522,0.06091,0.091785,0.00942,0.000666,0.0735,0.0854,0.0917,0.0986,0.11021,0.054494,0.00243,0.000172,0.0503,0.05278,0.0544,0.05612,0.0594,0.045152,0.0055,0.000389,0.0352,0.04118,0.0453,0.04895,0.05563,0.197358,0.01976,0.001397,0.16137,0.183,0.1977,0.2118,0.23172
18.0,0.345569,0.00604,0.000427,0.3334,0.341,0.3456,0.35005,0.3561,0.351195,0.01458,0.001031,0.3245,0.3401,0.35205,0.3627,0.37852,0.009592,0.00143,0.000101,0.0069,0.0085,0.0096,0.0106,0.0123,0.048488,0.00567,0.000401,0.03846,0.0445,0.0485,0.05212,0.05911,0.054257,0.00514,0.000364,0.0447,0.05018,0.054,0.05818,0.06381,0.103575,0.01059,0.000749,0.0838,0.0961,0.10385,0.11175,0.12372,0.05536,0.00241,0.00017,0.05129,0.05358,0.0553,0.0569,0.06002,0.048488,0.00567,0.000401,0.03846,0.0445,0.0485,0.05212,0.05911,0.215911,0.02117,0.001497,0.17699,0.20025,0.2156,0.2316,0.25332
19.0,0.339969,0.0066,0.000467,0.327,0.335,0.3398,0.34495,0.35181,0.334506,0.01529,0.001081,0.30736,0.32248,0.3349,0.34642,0.3629,0.010184,0.0014,9.9e-5,0.0076,0.0091,0.0102,0.01122,0.01291,0.051923,0.00603,0.000427,0.04078,0.0477,0.0521,0.05612,0.06321,0.056424,0.00507,0.000358,0.0468,0.05278,0.0566,0.05962,0.0653,0.116221,0.01188,0.00084,0.09438,0.10775,0.11625,0.12475,0.13841,0.055998,0.00258,0.000182,0.0517,0.0542,0.0557,0.0575,0.0615,0.051923,0.00603,0.000427,0.04078,0.0477,0.0521,0.05612,0.06321,0.234754,0.02263,0.0016,0.19358,0.2177,0.2348,0.25148,0.27401
20.0,0.334156,0.00712,0.000504,0.32079,0.3289,0.33435,0.33955,0.34641,0.317938,0.01583,0.00112,0.289,0.306,0.318,0.33035,0.34822,0.010732,0.00141,0.0001,0.0084,0.0097,0.0108,0.0115,0.0136,0.055295,0.006,0.000424,0.04439,0.05118,0.05515,0.06022,0.06632,0.058269,0.00493,0.000348,0.04869,0.0547,0.0586,0.06142,0.06691,0.129622,0.01332,0.000942,0.10635,0.11985,0.1295,0.13953,0.15491,0.056428,0.00267,0.000189,0.0518,0.05448,0.0561,0.0583,0.062,0.055295,0.006,0.000424,0.04439,0.05118,0.05515,0.06022,0.06632,0.253919,0.02386,0.001687,0.20908,0.23588,0.2539,0.27252,0.29602
21.0,0.32814,0.00765,0.000541,0.3143,0.32235,0.32835,0.33367,0.3419,0.30142,0.01621,0.001146,0.27347,0.28988,0.30105,0.31435,0.33209,0.011242,0.00142,0.000101,0.0086,0.0101,0.0113,0.0122,0.014,0.058295,0.00606,0.000428,0.0467,0.0536,0.0581,0.06315,0.0696,0.059929,0.00465,0.000329,0.05069,0.0565,0.0604,0.0629,0.06872,0.143893,0.01448,0.001024,0.11723,0.1333,0.14335,0.15472,0.17043,0.056747,0.0027,0.000191,0.0523,0.05478,0.0564,0.0588,0.0624,0.058295,0.00606,0.000428,0.0467,0.0536,0.0581,0.06315,0.0696,0.27336,0.02487,0.001758,0.22456,0.25415,0.2737,0.2918,0.3174
22.0,0.321939,0.00808,0.000571,0.30778,0.31585,0.3224,0.3279,0.3371,0.28509,0.01653,0.001169,0.25589,0.27315,0.28465,0.29772,0.31717,0.011638,0.00136,9.6e-5,0.0089,0.0107,0.0117,0.01242,0.01411,0.061266,0.00603,0.000427,0.04997,0.05715,0.0615,0.06625,0.07112,0.06124,0.00445,0.000315,0.05229,0.05808,0.0614,0.0642,0.0693,0.158844,0.01581,0.001118,0.13057,0.1467,0.15875,0.17068,0.18703,0.056801,0.00272,0.000193,0.0523,0.0546,0.0565,0.0587,0.0624,0.061266,0.00603,0.000427,0.04997,0.05715,0.0615,0.06625,0.07112,0.292988,0.02578,0.001823,0.24207,0.27362,0.29325,0.31172,0.33751
23.0,0.315597,0.00854,0.000604,0.30039,0.309,0.3153,0.32148,0.33093,0.269125,0.01667,0.001179,0.2399,0.2569,0.26865,0.282,0.3021,0.012026,0.00142,0.000101,0.0095,0.01108,0.0119,0.013,0.0147,0.063959,0.00617,0.000436,0.05278,0.05942,0.0636,0.06895,0.07432,0.061931,0.00397,0.000281,0.05359,0.05888,0.0623,0.06502,0.0686,0.174582,0.0172,0.001217,0.14458,0.16118,0.17385,0.18625,0.20441,0.056764,0.00273,0.000193,0.05239,0.0547,0.05655,0.05872,0.06212,0.063959,0.00617,0.000436,0.05278,0.05942,0.0636,0.06895,0.07432,0.312498,0.02661,0.001881,0.25826,0.2911,0.3132,0.33228,0.35745
24.0,0.309106,0.0089,0.00063,0.29299,0.30152,0.3092,0.31498,0.32522,0.25391,0.01671,0.001182,0.22547,0.24108,0.253,0.26662,0.28751,0.012434,0.00131,9.3e-5,0.0101,0.0115,0.0123,0.0134,0.01471,0.06626,0.00591,0.000418,0.05519,0.06178,0.0665,0.07085,0.07651,0.062072,0.00378,0.000268,0.05428,0.05968,0.0623,0.065,0.0692,0.190855,0.01847,0.001306,0.15504,0.17645,0.1904,0.2041,0.22233,0.056511,0.00281,0.000199,0.0516,0.0546,0.0564,0.0585,0.0616,0.06626,0.00591,0.000418,0.05519,0.06178,0.0665,0.07085,0.07651,0.331622,0.02714,0.001919,0.27626,0.31023,0.332,0.35225,0.37842
25.0,0.302544,0.00911,0.000644,0.28559,0.29495,0.3028,0.30867,0.31952,0.239389,0.01656,0.001171,0.21188,0.22682,0.23915,0.2517,0.2735,0.012797,0.00123,8.7e-5,0.0102,0.012,0.0128,0.0136,0.01521,0.068019,0.00569,0.000402,0.05708,0.06405,0.0678,0.07232,0.07833,0.06184,0.00353,0.000249,0.0551,0.05955,0.06205,0.0645,0.06781,0.207614,0.01978,0.001398,0.16925,0.19158,0.20705,0.2216,0.2422,0.056139,0.00288,0.000204,0.05119,0.054,0.0561,0.0581,0.06142,0.068019,0.00569,0.000402,0.05708,0.06405,0.0678,0.07232,0.07833,0.350269,0.02746,0.001942,0.29208,0.32888,0.3501,0.3711,0.39821
26.0,0.295989,0.00934,0.00066,0.2789,0.28855,0.29635,0.3024,0.31313,0.22541,0.01626,0.00115,0.19688,0.21302,0.22555,0.23775,0.25708,0.012878,0.00123,8.7e-5,0.0107,0.012,0.0128,0.01362,0.0154,0.069826,0.0054,0.000382,0.0604,0.06608,0.07,0.0734,0.08001,0.061098,0.00307,0.000217,0.0548,0.0592,0.0613,0.0632,0.06661,0.224637,0.02078,0.00147,0.18376,0.2082,0.22415,0.23968,0.26201,0.055792,0.00295,0.000208,0.05059,0.0536,0.05585,0.0578,0.06131,0.069826,0.0054,0.000382,0.0604,0.06608,0.07,0.0734,0.08001,0.368439,0.02753,0.001947,0.31149,0.34665,0.3686,0.39023,0.41652
27.0,0.289615,0.00955,0.000675,0.27318,0.28197,0.28985,0.29625,0.30645,0.212134,0.01585,0.001121,0.18349,0.19958,0.21235,0.22405,0.24031,0.012925,0.00129,9.2e-5,0.0102,0.012,0.013,0.01382,0.0155,0.070822,0.00485,0.000343,0.0622,0.06718,0.0712,0.07392,0.0799,0.059938,0.00276,0.000195,0.05469,0.05778,0.06025,0.0618,0.06504,0.242178,0.02192,0.00155,0.19885,0.2246,0.24235,0.25772,0.28131,0.05534,0.0029,0.000205,0.0503,0.05315,0.05535,0.0574,0.0603,0.070822,0.00485,0.000343,0.0622,0.06718,0.0712,0.07392,0.0799,0.385864,0.02748,0.001943,0.33056,0.36425,0.3863,0.40748,0.43301
28.0,0.283223,0.00967,0.000684,0.2658,0.27575,0.2834,0.2898,0.30044,0.19973,0.0155,0.001096,0.17218,0.18748,0.1999,0.21032,0.22752,0.012778,0.00124,8.8e-5,0.0104,0.0119,0.0128,0.01352,0.0153,0.071294,0.00458,0.000324,0.063,0.068,0.0715,0.0745,0.0806,0.058445,0.00254,0.000179,0.05299,0.0569,0.05855,0.0601,0.06331,0.260074,0.02274,0.001608,0.21554,0.24325,0.25975,0.27572,0.30108,0.05467,0.00292,0.000207,0.0496,0.0525,0.0547,0.0569,0.05961,0.071294,0.00458,0.000324,0.063,0.068,0.0715,0.0745,0.0806,0.40259,0.02736,0.001935,0.34829,0.38158,0.40375,0.4235,0.44972
29.0,0.27701,0.00971,0.000687,0.25999,0.2699,0.27715,0.28397,0.29422,0.188193,0.01501,0.001062,0.16249,0.1766,0.18815,0.19855,0.21459,0.012576,0.00122,8.6e-5,0.01039,0.01178,0.0125,0.01342,0.015,0.071343,0.0044,0.000311,0.063,0.06845,0.07105,0.0745,0.0799,0.056702,0.0023,0.000163,0.0527,0.0549,0.0568,0.0583,0.061,0.277818,0.02352,0.001663,0.23167,0.2604,0.2774,0.29432,0.31949,0.053816,0.00284,0.000201,0.0491,0.0518,0.0538,0.05562,0.05881,0.071343,0.0044,0.000311,0.063,0.06845,0.07105,0.0745,0.0799,0.41844,0.02702,0.001911,0.36679,0.3974,0.42,0.44005,0.46472
30.0,0.271086,0.00963,0.000681,0.25418,0.26375,0.27095,0.2781,0.2888,0.177469,0.01447,0.001023,0.15327,0.1665,0.1769,0.18767,0.20421,0.012302,0.00126,8.9e-5,0.0099,0.01138,0.0122,0.0133,0.01461,0.070982,0.00419,0.000296,0.063,0.06828,0.07085,0.0737,0.0791,0.05451,0.00224,0.000158,0.0503,0.0529,0.05415,0.0563,0.0588,0.29548,0.02407,0.001702,0.24737,0.27722,0.2954,0.31278,0.33922,0.052951,0.00277,0.000196,0.0484,0.0508,0.05305,0.05492,0.0583,0.070982,0.00419,0.000296,0.063,0.06828,0.07085,0.0737,0.0791,0.433274,0.02647,0.001872,0.38368,0.41235,0.4347,0.45435,0.4786
31.0,0.265341,0.00959,0.000678,0.24898,0.25808,0.2653,0.27212,0.2828,0.167548,0.01381,0.000977,0.1442,0.15668,0.16725,0.1769,0.19181,0.011978,0.00125,8.8e-5,0.0094,0.01118,0.01205,0.0127,0.0145,0.069994,0.00405,0.000286,0.0613,0.06748,0.07,0.0727,0.0771,0.052026,0.00238,0.000168,0.048,0.0503,0.0519,0.05352,0.0576,0.313218,0.02441,0.001726,0.26429,0.2944,0.3135,0.3318,0.35592,0.052038,0.0028,0.000198,0.04729,0.04985,0.0521,0.0542,0.0567,0.069994,0.00405,0.000286,0.0613,0.06748,0.07,0.0727,0.0771,0.447216,0.02596,0.001835,0.39954,0.42668,0.4485,0.46805,0.4917
32.0,0.259835,0.00954,0.000675,0.24389,0.2524,0.25955,0.2668,0.27731,0.158286,0.01305,0.000923,0.13619,0.1482,0.1578,0.16762,0.1829,0.011627,0.00109,7.7e-5,0.0095,0.0109,0.0116,0.0123,0.0137,0.068725,0.00365,0.000258,0.06238,0.06618,0.06905,0.07123,0.07511,0.049508,0.00267,0.000189,0.0448,0.0476,0.0492,0.0512,0.0551,0.33049,0.02478,0.001752,0.28195,0.31145,0.33045,0.34928,0.37224,0.051127,0.00283,0.0002,0.0465,0.049,0.0512,0.0533,0.05611,0.068725,0.00365,0.000258,0.06238,0.06618,0.06905,0.07123,0.07511,0.460351,0.02531,0.00179,0.4112,0.44078,0.4612,0.48132,0.5034
33.0,0.254654,0.00948,0.00067,0.2388,0.24758,0.2543,0.2617,0.2719,0.149838,0.01246,0.000881,0.12897,0.14,0.1486,0.1581,0.17324,0.011112,0.00097,6.9e-5,0.0092,0.01048,0.0112,0.0118,0.0128,0.067051,0.0035,0.000247,0.0606,0.06458,0.06705,0.0694,0.07323,0.046774,0.0027,0.000191,0.04247,0.0448,0.0467,0.04842,0.0527,0.34753,0.02492,0.001762,0.2979,0.3277,0.3477,0.36695,0.38881,0.050155,0.00277,0.000196,0.0452,0.04798,0.0502,0.052,0.0551,0.067051,0.0035,0.000247,0.0606,0.06458,0.06705,0.0694,0.07323,0.472467,0.02476,0.001751,0.42399,0.4538,0.47475,0.4921,0.51474
34.0,0.249691,0.00932,0.000659,0.2336,0.24282,0.24945,0.25622,0.2677,0.142122,0.01186,0.000839,0.12109,0.133,0.141,0.14968,0.16502,0.010627,0.0011,7.8e-5,0.0086,0.0099,0.0105,0.0114,0.01282,0.06498,0.00322,0.000227,0.0592,0.0631,0.06485,0.0671,0.07101,0.043964,0.00275,0.000195,0.03969,0.0419,0.0438,0.04552,0.0501,0.364133,0.02513,0.001777,0.31586,0.3441,0.36495,0.38355,0.40705,0.049103,0.00283,0.0002,0.04419,0.04688,0.04895,0.0513,0.0543,0.06498,0.00322,0.000227,0.0592,0.0631,0.06485,0.0671,0.07101,0.483704,0.02411,0.001705,0.43894,0.46592,0.4863,0.50273,0.52446
35.0,0.245022,0.00916,0.000648,0.2286,0.23835,0.24465,0.2515,0.26241,0.13506,0.01131,0.0008,0.11558,0.12685,0.134,0.14205,0.15701,0.010098,0.00115,8.1e-5,0.0081,0.0093,0.01,0.0109,0.01241,0.062806,0.00309,0.000218,0.05729,0.06067,0.0624,0.0648,0.06891,0.041113,0.00289,0.000205,0.03658,0.0392,0.04085,0.04295,0.04731,0.380045,0.02512,0.001777,0.33146,0.36002,0.38075,0.4002,0.42302,0.048048,0.00288,0.000204,0.04289,0.04578,0.0481,0.0504,0.0535,0.062806,0.00309,0.000218,0.05729,0.06067,0.0624,0.0648,0.06891,0.494061,0.02348,0.00166,0.45036,0.47725,0.4961,0.51218,0.53279
36.0,0.240496,0.00902,0.000638,0.22419,0.2338,0.2403,0.24653,0.258,0.128629,0.01087,0.000769,0.10948,0.12065,0.12745,0.13532,0.14961,0.009672,0.00116,8.2e-5,0.0078,0.00888,0.0096,0.0104,0.0122,0.060382,0.00331,0.000234,0.05449,0.0583,0.0603,0.0623,0.06701,0.03829,0.00295,0.000209,0.0331,0.0363,0.03835,0.0402,0.04481,0.395356,0.02509,0.001774,0.34689,0.3747,0.3962,0.41492,0.43763,0.047004,0.00284,0.000201,0.0422,0.04488,0.04675,0.0491,0.0528,0.060382,0.00331,0.000234,0.05449,0.0583,0.0603,0.0623,0.06701,0.503699,0.02295,0.001623,0.46058,0.48848,0.5061,0.52123,0.54176
37.0,0.23634,0.00888,0.000628,0.22008,0.22988,0.23625,0.24235,0.2538,0.12277,0.01025,0.000725,0.10459,0.1153,0.1219,0.12932,0.14171,0.009202,0.00105,7.4e-5,0.00719,0.00857,0.0093,0.0099,0.0113,0.057456,0.00323,0.000228,0.05159,0.05508,0.0575,0.0595,0.06421,0.035647,0.00308,0.000218,0.0305,0.03338,0.0356,0.0375,0.04181,0.410202,0.02497,0.001765,0.3618,0.39068,0.41165,0.4292,0.4523,0.045826,0.00281,0.000199,0.0411,0.0438,0.04565,0.048,0.05122,0.057456,0.00323,0.000228,0.05159,0.05508,0.0575,0.0595,0.06421,0.512507,0.0223,0.001577,0.47078,0.49798,0.51475,0.52902,0.54871
38.0,0.23244,0.00871,0.000616,0.2153,0.2264,0.23215,0.2381,0.24901,0.117414,0.00974,0.000689,0.10099,0.1106,0.1162,0.1239,0.13551,0.00858,0.00111,7.9e-5,0.0066,0.0079,0.00855,0.0092,0.011,0.0548,0.00348,0.000246,0.0487,0.05265,0.0547,0.05705,0.06192,0.033014,0.00296,0.000209,0.0272,0.0308,0.0331,0.0349,0.03872,0.424198,0.02488,0.00176,0.37568,0.40508,0.42555,0.44272,0.46612,0.044751,0.00278,0.000197,0.04009,0.04277,0.0445,0.04672,0.0505,0.0548,0.00348,0.000246,0.0487,0.05265,0.0547,0.05705,0.06192,0.52059,0.02169,0.001534,0.48057,0.50607,0.5221,0.53632,0.5562
39.0,0.228866,0.0085,0.000601,0.21208,0.223,0.22865,0.23452,0.24532,0.112522,0.00927,0.000656,0.09649,0.10547,0.1115,0.11912,0.12882,0.008017,0.00108,7.7e-5,0.006,0.0072,0.00795,0.0088,0.01001,0.051875,0.00349,0.000247,0.0455,0.0495,0.0515,0.0539,0.05872,0.030529,0.00292,0.000206,0.0253,0.0286,0.03065,0.03233,0.03681,0.437479,0.02469,0.001746,0.39066,0.41842,0.43935,0.45668,0.47834,0.043698,0.00277,0.000196,0.0389,0.0418,0.0434,0.0458,0.0494,0.051875,0.00349,0.000247,0.0455,0.0495,0.0515,0.0539,0.05872,0.5279,0.02108,0.001491,0.48874,0.5135,0.52925,0.54358,0.56219
40.0,0.225517,0.00833,0.000589,0.2086,0.21992,0.2252,0.23122,0.24172,0.108095,0.00884,0.000625,0.09289,0.10175,0.10695,0.114,0.12423,0.007489,0.00113,8.0e-5,0.0056,0.0067,0.0074,0.0083,0.01,0.049046,0.00359,0.000254,0.04239,0.04638,0.04865,0.05152,0.05631,0.028005,0.00281,0.000199,0.0231,0.0261,0.0282,0.0296,0.03421,0.450044,0.02446,0.00173,0.40358,0.43172,0.4512,0.46872,0.49013,0.042628,0.0028,0.000198,0.0379,0.04058,0.0425,0.04462,0.0482,0.049046,0.00359,0.000254,0.04239,0.04638,0.04865,0.05152,0.05631,0.534584,0.02054,0.001453,0.49469,0.5199,0.5361,0.54925,0.56839
41.0,0.22249,0.00817,0.000578,0.2061,0.217,0.2223,0.22802,0.23872,0.104064,0.0084,0.000594,0.0893,0.0978,0.103,0.1098,0.11912,0.006876,0.00104,7.4e-5,0.0048,0.0061,0.0068,0.0076,0.009,0.04603,0.00373,0.000264,0.03959,0.0435,0.04585,0.0486,0.05371,0.025658,0.00276,0.000195,0.0207,0.02378,0.02565,0.02742,0.03191,0.462031,0.02408,0.001703,0.41608,0.4449,0.4631,0.47975,0.50165,0.041559,0.00266,0.000188,0.0371,0.0395,0.0414,0.0435,0.047,0.04603,0.00373,0.000264,0.03959,0.0435,0.04585,0.0486,0.05371,0.540596,0.01998,0.001413,0.50286,0.52635,0.54225,0.5547,0.57475
42.0,0.219662,0.00794,0.000561,0.20388,0.2144,0.2193,0.2248,0.2359,0.100323,0.00804,0.000568,0.0867,0.09455,0.0996,0.1058,0.1145,0.006339,0.00101,7.1e-5,0.0047,0.0055,0.0063,0.00702,0.0084,0.043123,0.00356,0.000252,0.0367,0.0402,0.0427,0.04543,0.0499,0.023471,0.00267,0.000189,0.0189,0.02157,0.02355,0.02512,0.0299,0.473212,0.02358,0.001667,0.42898,0.4576,0.47455,0.49162,0.51214,0.040539,0.00263,0.000186,0.0362,0.0387,0.0404,0.0424,0.0457,0.043123,0.00356,0.000252,0.0367,0.0402,0.0427,0.04543,0.0499,0.546144,0.01946,0.001376,0.5092,0.53175,0.5477,0.5599,0.58042
43.0,0.217052,0.00783,0.000554,0.201,0.21168,0.21675,0.22235,0.2328,0.096912,0.00762,0.000539,0.08389,0.09157,0.09645,0.10235,0.1103,0.005909,0.00099,7.0e-5,0.0042,0.0052,0.0058,0.0066,0.00801,0.040318,0.00365,0.000258,0.034,0.0378,0.03975,0.04282,0.04731,0.021444,0.00256,0.000181,0.0172,0.01948,0.02145,0.0233,0.0265,0.483517,0.0232,0.00164,0.4399,0.4681,0.48515,0.50162,0.52079,0.039505,0.00264,0.000187,0.0351,0.03768,0.0394,0.0413,0.0446,0.040318,0.00365,0.000258,0.034,0.0378,0.03975,0.04282,0.04731,0.551187,0.01899,0.001343,0.5158,0.53717,0.55245,0.56485,0.58481
44.0,0.214651,0.00767,0.000542,0.19898,0.20958,0.21425,0.22,0.22971,0.093799,0.00728,0.000515,0.08099,0.08868,0.09315,0.0991,0.10651,0.005466,0.00093,6.6e-5,0.0038,0.0048,0.0055,0.0061,0.00711,0.037636,0.00357,0.000252,0.032,0.035,0.03725,0.03995,0.0453,0.019418,0.00252,0.000178,0.0151,0.0174,0.0194,0.0212,0.0248,0.493209,0.02257,0.001596,0.45196,0.47765,0.495,0.5109,0.53062,0.038492,0.00265,0.000187,0.0336,0.03658,0.0384,0.0401,0.044,0.037636,0.00357,0.000252,0.032,0.035,0.03725,0.03995,0.0453,0.555728,0.0185,0.001308,0.52129,0.54178,0.55735,0.56858,0.5891
45.0,0.212474,0.00751,0.000531,0.1968,0.20782,0.2121,0.2177,0.2269,0.09096,0.00699,0.000494,0.07958,0.08598,0.0905,0.0957,0.10381,0.005006,0.00094,6.7e-5,0.0032,0.0043,0.005,0.0056,0.0068,0.034857,0.00352,0.000249,0.02929,0.0323,0.0345,0.0373,0.04184,0.017684,0.00243,0.000172,0.0137,0.0157,0.01765,0.01933,0.02301,0.502251,0.02213,0.001565,0.46131,0.48648,0.504,0.5194,0.539,0.037514,0.00256,0.000181,0.0329,0.03585,0.03745,0.0393,0.04251,0.034857,0.00352,0.000249,0.02929,0.0323,0.0345,0.0373,0.04184,0.559798,0.01808,0.001279,0.52608,0.5461,0.5614,0.57205,0.5924
46.0,0.21052,0.0074,0.000523,0.19569,0.20595,0.2101,0.2159,0.22451,0.088365,0.00673,0.000476,0.07699,0.08328,0.0881,0.09298,0.1015,0.004608,0.0008,5.7e-5,0.0032,0.004,0.0045,0.0052,0.0062,0.032144,0.00352,0.000249,0.0263,0.02975,0.03155,0.0345,0.03904,0.015976,0.00225,0.000159,0.0122,0.0143,0.0157,0.0174,0.02061,0.510704,0.02166,0.001531,0.46986,0.49432,0.5128,0.52693,0.54642,0.036629,0.00253,0.000179,0.0321,0.03498,0.0365,0.0382,0.0414,0.032144,0.00352,0.000249,0.0263,0.02975,0.03155,0.0345,0.03904,0.563432,0.01775,0.001255,0.52978,0.54988,0.5649,0.57565,0.59482
47.0,0.208739,0.00725,0.000513,0.19409,0.2044,0.2082,0.21362,0.2225,0.085997,0.00647,0.000458,0.07509,0.08128,0.08545,0.09052,0.0991,0.004217,0.00076,5.4e-5,0.0027,0.0037,0.0042,0.0048,0.0057,0.029686,0.00337,0.000238,0.0236,0.0271,0.0293,0.03212,0.0358,0.014415,0.00218,0.000154,0.0105,0.013,0.0143,0.0158,0.0192,0.518398,0.02116,0.001496,0.47934,0.50202,0.52095,0.53422,0.55422,0.035726,0.00249,0.000176,0.0315,0.0339,0.03565,0.03742,0.04031,0.029686,0.00337,0.000238,0.0236,0.0271,0.0293,0.03212,0.0358,0.566715,0.01736,0.001227,0.53379,0.55408,0.56795,0.57878,0.5976
48.0,0.207086,0.00707,0.0005,0.1927,0.20278,0.20645,0.21172,0.22072,0.083797,0.0063,0.000445,0.07289,0.07928,0.08315,0.08833,0.09661,0.003824,0.00072,5.1e-5,0.0026,0.0033,0.0038,0.0043,0.0053,0.027279,0.00338,0.000239,0.02139,0.0248,0.0268,0.02972,0.03381,0.012998,0.00191,0.000135,0.0097,0.0117,0.0129,0.0144,0.0167,0.525608,0.02061,0.001457,0.48812,0.50992,0.5278,0.54075,0.56026,0.034824,0.00241,0.00017,0.03049,0.03317,0.0347,0.0366,0.03911,0.027279,0.00338,0.000239,0.02139,0.0248,0.0268,0.02972,0.03381,0.569709,0.01702,0.001204,0.53819,0.55742,0.57045,0.58155,0.59963
49.0,0.205578,0.00694,0.000491,0.19179,0.20127,0.205,0.21,0.21912,0.081774,0.0061,0.000431,0.07149,0.07728,0.0812,0.08585,0.09431,0.003492,0.00068,4.8e-5,0.0022,0.003,0.0035,0.00392,0.0048,0.025034,0.00308,0.000217,0.01969,0.0227,0.0248,0.0271,0.0317,0.011706,0.00181,0.000128,0.0085,0.0104,0.01165,0.0129,0.01541,0.532168,0.02002,0.001416,0.49522,0.5169,0.5342,0.54703,0.56684,0.03393,0.00234,0.000166,0.0298,0.0323,0.0337,0.0355,0.03801,0.025034,0.00308,0.000217,0.01969,0.0227,0.0248,0.0271,0.0317,0.572398,0.01672,0.001182,0.54059,0.5604,0.5734,0.58422,0.60193
50.0,0.204228,0.0068,0.000481,0.19079,0.19988,0.2036,0.20852,0.21742,0.079873,0.00586,0.000415,0.0693,0.07538,0.0794,0.08418,0.09201,0.003162,0.00064,4.5e-5,0.002,0.0027,0.0032,0.0035,0.0043,0.022954,0.00296,0.000209,0.01808,0.02108,0.0228,0.02492,0.0295,0.010551,0.00169,0.000119,0.0075,0.0093,0.0105,0.0116,0.01381,0.538155,0.0196,0.001386,0.50215,0.5239,0.53915,0.5521,0.57232,0.033058,0.00227,0.000161,0.0293,0.0314,0.0329,0.0345,0.0373,0.022954,0.00296,0.000209,0.01808,0.02108,0.0228,0.02492,0.0295,0.574822,0.01638,0.001158,0.54379,0.5633,0.576,0.5864,0.60394
51.0,0.203032,0.00669,0.000473,0.18969,0.1989,0.2025,0.2073,0.21631,0.078202,0.00566,0.000401,0.068,0.0739,0.0779,0.08265,0.08942,0.002836,0.00069,4.9e-5,0.0016,0.0023,0.0028,0.0033,0.00411,0.020937,0.00269,0.00019,0.016,0.0189,0.0209,0.0228,0.02621,0.009484,0.00164,0.000116,0.00689,0.0083,0.00935,0.0105,0.0129,0.543652,0.01911,0.001351,0.50863,0.52895,0.54515,0.55685,0.57635,0.032211,0.00232,0.000164,0.02849,0.0305,0.03205,0.0337,0.03631,0.020937,0.00269,0.00019,0.016,0.0189,0.0209,0.0228,0.02621,0.576908,0.01608,0.001137,0.54677,0.56538,0.5779,0.58832,0.60574
52.0,0.201926,0.00661,0.000468,0.18918,0.1979,0.2012,0.20632,0.2154,0.076601,0.0055,0.000389,0.0668,0.07268,0.07605,0.08085,0.088,0.00258,0.00063,4.4e-5,0.0015,0.0022,0.0025,0.003,0.00371,0.01905,0.00256,0.000181,0.0147,0.0171,0.0189,0.02072,0.02392,0.008498,0.00151,0.000107,0.006,0.0074,0.0085,0.0094,0.0117,0.54871,0.01858,0.001314,0.51416,0.5348,0.5502,0.56182,0.58102,0.031455,0.00233,0.000165,0.0275,0.02988,0.0314,0.0329,0.03573,0.01905,0.00256,0.000181,0.0147,0.0171,0.0189,0.02072,0.02392,0.578838,0.01586,0.001122,0.54898,0.56808,0.57995,0.58997,0.60744
53.0,0.200945,0.00652,0.000461,0.1884,0.1971,0.20015,0.2052,0.21372,0.0751,0.00537,0.00038,0.0653,0.071,0.07445,0.0793,0.0865,0.002329,0.00062,4.4e-5,0.0013,0.00198,0.0022,0.0027,0.0035,0.017395,0.00241,0.000171,0.01329,0.0155,0.0173,0.01902,0.02211,0.007619,0.0014,9.9e-5,0.0052,0.0066,0.0075,0.0085,0.0108,0.553217,0.01822,0.001288,0.52016,0.53955,0.55485,0.56622,0.58592,0.030666,0.0023,0.000163,0.0263,0.029,0.0306,0.0322,0.03511,0.017395,0.00241,0.000171,0.01329,0.0155,0.0173,0.01902,0.02211,0.58056,0.01564,0.001106,0.55069,0.56982,0.5818,0.59153,0.60914
54.0,0.200019,0.0064,0.000452,0.1877,0.1961,0.1993,0.2043,0.21204,0.073724,0.00528,0.000373,0.0636,0.06968,0.07295,0.0777,0.085,0.002138,0.00057,4.0e-5,0.0012,0.0017,0.0021,0.0025,0.0034,0.015852,0.00234,0.000165,0.01149,0.014,0.0158,0.0174,0.02002,0.006805,0.00134,9.5e-5,0.0046,0.0058,0.0066,0.0078,0.0099,0.557353,0.01791,0.001267,0.52407,0.54405,0.55885,0.56965,0.58971,0.029852,0.00219,0.000155,0.02609,0.02828,0.02975,0.0314,0.0343,0.015852,0.00234,0.000165,0.01149,0.014,0.0158,0.0174,0.02002,0.582148,0.01543,0.001091,0.5528,0.57182,0.583,0.59282,0.61161
55.0,0.199208,0.00632,0.000447,0.187,0.19528,0.19865,0.2035,0.21114,0.072437,0.00514,0.000363,0.06308,0.06868,0.0717,0.0764,0.0836,0.001934,0.00053,3.8e-5,0.001,0.00158,0.0019,0.0023,0.0031,0.01441,0.00227,0.00016,0.0106,0.0126,0.0143,0.01612,0.019,0.006095,0.00125,8.8e-5,0.0041,0.0052,0.006,0.0069,0.009,0.561112,0.0176,0.001244,0.5279,0.54822,0.563,0.57343,0.59321,0.029111,0.00215,0.000152,0.0251,0.0277,0.0291,0.0307,0.03312,0.01441,0.00227,0.00016,0.0106,0.0126,0.0143,0.01612,0.019,0.583552,0.01521,0.001076,0.55468,0.57338,0.58425,0.59425,0.61271
56.0,0.198474,0.00629,0.000445,0.18639,0.19458,0.198,0.2028,0.21033,0.071235,0.00503,0.000356,0.06179,0.06737,0.0705,0.07512,0.08191,0.001727,0.00051,3.6e-5,0.0009,0.0014,0.0017,0.00202,0.0028,0.013067,0.0021,0.000149,0.00939,0.0115,0.0131,0.01483,0.01681,0.005465,0.00117,8.3e-5,0.0035,0.00468,0.0054,0.0062,0.0078,0.564536,0.0172,0.001216,0.53248,0.5525,0.5661,0.57632,0.59621,0.028383,0.00216,0.000152,0.0245,0.0269,0.0284,0.0299,0.03271,0.013067,0.0021,0.000149,0.00939,0.0115,0.0131,0.01483,0.01681,0.584794,0.01509,0.001067,0.55579,0.57495,0.5856,0.59542,0.6138
57.0,0.197816,0.00622,0.00044,0.1858,0.19398,0.1974,0.2024,0.20962,0.070095,0.00496,0.00035,0.06089,0.06618,0.0692,0.0737,0.08032,0.001555,0.00046,3.3e-5,0.0007,0.0012,0.0015,0.0018,0.0026,0.01185,0.00197,0.000139,0.0085,0.0103,0.0118,0.0133,0.0157,0.004869,0.00106,7.5e-5,0.0031,0.0041,0.0048,0.0056,0.0073,0.567614,0.01689,0.001194,0.5356,0.55577,0.56895,0.5792,0.59891,0.027701,0.00207,0.000146,0.024,0.0262,0.02775,0.02902,0.03162,0.01185,0.00197,0.000139,0.0085,0.0103,0.0118,0.0133,0.0157,0.585887,0.01495,0.001057,0.55709,0.57577,0.5865,0.5966,0.61401
58.0,0.197266,0.00619,0.000438,0.18548,0.1934,0.19685,0.20165,0.20882,0.06903,0.00486,0.000344,0.0601,0.06537,0.0683,0.07245,0.0791,0.001354,0.00042,3.0e-5,0.0006,0.0011,0.0013,0.0016,0.0023,0.010716,0.00183,0.00013,0.0072,0.0094,0.0107,0.012,0.01401,0.004334,0.00101,7.1e-5,0.0026,0.0036,0.0043,0.0049,0.0062,0.570444,0.01655,0.00117,0.53908,0.55895,0.57185,0.58163,0.60094,0.02701,0.00205,0.000145,0.0231,0.0256,0.0271,0.02842,0.03101,0.010716,0.00183,0.00013,0.0072,0.0094,0.0107,0.012,0.01401,0.586847,0.01484,0.001049,0.5583,0.57685,0.58755,0.5972,0.6154
59.0,0.196741,0.00614,0.000434,0.18528,0.19268,0.1964,0.20125,0.20802,0.068,0.00481,0.00034,0.05918,0.06437,0.0675,0.07123,0.07791,0.001239,0.00039,2.7e-5,0.0007,0.0009,0.0012,0.0015,0.002,0.009604,0.00175,0.000124,0.0063,0.0084,0.00955,0.0107,0.0126,0.003859,0.00092,6.5e-5,0.0023,0.0032,0.0038,0.0045,0.0057,0.573026,0.01633,0.001155,0.5414,0.56172,0.57455,0.58442,0.60302,0.026378,0.00203,0.000143,0.0226,0.0251,0.0264,0.0278,0.03021,0.009604,0.00175,0.000124,0.0063,0.0084,0.00955,0.0107,0.0126,0.587728,0.01475,0.001043,0.5594,0.57767,0.5881,0.59815,0.61621
60.0,0.196246,0.00609,0.000431,0.18478,0.19228,0.1959,0.20082,0.20742,0.067022,0.00475,0.000336,0.05819,0.0636,0.06655,0.07045,0.0767,0.001082,0.00036,2.5e-5,0.0005,0.0008,0.001,0.0013,0.0018,0.0088,0.0017,0.00012,0.0055,0.00768,0.0087,0.01002,0.01142,0.003424,0.00084,5.9e-5,0.002,0.00277,0.0034,0.004,0.0052,0.575228,0.01609,0.001138,0.5444,0.5641,0.57635,0.58642,0.60463,0.025757,0.00199,0.000141,0.0224,0.0244,0.0258,0.02702,0.0298,0.0088,0.0017,0.00012,0.0055,0.00768,0.0087,0.01002,0.01142,0.588534,0.01464,0.001035,0.56109,0.57835,0.58895,0.59885,0.61702
61.0,0.195793,0.00604,0.000427,0.18419,0.1919,0.1954,0.20022,0.20682,0.066108,0.00468,0.000331,0.05759,0.06298,0.06555,0.06952,0.07561,0.000997,0.00034,2.4e-5,0.0004,0.0008,0.001,0.0012,0.0017,0.007872,0.00156,0.00011,0.0052,0.0068,0.0078,0.00893,0.01081,0.003054,0.00082,5.8e-5,0.0018,0.0025,0.00295,0.00362,0.0048,0.57733,0.01587,0.001122,0.54727,0.5663,0.57855,0.58845,0.60653,0.02514,0.00196,0.000139,0.0212,0.02388,0.0251,0.0264,0.029,0.007872,0.00156,0.00011,0.0052,0.0068,0.0078,0.00893,0.01081,0.589254,0.01452,0.001027,0.56249,0.57925,0.5892,0.59935,0.61761
62.0,0.195408,0.00601,0.000425,0.18379,0.1914,0.19505,0.2,0.20643,0.065235,0.00459,0.000324,0.05708,0.0619,0.0646,0.06845,0.07441,0.000885,0.00034,2.4e-5,0.0003,0.0007,0.0009,0.0011,0.0016,0.007099,0.00143,0.000101,0.0042,0.0061,0.007,0.0081,0.01,0.002699,0.00073,5.1e-5,0.0015,0.0022,0.0026,0.0032,0.0043,0.579202,0.01565,0.001107,0.54929,0.56848,0.58005,0.59005,0.60793,0.024541,0.00197,0.000139,0.02089,0.0234,0.0244,0.0257,0.0282,0.007099,0.00143,0.000101,0.0042,0.0061,0.007,0.0081,0.01,0.589885,0.01442,0.001019,0.56349,0.57997,0.59,0.5998,0.61801
63.0,0.195051,0.00597,0.000422,0.18369,0.19097,0.19485,0.19942,0.20573,0.064379,0.00451,0.000319,0.0558,0.06108,0.0639,0.06752,0.0735,0.000806,0.00035,2.4e-5,0.0002,0.0006,0.0008,0.001,0.0015,0.006347,0.00133,9.4e-5,0.0038,0.0054,0.0063,0.0074,0.0089,0.002407,0.00068,4.8e-5,0.0013,0.0019,0.0023,0.0028,0.0039,0.580894,0.01543,0.001091,0.55189,0.57022,0.58155,0.5913,0.60982,0.024006,0.002,0.000141,0.0205,0.0226,0.0239,0.0252,0.0281,0.006347,0.00133,9.4e-5,0.0038,0.0054,0.0063,0.0074,0.0089,0.590453,0.01432,0.001013,0.5642,0.58055,0.5906,0.60025,0.61861
64.0,0.19476,0.00595,0.00042,0.18339,0.19065,0.19445,0.19912,0.20533,0.063568,0.00446,0.000315,0.05499,0.06028,0.06305,0.06665,0.07261,0.000726,0.0003,2.1e-5,0.0003,0.0005,0.0007,0.0009,0.0013,0.00569,0.00124,8.8e-5,0.0036,0.00488,0.0055,0.0065,0.0084,0.002135,0.00062,4.4e-5,0.001,0.0017,0.0021,0.0025,0.0035,0.582376,0.01528,0.00108,0.55369,0.57198,0.58325,0.59292,0.61162,0.023472,0.00196,0.000139,0.01999,0.022,0.02345,0.02482,0.0272,0.00569,0.00124,8.8e-5,0.0036,0.00488,0.0055,0.0065,0.0084,0.590926,0.01427,0.001009,0.56488,0.58115,0.5912,0.60068,0.6191
65.0,0.194469,0.00592,0.000418,0.18309,0.19038,0.1943,0.1989,0.20503,0.062791,0.0044,0.000311,0.05438,0.05958,0.0622,0.06592,0.0721,0.000652,0.00029,2.0e-5,0.0002,0.00048,0.0006,0.0008,0.0014,0.005133,0.00118,8.4e-5,0.0031,0.0043,0.0051,0.0058,0.0077,0.001918,0.00057,4.1e-5,0.001,0.0015,0.0019,0.0023,0.0032,0.583686,0.01515,0.001071,0.5554,0.57325,0.58415,0.59425,0.61301,0.022934,0.00187,0.000132,0.0198,0.02168,0.0228,0.0241,0.0267,0.005133,0.00118,8.4e-5,0.0031,0.0043,0.0051,0.0058,0.0077,0.591389,0.01419,0.001004,0.56568,0.5818,0.5917,0.60125,0.61931
66.0,0.194228,0.00589,0.000416,0.18299,0.19018,0.19405,0.1986,0.20493,0.06202,0.00433,0.000306,0.05388,0.05905,0.0615,0.0653,0.0711,0.000576,0.00028,2.0e-5,0.0001,0.0004,0.0006,0.0008,0.0011,0.004566,0.00109,7.7e-5,0.0027,0.0038,0.00445,0.0052,0.0068,0.001706,0.00054,3.8e-5,0.0008,0.0013,0.0016,0.00202,0.0029,0.584932,0.01502,0.001062,0.55748,0.5746,0.58555,0.59518,0.6141,0.022419,0.00189,0.000134,0.0194,0.02108,0.0223,0.0237,0.02611,0.004566,0.00109,7.7e-5,0.0027,0.0038,0.00445,0.0052,0.0068,0.591781,0.01413,0.000999,0.56629,0.5826,0.59205,0.6017,0.61952
67.0,0.194002,0.00583,0.000412,0.18298,0.18998,0.19395,0.19832,0.20473,0.061265,0.0043,0.000304,0.0529,0.05828,0.06065,0.0643,0.07011,0.000519,0.00027,1.9e-5,0.0001,0.0003,0.0005,0.0007,0.0011,0.004102,0.00104,7.3e-5,0.0023,0.00348,0.004,0.0047,0.0063,0.001505,0.00048,3.4e-5,0.0007,0.0012,0.0015,0.00182,0.00241,0.586001,0.01488,0.001052,0.55889,0.57577,0.5864,0.59618,0.61491,0.021924,0.00193,0.000137,0.01859,0.0205,0.0218,0.0233,0.0256,0.004102,0.00104,7.3e-5,0.0023,0.00348,0.004,0.0047,0.0063,0.592128,0.01404,0.000993,0.56718,0.58323,0.5924,0.602,0.61962
68.0,0.193797,0.00581,0.00041,0.18288,0.18978,0.1937,0.19812,0.20452,0.060543,0.00422,0.000299,0.05239,0.0575,0.0598,0.0636,0.06912,0.00048,0.00026,1.9e-5,0.0001,0.0003,0.0005,0.00062,0.001,0.003644,0.00095,6.7e-5,0.00209,0.003,0.0036,0.0042,0.0058,0.001336,0.00043,3.0e-5,0.0006,0.001,0.0013,0.0017,0.0021,0.587,0.01473,0.001041,0.5602,0.57708,0.58715,0.5974,0.61591,0.021435,0.00192,0.000136,0.0181,0.0201,0.0214,0.0227,0.0249,0.003644,0.00095,6.7e-5,0.00209,0.003,0.0036,0.0042,0.0058,0.592461,0.01398,0.000989,0.56748,0.58345,0.5927,0.6026,0.61972
69.0,0.19361,0.00579,0.000409,0.18278,0.18968,0.19345,0.19792,0.20442,0.05984,0.0042,0.000297,0.0521,0.0568,0.05925,0.0628,0.0685,0.000442,0.00023,1.7e-5,0.0001,0.0003,0.0004,0.0006,0.001,0.003274,0.00089,6.3e-5,0.0018,0.0026,0.0032,0.0039,0.0052,0.001169,0.00038,2.7e-5,0.0004,0.0009,0.00115,0.0014,0.0018,0.587854,0.01463,0.001034,0.5612,0.57805,0.58785,0.59763,0.61661,0.020995,0.00192,0.000136,0.0177,0.0195,0.0211,0.02232,0.0247,0.003274,0.00089,6.3e-5,0.0018,0.0026,0.0032,0.0039,0.0052,0.592739,0.01396,0.000987,0.56758,0.5839,0.59295,0.60282,0.61992
70.0,0.193446,0.00576,0.000408,0.18268,0.1894,0.19335,0.19772,0.20421,0.059168,0.00415,0.000293,0.05158,0.0563,0.05855,0.0621,0.0677,0.000395,0.00022,1.6e-5,0.0001,0.0002,0.0004,0.0005,0.0009,0.002958,0.00086,6.1e-5,0.0015,0.0024,0.0029,0.0034,0.0048,0.001028,0.00038,2.7e-5,0.0003,0.00078,0.001,0.00122,0.0018,0.588608,0.01454,0.001028,0.56219,0.57898,0.5885,0.59868,0.61721,0.020556,0.00188,0.000133,0.0172,0.0192,0.0206,0.0218,0.0241,0.002958,0.00086,6.1e-5,0.0015,0.0024,0.0029,0.0034,0.0048,0.592989,0.0139,0.000983,0.56778,0.58395,0.5932,0.60305,0.61993
71.0,0.193316,0.00574,0.000406,0.18268,0.1893,0.19325,0.19762,0.20421,0.058519,0.00411,0.000291,0.05107,0.05578,0.0579,0.0612,0.06701,0.000345,0.00021,1.5e-5,0.0,0.0002,0.0003,0.0005,0.0007,0.002608,0.00076,5.4e-5,0.0012,0.0021,0.0026,0.003,0.0041,0.000902,0.00034,2.4e-5,0.0003,0.0007,0.0009,0.0011,0.0016,0.589336,0.01443,0.00102,0.563,0.57948,0.5892,0.59928,0.61762,0.020104,0.00184,0.00013,0.0169,0.0186,0.0203,0.0214,0.0234,0.002608,0.00076,5.4e-5,0.0012,0.0021,0.0026,0.003,0.0041,0.593192,0.01386,0.00098,0.56788,0.5843,0.59345,0.60332,0.61993
72.0,0.193202,0.00572,0.000405,0.18238,0.18928,0.193,0.1975,0.20411,0.057836,0.00406,0.000287,0.05028,0.0553,0.0573,0.06042,0.06612,0.000287,0.00019,1.3e-5,0.0,0.00018,0.0003,0.0004,0.0007,0.002324,0.00074,5.2e-5,0.001,0.0018,0.0023,0.0028,0.0038,0.000792,0.00031,2.2e-5,0.0003,0.0006,0.0008,0.001,0.0015,0.589971,0.01433,0.001014,0.56409,0.58032,0.58985,0.5999,0.61811,0.019687,0.00183,0.00013,0.0164,0.0182,0.01985,0.02072,0.023,0.002324,0.00074,5.2e-5,0.001,0.0018,0.0023,0.0028,0.0038,0.593374,0.01382,0.000977,0.56817,0.58452,0.59355,0.6035,0.62022
73.0,0.193096,0.00569,0.000402,0.18238,0.18925,0.19295,0.1974,0.2041,0.057179,0.00401,0.000283,0.04979,0.05468,0.0566,0.0599,0.06542,0.000258,0.00017,1.2e-5,0.0,0.0001,0.0002,0.0004,0.0006,0.002074,0.00069,4.9e-5,0.001,0.0016,0.002,0.0025,0.0036,0.000721,0.00031,2.2e-5,0.0002,0.0005,0.0007,0.0009,0.0013,0.59049,0.01427,0.001009,0.5644,0.58068,0.5903,0.60045,0.61852,0.019294,0.00179,0.000126,0.01609,0.0179,0.0194,0.02032,0.0227,0.002074,0.00069,4.9e-5,0.001,0.0016,0.002,0.0025,0.0036,0.593542,0.01377,0.000974,0.56837,0.58492,0.5938,0.60365,0.62032
74.0,0.193009,0.00567,0.000401,0.18238,0.1891,0.19285,0.19732,0.2039,0.056534,0.00398,0.000281,0.0492,0.05388,0.0559,0.05912,0.06491,0.000223,0.00017,1.2e-5,0.0,0.0001,0.0002,0.0003,0.0006,0.001825,0.00062,4.4e-5,0.0008,0.00138,0.0018,0.0021,0.0033,0.00065,0.00029,2.1e-5,0.0002,0.0004,0.0006,0.0008,0.0013,0.590991,0.01418,0.001002,0.56529,0.58155,0.5909,0.601,0.61883,0.018922,0.00176,0.000124,0.01598,0.01758,0.01895,0.0201,0.0222,0.001825,0.00062,4.4e-5,0.0008,0.00138,0.0018,0.0021,0.0033,0.593688,0.01374,0.000972,0.56867,0.58502,0.5939,0.60393,0.62032
75.0,0.192926,0.00566,0.0004,0.18238,0.18908,0.1928,0.1972,0.2038,0.055946,0.00393,0.000278,0.04868,0.0534,0.05535,0.05862,0.06421,0.000192,0.00015,1.1e-5,0.0,0.0001,0.0002,0.0003,0.0005,0.001611,0.00055,3.9e-5,0.0006,0.0012,0.0016,0.00192,0.0029,0.000566,0.00027,1.9e-5,0.0001,0.0004,0.0005,0.0007,0.0011,0.591444,0.01409,0.000997,0.56579,0.58212,0.5913,0.6014,0.61913,0.018514,0.00174,0.000123,0.01549,0.01718,0.0184,0.0197,0.0216,0.001611,0.00055,3.9e-5,0.0006,0.0012,0.0016,0.00192,0.0029,0.593813,0.01372,0.00097,0.56886,0.58525,0.59405,0.604,0.62032
76.0,0.192846,0.00565,0.0004,0.18238,0.1889,0.19275,0.19712,0.2037,0.055361,0.00389,0.000275,0.04818,0.05278,0.0547,0.05808,0.06351,0.000171,0.00015,1.1e-5,0.0,0.0001,0.0001,0.0002,0.0005,0.001426,0.00052,3.7e-5,0.0005,0.001,0.0014,0.0018,0.0026,0.000493,0.00026,1.8e-5,0.0001,0.0003,0.0005,0.0006,0.0011,0.591837,0.01406,0.000994,0.56609,0.58242,0.5919,0.602,0.61952,0.018156,0.00171,0.000121,0.01529,0.0169,0.0182,0.01933,0.0214,0.001426,0.00052,3.7e-5,0.0005,0.001,0.0014,0.0018,0.0026,0.593927,0.0137,0.000969,0.56887,0.58543,0.5941,0.60402,0.62032
77.0,0.192788,0.00564,0.000399,0.18238,0.18888,0.1927,0.19712,0.2034,0.054771,0.00386,0.000273,0.04768,0.0521,0.05425,0.05742,0.0631,0.000149,0.00013,9.0e-6,0.0,0.0001,0.0001,0.0002,0.0004,0.00126,0.0005,3.5e-5,0.0004,0.0009,0.0012,0.0015,0.0024,0.000438,0.00024,1.7e-5,0.0001,0.00028,0.0004,0.0006,0.0009,0.592172,0.01399,0.000989,0.56698,0.5829,0.59215,0.60232,0.61952,0.01785,0.00168,0.000119,0.0146,0.0166,0.01775,0.0191,0.02101,0.00126,0.0005,3.5e-5,0.0004,0.0009,0.0012,0.0015,0.0024,0.59402,0.01369,0.000968,0.56887,0.58567,0.5941,0.60402,0.62032
78.0,0.192728,0.00564,0.000399,0.18238,0.18888,0.19265,0.1971,0.2034,0.054173,0.00382,0.00027,0.04689,0.05168,0.05375,0.0568,0.06201,0.000136,0.00012,9.0e-6,0.0,0.0,0.0001,0.0002,0.0004,0.001111,0.00045,3.2e-5,0.0004,0.0008,0.0011,0.0014,0.002,0.00039,0.00022,1.6e-5,0.0001,0.0002,0.0004,0.0005,0.0009,0.592469,0.01394,0.000986,0.56758,0.58332,0.59245,0.60265,0.61972,0.017547,0.00164,0.000116,0.0144,0.0164,0.01745,0.01873,0.0206,0.001111,0.00045,3.2e-5,0.0004,0.0008,0.0011,0.0014,0.002,0.594106,0.01368,0.000967,0.56887,0.5857,0.59425,0.60412,0.62033
79.0,0.19268,0.00563,0.000398,0.18228,0.18878,0.1926,0.197,0.2033,0.053586,0.00377,0.000267,0.04649,0.05118,0.05315,0.05603,0.0614,0.000118,0.00012,8.0e-6,0.0,0.0,0.0001,0.0002,0.0004,0.000994,0.00043,3.0e-5,0.0003,0.0007,0.0009,0.0013,0.0019,0.000356,0.00021,1.5e-5,0.0001,0.0002,0.0003,0.0005,0.0008,0.592706,0.0139,0.000983,0.56797,0.58365,0.59265,0.60292,0.61972,0.017217,0.00165,0.000117,0.01419,0.01608,0.01715,0.01823,0.02031,0.000994,0.00043,3.0e-5,0.0003,0.0007,0.0009,0.0013,0.0019,0.594174,0.01366,0.000966,0.56887,0.58575,0.59435,0.60412,0.62033
80.0,0.19263,0.00563,0.000398,0.18227,0.1887,0.19255,0.19692,0.2032,0.053029,0.00375,0.000265,0.0458,0.05048,0.05265,0.0555,0.06023,0.000113,0.00011,8.0e-6,0.0,0.0,0.0001,0.0002,0.0003,0.000872,0.00039,2.8e-5,0.0003,0.0006,0.0008,0.0011,0.0018,0.000314,0.00019,1.4e-5,0.0,0.0002,0.0003,0.0004,0.0008,0.592944,0.01385,0.00098,0.56816,0.58388,0.59295,0.60312,0.62002,0.016923,0.00165,0.000117,0.01369,0.0158,0.0169,0.01802,0.0201,0.000872,0.00039,2.8e-5,0.0003,0.0006,0.0008,0.0011,0.0018,0.594242,0.01367,0.000966,0.56887,0.58577,0.5944,0.60415,0.62033
81.0,0.192585,0.00563,0.000398,0.18227,0.1887,0.1925,0.19692,0.2032,0.052478,0.00369,0.000261,0.0455,0.05,0.05195,0.055,0.05933,0.000101,0.00012,8.0e-6,0.0,0.0,0.0001,0.0002,0.0004,0.000782,0.00037,2.6e-5,0.0002,0.0005,0.0007,0.001,0.0016,0.000282,0.00019,1.4e-5,0.0,0.0001,0.00025,0.0004,0.0008,0.593146,0.01382,0.000978,0.56836,0.5843,0.59315,0.6032,0.62002,0.016624,0.00164,0.000116,0.0135,0.0154,0.0167,0.01773,0.0196,0.000782,0.00037,2.6e-5,0.0002,0.0005,0.0007,0.001,0.0016,0.59431,0.01366,0.000966,0.56887,0.58582,0.5945,0.60422,0.62033
82.0,0.192546,0.00562,0.000397,0.18227,0.1887,0.1925,0.1969,0.20301,0.051923,0.00363,0.000257,0.04518,0.0494,0.0515,0.05442,0.05881,9.1e-5,0.00011,8.0e-6,0.0,0.0,0.0001,0.0001,0.0004,0.000699,0.00036,2.5e-5,0.0001,0.0004,0.0006,0.001,0.0015,0.000248,0.00018,1.3e-5,0.0,0.0001,0.0002,0.0003,0.0007,0.593327,0.0138,0.000976,0.56846,0.58442,0.5934,0.6033,0.62002,0.016362,0.00161,0.000114,0.01349,0.01518,0.0164,0.0174,0.01931,0.000699,0.00036,2.5e-5,0.0001,0.0004,0.0006,0.001,0.0015,0.594366,0.01364,0.000965,0.56898,0.58598,0.5945,0.60432,0.62033
83.0,0.192515,0.00562,0.000397,0.18227,0.1887,0.1925,0.1969,0.20291,0.051386,0.0036,0.000254,0.04468,0.0489,0.05115,0.05372,0.0583,7.8e-5,0.0001,7.0e-6,0.0,0.0,0.0001,0.0001,0.0003,0.000646,0.00032,2.3e-5,0.0001,0.0004,0.0006,0.0009,0.0013,0.000223,0.00018,1.2e-5,0.0,0.0001,0.0002,0.0003,0.0007,0.593469,0.01378,0.000975,0.56856,0.5846,0.59355,0.60353,0.62012,0.016074,0.00157,0.000111,0.0134,0.0149,0.0161,0.0171,0.01891,0.000646,0.00032,2.3e-5,0.0001,0.0004,0.0006,0.0009,0.0013,0.594416,0.01363,0.000964,0.56898,0.58605,0.5945,0.60432,0.62033
84.0,0.192488,0.00561,0.000397,0.18208,0.1887,0.19245,0.19682,0.20282,0.050851,0.00359,0.000254,0.04448,0.0484,0.05065,0.0532,0.05772,7.0e-5,9.0e-5,6.0e-6,0.0,0.0,0.0,0.0001,0.0003,0.000558,0.00031,2.2e-5,0.0001,0.0003,0.0005,0.0008,0.0013,0.000202,0.00017,1.2e-5,0.0,0.0001,0.0002,0.0003,0.0006,0.593633,0.01377,0.000974,0.56866,0.58488,0.5937,0.6037,0.62012,0.01578,0.00152,0.000107,0.0131,0.01478,0.0159,0.01672,0.0186,0.000558,0.00031,2.2e-5,0.0001,0.0003,0.0005,0.0008,0.0013,0.594463,0.01362,0.000963,0.56898,0.58625,0.59455,0.6044,0.62033
85.0,0.192466,0.00561,0.000397,0.18208,0.1887,0.1924,0.1968,0.20282,0.050354,0.00356,0.000252,0.04369,0.0478,0.04985,0.0527,0.05731,5.2e-5,7.0e-5,5.0e-6,0.0,0.0,0.0,0.0001,0.0002,0.000499,0.00029,2.1e-5,0.0,0.0003,0.0004,0.0007,0.0011,0.000179,0.00015,1.1e-5,0.0,0.0001,0.0001,0.0003,0.0006,0.593767,0.01376,0.000973,0.56866,0.58495,0.5938,0.6039,0.62012,0.015455,0.0015,0.000106,0.01289,0.0144,0.01545,0.0165,0.0183,0.000499,0.00029,2.1e-5,0.0,0.0003,0.0004,0.0007,0.0011,0.594497,0.01361,0.000962,0.56898,0.58625,0.59455,0.60442,0.62033
86.0,0.192438,0.00561,0.000397,0.18208,0.1887,0.1924,0.19672,0.20262,0.049839,0.00351,0.000249,0.043,0.04748,0.04955,0.05212,0.05701,5.1e-5,7.0e-5,5.0e-6,0.0,0.0,0.0,0.0001,0.0002,0.000451,0.00027,1.9e-5,0.0001,0.0002,0.0004,0.0006,0.0011,0.00015,0.00014,1.0e-5,0.0,0.0001,0.0001,0.0002,0.0005,0.593887,0.01373,0.000971,0.56866,0.58513,0.59405,0.604,0.62012,0.015187,0.00145,0.000102,0.0124,0.01428,0.0153,0.0163,0.0178,0.000451,0.00027,1.9e-5,0.0001,0.0002,0.0004,0.0006,0.0011,0.594539,0.01361,0.000962,0.56898,0.58628,0.5947,0.60442,0.62033
87.0,0.192415,0.00561,0.000397,0.18208,0.1887,0.1924,0.19672,0.20262,0.049352,0.00348,0.000246,0.04289,0.047,0.04905,0.0515,0.05641,5.4e-5,8.0e-5,6.0e-6,0.0,0.0,0.0,0.0001,0.0002,0.000399,0.00026,1.8e-5,0.0,0.0002,0.0004,0.0006,0.001,0.000132,0.00014,1.0e-5,0.0,0.0,0.0001,0.0002,0.0005,0.593989,0.01371,0.000969,0.56886,0.5853,0.59405,0.60402,0.62012,0.014933,0.00146,0.000103,0.0119,0.01398,0.01495,0.0159,0.0174,0.000399,0.00026,1.8e-5,0.0,0.0002,0.0004,0.0006,0.001,0.594573,0.01359,0.000961,0.56898,0.58628,0.5947,0.60442,0.62033
88.0,0.192388,0.0056,0.000396,0.18208,0.1887,0.19235,0.1967,0.20262,0.048852,0.00345,0.000244,0.0424,0.0466,0.0484,0.051,0.05552,5.2e-5,8.0e-5,5.0e-6,0.0,0.0,0.0,0.0001,0.0002,0.00036,0.00025,1.7e-5,0.0,0.0002,0.0003,0.0005,0.001,0.000118,0.00013,9.0e-6,0.0,0.0,0.0001,0.0002,0.0004,0.594082,0.0137,0.000969,0.56887,0.58542,0.59415,0.60412,0.62013,0.014684,0.00144,0.000102,0.0118,0.0138,0.01475,0.01572,0.01701,0.00036,0.00025,1.7e-5,0.0,0.0002,0.0003,0.0005,0.001,0.59461,0.01358,0.000961,0.56898,0.58628,0.5947,0.60442,0.62033
89.0,0.192371,0.0056,0.000396,0.18207,0.18868,0.19235,0.19662,0.20262,0.048344,0.00344,0.000243,0.0421,0.04608,0.0481,0.05042,0.05502,4.5e-5,7.0e-5,5.0e-6,0.0,0.0,0.0,0.0001,0.0002,0.000316,0.00025,1.7e-5,0.0,0.0001,0.0003,0.0005,0.0009,0.000101,0.00012,9.0e-6,0.0,0.0,0.0001,0.0002,0.0004,0.594175,0.01368,0.000967,0.56887,0.58568,0.59415,0.60425,0.62013,0.014415,0.00141,0.0001,0.01149,0.0135,0.0145,0.0154,0.01681,0.000316,0.00025,1.7e-5,0.0,0.0001,0.0003,0.0005,0.0009,0.594637,0.01358,0.00096,0.56898,0.5863,0.59475,0.60442,0.62033
90.0,0.192358,0.0056,0.000396,0.18207,0.18868,0.1923,0.19662,0.20262,0.047878,0.00343,0.000242,0.04169,0.04558,0.04765,0.05,0.05452,3.8e-5,7.0e-5,5.0e-6,0.0,0.0,0.0,0.0001,0.0002,0.000281,0.00023,1.6e-5,0.0,0.0001,0.0002,0.0004,0.0008,9.0e-5,0.00011,8.0e-6,0.0,0.0,0.0001,0.0001,0.0004,0.594248,0.01366,0.000966,0.56887,0.5859,0.59425,0.60432,0.62013,0.01413,0.00136,9.6e-5,0.0113,0.01318,0.0142,0.0151,0.0164,0.000281,0.00023,1.6e-5,0.0,0.0001,0.0002,0.0004,0.0008,0.594658,0.01357,0.00096,0.56898,0.58635,0.59475,0.60442,0.62033
91.0,0.192348,0.0056,0.000396,0.18207,0.1886,0.1923,0.19662,0.20262,0.047387,0.00343,0.000242,0.04109,0.04498,0.0472,0.0495,0.05421,3.4e-5,6.0e-5,4.0e-6,0.0,0.0,0.0,0.0001,0.0002,0.000242,0.0002,1.4e-5,0.0,0.0001,0.0002,0.0004,0.0006,8.2e-5,0.00011,8.0e-6,0.0,0.0,0.0001,0.0001,0.0004,0.594316,0.01364,0.000964,0.56887,0.586,0.5943,0.6044,0.62013,0.013899,0.00134,9.5e-5,0.0111,0.0129,0.014,0.01492,0.01611,0.000242,0.0002,1.4e-5,0.0,0.0001,0.0002,0.0004,0.0006,0.594674,0.01357,0.000959,0.56898,0.58635,0.59475,0.6045,0.62033
92.0,0.192338,0.00559,0.000396,0.18207,0.1886,0.1922,0.19662,0.20262,0.046928,0.00338,0.000239,0.0408,0.0446,0.0468,0.04912,0.05381,2.9e-5,5.0e-5,4.0e-6,0.0,0.0,0.0,0.0,0.0002,0.000222,0.00019,1.4e-5,0.0,0.0001,0.0002,0.0003,0.0006,7.3e-5,0.0001,7.0e-6,0.0,0.0,0.0,0.0001,0.0003,0.594364,0.01363,0.000964,0.56897,0.58615,0.5943,0.6044,0.62013,0.013631,0.00131,9.3e-5,0.011,0.0126,0.0138,0.0146,0.01591,0.000222,0.00019,1.4e-5,0.0,0.0001,0.0002,0.0003,0.0006,0.594688,0.01356,0.000959,0.56899,0.58638,0.5948,0.6045,0.62033
93.0,0.192326,0.00559,0.000395,0.18207,0.1886,0.19215,0.1966,0.20262,0.046462,0.00335,0.000237,0.0403,0.0442,0.0462,0.04862,0.0534,2.5e-5,5.0e-5,4.0e-6,0.0,0.0,0.0,0.0,0.0002,0.000196,0.00018,1.3e-5,0.0,0.0,0.0002,0.0003,0.0006,6.1e-5,9.0e-5,6.0e-6,0.0,0.0,0.0,0.0001,0.0003,0.594422,0.01361,0.000963,0.56898,0.58615,0.59435,0.6044,0.62013,0.013436,0.00128,9.1e-5,0.0109,0.0126,0.01345,0.01432,0.0158,0.000196,0.00018,1.3e-5,0.0,0.0,0.0002,0.0003,0.0006,0.594705,0.01356,0.000959,0.56899,0.58638,0.5948,0.6045,0.62033
94.0,0.192318,0.00559,0.000395,0.18207,0.1886,0.19215,0.1966,0.20262,0.04601,0.0033,0.000233,0.0399,0.0437,0.04575,0.0482,0.0529,2.0e-5,5.0e-5,3.0e-6,0.0,0.0,0.0,0.0,0.0001,0.000171,0.00017,1.2e-5,0.0,0.0,0.0001,0.0003,0.0006,5.4e-5,8.0e-5,5.0e-6,0.0,0.0,0.0,0.0001,0.0002,0.59447,0.0136,0.000962,0.56898,0.58618,0.5944,0.60442,0.62013,0.01322,0.00127,9.0e-5,0.0108,0.0124,0.0133,0.0141,0.01551,0.000171,0.00017,1.2e-5,0.0,0.0,0.0001,0.0003,0.0006,0.594715,0.01356,0.000959,0.56899,0.58638,0.5948,0.6045,0.62033
95.0,0.192312,0.00558,0.000395,0.18207,0.1886,0.19215,0.1966,0.20262,0.045551,0.00325,0.00023,0.0398,0.0433,0.04535,0.0477,0.0518,2.0e-5,5.0e-5,3.0e-6,0.0,0.0,0.0,0.0,0.0002,0.000153,0.00017,1.2e-5,0.0,0.0,0.0001,0.00022,0.0006,4.9e-5,8.0e-5,5.0e-6,0.0,0.0,0.0,0.0001,0.0002,0.594506,0.0136,0.000961,0.56898,0.58618,0.5945,0.60442,0.62013,0.013038,0.00126,8.9e-5,0.0107,0.0122,0.013,0.0139,0.0156,0.000153,0.00017,1.2e-5,0.0,0.0,0.0001,0.00022,0.0006,0.594727,0.01355,0.000958,0.56899,0.58638,0.5948,0.6045,0.62033
96.0,0.192304,0.00558,0.000395,0.18207,0.1886,0.19215,0.19652,0.20262,0.045091,0.00325,0.00023,0.03939,0.04288,0.0449,0.0472,0.0513,1.8e-5,4.0e-5,3.0e-6,0.0,0.0,0.0,0.0,0.0001,0.000138,0.00016,1.1e-5,0.0,0.0,0.0001,0.0002,0.0005,4.7e-5,7.0e-5,5.0e-6,0.0,0.0,0.0,0.0001,0.0002,0.594536,0.01359,0.000961,0.56898,0.58618,0.59455,0.60442,0.62013,0.012863,0.00127,9.0e-5,0.0105,0.01198,0.0129,0.0137,0.0151,0.000138,0.00016,1.1e-5,0.0,0.0,0.0001,0.0002,0.0005,0.594738,0.01355,0.000958,0.56899,0.5864,0.5948,0.6045,0.62033
97.0,0.192298,0.00558,0.000395,0.18207,0.1886,0.1921,0.19652,0.20262,0.044608,0.00319,0.000226,0.03889,0.0424,0.04435,0.04672,0.0508,1.9e-5,5.0e-5,3.0e-6,0.0,0.0,0.0,0.0,0.0002,0.000114,0.00015,1.0e-5,0.0,0.0,0.0001,0.0002,0.0005,4.4e-5,7.0e-5,5.0e-6,0.0,0.0,0.0,0.0001,0.0002,0.594572,0.01359,0.000961,0.56898,0.58618,0.5946,0.60442,0.62013,0.01272,0.00128,9.1e-5,0.0102,0.0118,0.0126,0.0137,0.0153,0.000114,0.00015,1.0e-5,0.0,0.0,0.0001,0.0002,0.0005,0.594748,0.01355,0.000958,0.56899,0.58648,0.59485,0.6045,0.62033
98.0,0.192294,0.00558,0.000395,0.18207,0.1886,0.1921,0.19652,0.20262,0.044152,0.00316,0.000223,0.0382,0.0421,0.0439,0.0462,0.0501,1.9e-5,4.0e-5,3.0e-6,0.0,0.0,0.0,0.0,0.0001,9.4e-5,0.00013,9.0e-6,0.0,0.0,0.0,0.0001,0.0004,3.9e-5,7.0e-5,5.0e-6,0.0,0.0,0.0,0.0001,0.0002,0.594602,0.01358,0.00096,0.56898,0.5862,0.59465,0.60442,0.62013,0.012537,0.00128,9.0e-5,0.01,0.0117,0.0124,0.0135,0.0148,9.4e-5,0.00013,9.0e-6,0.0,0.0,0.0,0.0001,0.0004,0.594753,0.01355,0.000958,0.56899,0.58648,0.59485,0.6045,0.62033
99.0,0.19229,0.00558,0.000395,0.18207,0.1886,0.1921,0.19652,0.20262,0.043722,0.00313,0.000222,0.03789,0.04158,0.04365,0.0457,0.0497,1.5e-5,4.0e-5,3.0e-6,0.0,0.0,0.0,0.0,0.0001,8.5e-5,0.00012,8.0e-6,0.0,0.0,0.0,0.0001,0.0004,3.5e-5,6.0e-5,4.0e-6,0.0,0.0,0.0,0.0001,0.0002,0.594624,0.01358,0.00096,0.56898,0.5862,0.5947,0.60442,0.62013,0.012337,0.00129,9.1e-5,0.00959,0.0115,0.0123,0.0133,0.0146,8.5e-5,0.00012,8.0e-6,0.0,0.0,0.0,0.0001,0.0004,0.594758,0.01354,0.000958,0.56899,0.58648,0.59485,0.6045,0.62033
100.0,0.192287,0.00558,0.000395,0.18207,0.1886,0.1921,0.19652,0.20262,0.043277,0.0031,0.000219,0.03729,0.04118,0.04325,0.04522,0.0491,9.0e-6,4.0e-5,3.0e-6,0.0,0.0,0.0,0.0,0.0001,7.8e-5,0.00012,8.0e-6,0.0,0.0,0.0,0.0001,0.0004,2.8e-5,6.0e-5,4.0e-6,0.0,0.0,0.0,0.0,0.0002,0.594646,0.01357,0.00096,0.56898,0.58622,0.59475,0.6045,0.62023,0.012182,0.00129,9.1e-5,0.0098,0.01138,0.012,0.01313,0.0148,7.8e-5,0.00012,8.0e-6,0.0,0.0,0.0,0.0001,0.0004,0.594761,0.01354,0.000958,0.56899,0.58648,0.59485,0.6045,0.62033
101.0,0.192282,0.00558,0.000394,0.18207,0.18858,0.1921,0.19652,0.20262,0.042852,0.00308,0.000218,0.03679,0.04075,0.0428,0.04482,0.0487,1.1e-5,4.0e-5,3.0e-6,0.0,0.0,0.0,0.0,0.0001,7.2e-5,0.00011,7.0e-6,0.0,0.0,0.0,0.0001,0.0004,2.2e-5,5.0e-5,4.0e-6,0.0,0.0,0.0,0.0,0.0002,0.594664,0.01357,0.000959,0.56898,0.58622,0.59475,0.6045,0.62023,0.012024,0.00129,9.1e-5,0.0098,0.011,0.01195,0.013,0.01461,7.2e-5,0.00011,7.0e-6,0.0,0.0,0.0,0.0001,0.0004,0.594769,0.01354,0.000958,0.56899,0.58648,0.59485,0.6045,0.62033
102.0,0.192277,0.00558,0.000394,0.18207,0.18858,0.1921,0.19652,0.20262,0.042432,0.00306,0.000217,0.03649,0.0403,0.04235,0.0445,0.0482,1.1e-5,4.0e-5,2.0e-6,0.0,0.0,0.0,0.0,0.0001,5.7e-5,9.0e-5,7.0e-6,0.0,0.0,0.0,0.0001,0.0003,2.0e-5,5.0e-5,3.0e-6,0.0,0.0,0.0,0.0,0.0001,0.594686,0.01356,0.000959,0.56898,0.58625,0.5948,0.6045,0.62023,0.011861,0.00127,9.0e-5,0.0098,0.01088,0.0118,0.0129,0.01411,5.7e-5,9.0e-5,7.0e-6,0.0,0.0,0.0,0.0001,0.0003,0.594774,0.01354,0.000958,0.56899,0.58648,0.59485,0.6045,0.62042
103.0,0.192274,0.00558,0.000394,0.18207,0.18858,0.1921,0.19652,0.20261,0.042001,0.00304,0.000215,0.036,0.03988,0.04195,0.04393,0.0477,1.0e-5,3.0e-5,2.0e-6,0.0,0.0,0.0,0.0,0.0001,4.5e-5,8.0e-5,5.0e-6,0.0,0.0,0.0,0.0001,0.0002,1.8e-5,4.0e-5,3.0e-6,0.0,0.0,0.0,0.0,0.0001,0.594705,0.01356,0.000959,0.56899,0.58635,0.5948,0.6045,0.62023,0.011698,0.00124,8.8e-5,0.0097,0.0107,0.0116,0.01262,0.0139,4.5e-5,8.0e-5,5.0e-6,0.0,0.0,0.0,0.0001,0.0002,0.594777,0.01354,0.000957,0.56899,0.58648,0.59485,0.6045,0.62042
104.0,0.192271,0.00558,0.000394,0.18207,0.18858,0.1921,0.19652,0.20261,0.041587,0.00301,0.000213,0.0358,0.0395,0.0415,0.0436,0.0472,8.0e-6,3.0e-5,2.0e-6,0.0,0.0,0.0,0.0,0.0001,4.5e-5,8.0e-5,6.0e-6,0.0,0.0,0.0,0.0001,0.0003,1.6e-5,4.0e-5,3.0e-6,0.0,0.0,0.0,0.0,0.0002,0.594713,0.01355,0.000958,0.56899,0.58638,0.5948,0.6045,0.62023,0.011532,0.00127,9.0e-5,0.0094,0.0105,0.01145,0.0125,0.0139,4.5e-5,8.0e-5,6.0e-6,0.0,0.0,0.0,0.0001,0.0003,0.594781,0.01354,0.000957,0.56899,0.58648,0.59485,0.6045,0.62042
105.0,0.192269,0.00558,0.000394,0.18207,0.18858,0.1921,0.19652,0.20261,0.041166,0.00298,0.000211,0.0354,0.0392,0.041,0.04302,0.0468,6.0e-6,2.0e-5,2.0e-6,0.0,0.0,0.0,0.0,0.0001,3.5e-5,7.0e-5,5.0e-6,0.0,0.0,0.0,0.0,0.0002,1.4e-5,4.0e-5,3.0e-6,0.0,0.0,0.0,0.0,0.0001,0.594728,0.01355,0.000958,0.56899,0.5864,0.5948,0.6045,0.62023,0.011371,0.00124,8.8e-5,0.0093,0.0105,0.0114,0.0123,0.014,3.5e-5,7.0e-5,5.0e-6,0.0,0.0,0.0,0.0,0.0002,0.594783,0.01354,0.000957,0.56899,0.58648,0.59485,0.6045,0.62042
106.0,0.192269,0.00558,0.000394,0.18207,0.18858,0.1921,0.19652,0.20261,0.040755,0.00295,0.000208,0.03529,0.0388,0.0406,0.04275,0.0464,4.0e-6,2.0e-5,1.0e-6,0.0,0.0,0.0,0.0,0.0001,3.2e-5,6.0e-5,4.0e-6,0.0,0.0,0.0,0.0,0.0002,1.2e-5,4.0e-5,3.0e-6,0.0,0.0,0.0,0.0,0.0001,0.594737,0.01355,0.000958,0.56899,0.5864,0.5948,0.6045,0.62023,0.011191,0.00122,8.6e-5,0.0091,0.0103,0.0111,0.012,0.0135,3.2e-5,6.0e-5,4.0e-6,0.0,0.0,0.0,0.0,0.0002,0.594784,0.01354,0.000957,0.56899,0.58648,0.59485,0.6045,0.62042
107.0,0.192267,0.00558,0.000394,0.18207,0.18858,0.1921,0.19652,0.20261,0.04035,0.00294,0.000208,0.03489,0.03828,0.0401,0.04232,0.0459,4.0e-6,2.0e-5,1.0e-6,0.0,0.0,0.0,0.0,0.0001,2.2e-5,5.0e-5,3.0e-6,0.0,0.0,0.0,0.0,0.0001,1.0e-5,3.0e-5,2.0e-6,0.0,0.0,0.0,0.0,0.0001,0.59475,0.01355,0.000958,0.56899,0.58648,0.59485,0.6045,0.62023,0.011051,0.0012,8.5e-5,0.0091,0.01018,0.0111,0.0118,0.0135,2.2e-5,5.0e-5,3.0e-6,0.0,0.0,0.0,0.0,0.0001,0.594787,0.01354,0.000957,0.56899,0.58648,0.59485,0.6045,0.62042
108.0,0.192266,0.00558,0.000394,0.18207,0.18858,0.1921,0.19652,0.20261,0.039943,0.00291,0.000206,0.0343,0.0379,0.0398,0.0421,0.0456,4.0e-6,2.0e-5,1.0e-6,0.0,0.0,0.0,0.0,0.0001,2.0e-5,4.0e-5,3.0e-6,0.0,0.0,0.0,0.0,0.0001,1.0e-5,4.0e-5,3.0e-6,0.0,0.0,0.0,0.0,0.0001,0.594755,0.01355,0.000958,0.56899,0.58648,0.59485,0.6045,0.62023,0.010915,0.0012,8.5e-5,0.009,0.01,0.0108,0.0117,0.0134,2.0e-5,4.0e-5,3.0e-6,0.0,0.0,0.0,0.0,0.0001,0.594789,0.01354,0.000957,0.56899,0.58648,0.59485,0.6045,0.62042
109.0,0.192265,0.00557,0.000394,0.18207,0.18858,0.1921,0.19652,0.20261,0.03952,0.00289,0.000204,0.034,0.03747,0.0393,0.0415,0.04511,4.0e-6,2.0e-5,1.0e-6,0.0,0.0,0.0,0.0,0.0001,2.0e-5,5.0e-5,3.0e-6,0.0,0.0,0.0,0.0,0.0002,1.0e-5,3.0e-5,2.0e-6,0.0,0.0,0.0,0.0,0.0001,0.594758,0.01355,0.000958,0.56899,0.58648,0.59485,0.6045,0.62023,0.010793,0.00119,8.4e-5,0.0088,0.0099,0.0107,0.0115,0.0134,2.0e-5,5.0e-5,3.0e-6,0.0,0.0,0.0,0.0,0.0002,0.594791,0.01354,0.000957,0.56899,0.58648,0.59485,0.6045,0.62042
110.0,0.192265,0.00557,0.000394,0.18207,0.18858,0.1921,0.19652,0.20261,0.039143,0.00287,0.000203,0.0335,0.0373,0.0388,0.04112,0.04441,2.0e-6,1.0e-5,1.0e-6,0.0,0.0,0.0,0.0,0.0,2.2e-5,5.0e-5,4.0e-6,0.0,0.0,0.0,0.0,0.0002,7.0e-6,2.0e-5,2.0e-6,0.0,0.0,0.0,0.0,0.0001,0.594761,0.01355,0.000958,0.56899,0.58648,0.59485,0.6045,0.62033,0.010637,0.00119,8.4e-5,0.0088,0.0097,0.0105,0.0113,0.0133,2.2e-5,5.0e-5,4.0e-6,0.0,0.0,0.0,0.0,0.0002,0.594791,0.01354,0.000957,0.56899,0.58648,0.59485,0.6045,0.62042
111.0,0.192263,0.00557,0.000394,0.18207,0.18858,0.1921,0.19652,0.20261,0.038755,0.00284,0.000201,0.03338,0.0369,0.0385,0.04062,0.04401,2.0e-6,2.0e-5,1.0e-6,0.0,0.0,0.0,0.0,0.0,1.9e-5,5.0e-5,4.0e-6,0.0,0.0,0.0,0.0,0.0002,8.0e-6,3.0e-5,2.0e-6,0.0,0.0,0.0,0.0,0.0001,0.594765,0.01355,0.000958,0.56899,0.58648,0.59485,0.6045,0.62033,0.010499,0.00118,8.3e-5,0.0085,0.00968,0.0104,0.0111,0.0129,1.9e-5,5.0e-5,4.0e-6,0.0,0.0,0.0,0.0,0.0002,0.594794,0.01354,0.000957,0.56899,0.58648,0.59485,0.6045,0.62042
112.0,0.192262,0.00557,0.000394,0.18207,0.18858,0.19205,0.19652,0.20261,0.03838,0.00282,0.000199,0.03318,0.03647,0.0382,0.04022,0.04351,2.0e-6,1.0e-5,1.0e-6,0.0,0.0,0.0,0.0,0.0,2.0e-5,5.0e-5,4.0e-6,0.0,0.0,0.0,0.0,0.0001,6.0e-6,3.0e-5,2.0e-6,0.0,0.0,0.0,0.0,0.0001,0.594769,0.01354,0.000958,0.56899,0.58648,0.59485,0.6045,0.62033,0.010379,0.00115,8.1e-5,0.0083,0.0096,0.0103,0.0111,0.0131,2.0e-5,5.0e-5,4.0e-6,0.0,0.0,0.0,0.0,0.0001,0.594796,0.01354,0.000957,0.56899,0.58648,0.59485,0.6045,0.62042
113.0,0.192261,0.00557,0.000394,0.18207,0.18858,0.19205,0.19652,0.20261,0.037976,0.00281,0.000198,0.03289,0.03595,0.0379,0.0399,0.0431,2.0e-6,1.0e-5,1.0e-6,0.0,0.0,0.0,0.0,0.0,1.6e-5,5.0e-5,3.0e-6,0.0,0.0,0.0,0.0,0.0001,6.0e-6,2.0e-5,2.0e-6,0.0,0.0,0.0,0.0,0.0001,0.594775,0.01354,0.000958,0.56899,0.58648,0.59485,0.6045,0.62042,0.010298,0.00117,8.3e-5,0.0083,0.0095,0.0102,0.0111,0.0129,1.6e-5,5.0e-5,3.0e-6,0.0,0.0,0.0,0.0,0.0001,0.594797,0.01354,0.000957,0.56899,0.58648,0.59485,0.6045,0.62042
114.0,0.192261,0.00557,0.000394,0.18207,0.18858,0.19205,0.19652,0.20261,0.037598,0.00281,0.000198,0.0323,0.0356,0.0375,0.03942,0.0428,1.0e-6,1.0e-5,1.0e-6,0.0,0.0,0.0,0.0,0.0,1.3e-5,4.0e-5,3.0e-6,0.0,0.0,0.0,0.0,0.0001,6.0e-6,2.0e-5,2.0e-6,0.0,0.0,0.0,0.0,0.0001,0.594778,0.01354,0.000958,0.56899,0.58648,0.59485,0.6045,0.62042,0.010157,0.00114,8.1e-5,0.0084,0.0093,0.01,0.0108,0.0126,1.3e-5,4.0e-5,3.0e-6,0.0,0.0,0.0,0.0,0.0001,0.594798,0.01354,0.000957,0.56899,0.58648,0.59485,0.6045,0.62042
115.0,0.192261,0.00557,0.000394,0.18207,0.18858,0.19205,0.19652,0.20261,0.037228,0.0028,0.000198,0.0319,0.0353,0.03705,0.03913,0.0425,1.0e-6,1.0e-5,1.0e-6,0.0,0.0,0.0,0.0,0.0,1.3e-5,4.0e-5,3.0e-6,0.0,0.0,0.0,0.0,0.0001,5.0e-6,2.0e-5,2.0e-6,0.0,0.0,0.0,0.0,0.0001,0.594779,0.01354,0.000958,0.56899,0.58648,0.59485,0.6045,0.62042,0.010016,0.00114,8.1e-5,0.0079,0.0092,0.01,0.0106,0.0126,1.3e-5,4.0e-5,3.0e-6,0.0,0.0,0.0,0.0,0.0001,0.594798,0.01354,0.000957,0.56899,0.58648,0.59485,0.6045,0.62042
116.0,0.192261,0.00557,0.000394,0.18207,0.18858,0.19205,0.19652,0.20261,0.036827,0.00278,0.000196,0.0316,0.0349,0.0367,0.03872,0.04211,1.0e-6,1.0e-5,1.0e-6,0.0,0.0,0.0,0.0,0.0,1.1e-5,4.0e-5,3.0e-6,0.0,0.0,0.0,0.0,0.0001,5.0e-6,2.0e-5,2.0e-6,0.0,0.0,0.0,0.0,0.0001,0.594781,0.01354,0.000958,0.56899,0.58648,0.59485,0.6045,0.62042,0.009944,0.00112,7.9e-5,0.0081,0.0092,0.0099,0.0106,0.0122,1.1e-5,4.0e-5,3.0e-6,0.0,0.0,0.0,0.0,0.0001,0.594798,0.01354,0.000957,0.56899,0.58648,0.59485,0.6045,0.62042
117.0,0.19226,0.00557,0.000394,0.18207,0.18858,0.19205,0.19652,0.20261,0.036445,0.00276,0.000195,0.0312,0.03448,0.0363,0.03832,0.04151,2.0e-6,1.0e-5,1.0e-6,0.0,0.0,0.0,0.0,0.0,9.0e-6,4.0e-5,3.0e-6,0.0,0.0,0.0,0.0,0.0001,4.0e-6,2.0e-5,2.0e-6,0.0,0.0,0.0,0.0,0.0001,0.594784,0.01354,0.000957,0.56899,0.58648,0.59485,0.6045,0.62042,0.009836,0.00112,7.9e-5,0.0079,0.00908,0.0098,0.0106,0.0122,9.0e-6,4.0e-5,3.0e-6,0.0,0.0,0.0,0.0,0.0001,0.594799,0.01354,0.000957,0.56899,0.58648,0.59485,0.6045,0.62042
118.0,0.19226,0.00557,0.000394,0.18207,0.18858,0.19205,0.19652,0.20261,0.036082,0.00274,0.000194,0.0309,0.0341,0.03595,0.03792,0.0414,2.0e-6,1.0e-5,1.0e-6,0.0,0.0,0.0,0.0,0.0,8.0e-6,3.0e-5,2.0e-6,0.0,0.0,0.0,0.0,0.0001,4.0e-6,2.0e-5,1.0e-6,0.0,0.0,0.0,0.0,0.0001,0.594787,0.01354,0.000957,0.56899,0.58648,0.59485,0.6045,0.62042,0.009731,0.00112,8.0e-5,0.0077,0.0089,0.0097,0.0104,0.012,8.0e-6,3.0e-5,2.0e-6,0.0,0.0,0.0,0.0,0.0001,0.594799,0.01354,0.000957,0.56899,0.58648,0.59485,0.6045,0.62042
119.0,0.19226,0.00557,0.000394,0.18207,0.18858,0.19205,0.19652,0.20261,0.035746,0.00274,0.000193,0.0307,0.0338,0.0356,0.03772,0.0411,2.0e-6,1.0e-5,1.0e-6,0.0,0.0,0.0,0.0,0.0,8.0e-6,4.0e-5,3.0e-6,0.0,0.0,0.0,0.0,0.0001,3.0e-6,2.0e-5,1.0e-6,0.0,0.0,0.0,0.0,0.0,0.594787,0.01354,0.000957,0.56899,0.58648,0.59485,0.6045,0.62042,0.009594,0.00111,7.9e-5,0.0076,0.0088,0.00955,0.0103,0.0121,8.0e-6,4.0e-5,3.0e-6,0.0,0.0,0.0,0.0,0.0001,0.5948,0.01354,0.000957,0.56899,0.58648,0.59485,0.6045,0.62042
120.0,0.19226,0.00557,0.000394,0.18207,0.18858,0.19205,0.19652,0.20261,0.035384,0.0027,0.000191,0.0304,0.0335,0.03525,0.03732,0.0406,1.0e-6,1.0e-5,1.0e-6,0.0,0.0,0.0,0.0,0.0,8.0e-6,3.0e-5,2.0e-6,0.0,0.0,0.0,0.0,0.0001,2.0e-6,2.0e-5,1.0e-6,0.0,0.0,0.0,0.0,0.0,0.594788,0.01354,0.000957,0.56899,0.58648,0.59485,0.6045,0.62042,0.009482,0.00112,7.9e-5,0.0073,0.0087,0.0095,0.0102,0.0118,8.0e-6,3.0e-5,2.0e-6,0.0,0.0,0.0,0.0,0.0001,0.5948,0.01354,0.000957,0.56899,0.58648,0.59485,0.6045,0.62042
