t,cond.S.mean,cond.S.sd,cond.S.se,cond.S.q025,cond.S.q25,cond.S.q50,cond.S.q75,cond.S.q975,cond.I_1.mean,cond.I_1.sd,cond.I_1.se,cond.I_1.q025,cond.I_1.q25,cond.I_1.q50,cond.I_1.q75,cond.I_1.q975,cond.I_2.mean,cond.I_2.sd,cond.I_2.se,cond.I_2.q025,cond.I_2.q25,cond.I_2.q50,cond.I_2.q75,cond.I_2.q975,cond.R.mean,cond.R.sd,cond.R.se,cond.R.q025,cond.R.q25,cond.R.q50,cond.R.q75,cond.R.q975,cond.infectious.mean,cond.infectious.sd,cond.infectious.se,cond.infectious.q025,cond.infectious.q25,cond.infectious.q50,cond.infectious.q75,cond.infectious.q975,cond.cumulative.mean,cond.cumulative.sd,cond.cumulative.se,cond.cumulative.q025,cond.cumulative.q25,cond.cumulative.q50,cond.cumulative.q75,cond.cumulative.q975
0.0,0.99,0.0,0.0,0.99,0.99,0.99,0.99,0.99,0.01,0.0,0.0,0.01,0.01,0.01,0.01,0.01,0.0,0.0,0.0,0.0,0.0,0.0,0.0,0.0,0.0,0.0,0.0,0.0,0.0,0.0,0.0,0.0,0.01,0.0,0.0,0.01,0.01,0.01,0.01,0.01,0.01,0.0,0.0,0.01,0.01,0.01,0.01,0.01
0.25,0.987815,0.0005,3.6e-5,0.9869,0.9875,0.9878,0.9881,0.9888,0.010879,0.00056,4.0e-5,0.0098,0.0105,0.01085,0.0113,0.012,0.001224,0.00033,2.4e-5,0.0006,0.001,0.0012,0.00142,0.0019,8.1e-5,0.0001,7.0e-6,0.0,0.0,0.0001,0.0001,0.0003,0.012104,0.00051,3.6e-5,0.0111,0.0118,0.0121,0.0125,0.0131,0.012184,0.0005,3.6e-5,0.0112,0.0119,0.0122,0.0125,0.0131
0.5,0.985239,0.00082,5.8e-5,0.9836,0.9847,0.9852,0.9858,0.9869,0.01208,0.00082,5.8e-5,0.0106,0.01157,0.012,0.0126,0.0139,0.002382,0.00046,3.3e-5,0.0015,0.0021,0.0024,0.0027,0.0033,0.0003,0.00018,1.3e-5,0.0,0.0002,0.0003,0.0004,0.0007,0.014462,0.00085,6.0e-5,0.0127,0.0139,0.0144,0.015,0.0161,0.014761,0.00082,5.8e-5,0.0131,0.0142,0.0148,0.0153,0.0164
0.75,0.982264,0.00116,8.2e-5,0.9802,0.9815,0.98215,0.983,0.9846,0.013376,0.00111,7.8e-5,0.0113,0.0127,0.0133,0.0141,0.0156,0.003688,0.00062,4.4e-5,0.0026,0.0033,0.0036,0.0041,0.0049,0.000672,0.00025,1.8e-5,0.0002,0.0005,0.0007,0.0008,0.0012,0.017065,0.00119,8.4e-5,0.0147,0.0162,0.0171,0.0178,0.01941,0.017736,0.00116,8.2e-5,0.0154,0.017,0.01785,0.0185,0.01981
1.0,0.978849,0.00158,0.000112,0.976,0.97778,0.9788,0.98,0.9821,0.015043,0.00144,0.000102,0.0121,0.014,0.015,0.01602,0.0179,0.004896,0.00066,4.6e-5,0.0037,0.0044,0.0049,0.0053,0.0062,0.001212,0.00033,2.3e-5,0.0006,0.001,0.0012,0.0014,0.0018,0.01994,0.00158,0.000112,0.0167,0.01888,0.02,0.021,0.0228,0.021151,0.00158,0.000112,0.0179,0.02,0.0212,0.02222,0.024
1.25,0.975044,0.00197,0.000139,0.9714,0.9736,0.9751,0.9763,0.9792,0.016828,0.0017,0.00012,0.0136,0.0157,0.01665,0.018,0.0205,0.006193,0.00076,5.3e-5,0.0046,0.0057,0.0062,0.0067,0.0076,0.001935,0.00041,2.9e-5,0.0012,0.0016,0.0019,0.0022,0.0027,0.023022,0.00193,0.000136,0.01889,0.0219,0.0229,0.0244,0.0265,0.024956,0.00197,0.000139,0.0208,0.0237,0.0249,0.0264,0.0286
1.5,0.970727,0.00246,0.000174,0.96648,0.96898,0.97075,0.9724,0.9756,0.018926,0.00197,0.000139,0.0155,0.0175,0.0188,0.0202,0.02261,0.007542,0.0009,6.3e-5,0.0058,0.00698,0.0076,0.00812,0.0091,0.002806,0.0005,3.6e-5,0.0019,0.0025,0.0028,0.0031,0.0038,0.026467,0.00236,0.000167,0.0217,0.02488,0.02635,0.0283,0.0308,0.029273,0.00246,0.000174,0.0244,0.0276,0.02925,0.03102,0.03352
1.75,0.965787,0.00302,0.000213,0.9601,0.96385,0.9659,0.9677,0.97201,0.021318,0.00232,0.000164,0.01679,0.0196,0.0212,0.0227,0.02611,0.009012,0.00105,7.4e-5,0.0069,0.00827,0.0091,0.0097,0.0109,0.003884,0.00058,4.1e-5,0.0027,0.0035,0.0038,0.00432,0.0048,0.03033,0.00289,0.000204,0.0244,0.0284,0.03005,0.03233,0.03591,0.034214,0.00302,0.000213,0.02799,0.0323,0.0341,0.03615,0.0399
2.0,0.960285,0.0036,0.000254,0.95329,0.95797,0.9603,0.9627,0.96771,0.023971,0.00268,0.000189,0.01889,0.02207,0.0237,0.02572,0.02873,0.010611,0.00121,8.5e-5,0.0083,0.0098,0.01065,0.0113,0.0132,0.005134,0.00067,4.7e-5,0.0038,0.0047,0.00515,0.0056,0.0063,0.034582,0.00337,0.000238,0.02788,0.0322,0.03465,0.03682,0.0408,0.039715,0.0036,0.000254,0.03229,0.0373,0.0397,0.04202,0.04671
2.25,0.954172,0.00426,0.000301,0.9456,0.9515,0.9543,0.9569,0.96281,0.026869,0.00303,0.000214,0.02119,0.0247,0.0268,0.029,0.033,0.012438,0.00138,9.8e-5,0.0098,0.0115,0.0124,0.0135,0.01511,0.006521,0.00084,5.9e-5,0.0048,0.0061,0.0065,0.0071,0.008,0.039307,0.00393,0.000278,0.032,0.03658,0.0389,0.0418,0.0472,0.045828,0.00426,0.000301,0.03719,0.0431,0.0457,0.0485,0.0544
2.5,0.94723,0.00503,0.000355,0.93718,0.9441,0.94725,0.95072,0.95751,0.030243,0.00348,0.000246,0.0236,0.02778,0.03015,0.0326,0.03691,0.014346,0.00155,0.000109,0.0114,0.01327,0.0143,0.01543,0.0172,0.00818,0.00099,7.0e-5,0.0063,0.0075,0.0081,0.009,0.0101,0.04459,0.00456,0.000323,0.03639,0.04128,0.0448,0.04742,0.05361,0.05277,0.00503,0.000355,0.04249,0.04927,0.05275,0.0559,0.06282
2.75,0.939484,0.00601,0.000425,0.9272,0.93598,0.93955,0.94342,0.95141,0.034002,0.00402,0.000284,0.0268,0.03128,0.0337,0.03663,0.04201,0.01638,0.00184,0.00013,0.0128,0.0151,0.0163,0.0176,0.0199,0.010134,0.00114,8.0e-5,0.008,0.00938,0.0101,0.0109,0.0122,0.050382,0.00543,0.000384,0.04039,0.04658,0.0504,0.05382,0.06151,0.060516,0.00601,0.000425,0.04859,0.05658,0.06045,0.06402,0.0728
3.0,0.930859,0.00696,0.000492,0.9162,0.92695,0.93125,0.93542,0.9436,0.038195,0.00452,0.00032,0.0304,0.035,0.0378,0.041,0.04691,0.018638,0.00205,0.000145,0.015,0.0172,0.0187,0.01993,0.023,0.012308,0.00136,9.6e-5,0.0094,0.01138,0.0124,0.0132,0.01481,0.056833,0.0062,0.000439,0.04686,0.0523,0.0565,0.0607,0.06923,0.069141,0.00696,0.000492,0.0564,0.06458,0.06875,0.07305,0.0838
3.25,0.921335,0.00807,0.000571,0.9034,0.91613,0.9219,0.9265,0.9353,0.042608,0.00509,0.00036,0.0329,0.03928,0.0421,0.04642,0.05321,0.021285,0.00244,0.000173,0.01669,0.01967,0.0214,0.0227,0.02631,0.014772,0.00156,0.00011,0.0114,0.0138,0.0149,0.0158,0.0178,0.063893,0.00713,0.000504,0.05236,0.05908,0.0634,0.06858,0.07911,0.078665,0.00807,0.000571,0.0647,0.0735,0.0781,0.08388,0.0966
3.5,0.910818,0.00924,0.000653,0.89087,0.90538,0.9112,0.91767,0.9263,0.047552,0.00566,0.0004,0.0378,0.04348,0.0472,0.0512,0.05902,0.02406,0.00284,0.000201,0.0186,0.02218,0.0242,0.0259,0.02961,0.01757,0.00179,0.000126,0.0138,0.01638,0.01755,0.0188,0.021,0.071613,0.00805,0.000569,0.05846,0.06578,0.071,0.07667,0.08862,0.089182,0.00924,0.000653,0.0737,0.08233,0.0888,0.09462,0.10913
3.75,0.898982,0.01062,0.000751,0.87786,0.89235,0.89955,0.90638,0.91721,0.053034,0.00644,0.000456,0.0421,0.0481,0.05265,0.0573,0.06571,0.027132,0.00314,0.000222,0.0209,0.025,0.0273,0.0291,0.0335,0.020852,0.0021,0.000149,0.0165,0.0195,0.0207,0.02222,0.0251,0.080166,0.00916,0.000648,0.0637,0.07335,0.07965,0.08655,0.0988,0.101018,0.01062,0.000751,0.08279,0.09362,0.10045,0.10765,0.12214
4.0,0.886063,0.01207,0.000853,0.8608,0.87735,0.8873,0.89508,0.90612,0.058963,0.00718,0.000507,0.0473,0.05315,0.05845,0.06342,0.07263,0.030492,0.00347,0.000246,0.02399,0.02818,0.0302,0.0328,0.03761,0.024482,0.00249,0.000176,0.0191,0.02298,0.0244,0.02632,0.0294,0.089455,0.01022,0.000723,0.07266,0.08188,0.08865,0.0968,0.1101,0.113937,0.01207,0.000853,0.09388,0.10492,0.1127,0.12265,0.1392
4.25,0.871988,0.01359,0.000961,0.84439,0.8628,0.8734,0.8825,0.8961,0.065269,0.00792,0.00056,0.05248,0.0594,0.0646,0.07015,0.08031,0.034221,0.00389,0.000275,0.0268,0.03167,0.0339,0.0369,0.04271,0.028523,0.00289,0.000204,0.0226,0.0267,0.0283,0.03052,0.03372,0.09949,0.01136,0.000804,0.08047,0.09105,0.0981,0.10753,0.12222,0.128012,0.01359,0.000961,0.1039,0.1175,0.1266,0.1372,0.15561
4.5,0.856634,0.01513,0.00107,0.8258,0.84672,0.85805,0.8683,0.8841,0.072002,0.00853,0.000603,0.05669,0.06587,0.0711,0.07755,0.088,0.038272,0.00445,0.000314,0.02998,0.03547,0.03795,0.0413,0.0483,0.033092,0.00331,0.000234,0.0264,0.031,0.0328,0.03542,0.03892,0.110274,0.01258,0.000889,0.08942,0.10075,0.10885,0.1192,0.13572,0.143366,0.01513,0.00107,0.1159,0.1317,0.14195,0.15328,0.1742
4.75,0.840138,0.0168,0.001188,0.80678,0.82892,0.8413,0.85262,0.8693,0.079045,0.00914,0.000647,0.06248,0.0722,0.0778,0.0848,0.09671,0.042692,0.00505,0.000357,0.03428,0.0393,0.042,0.04632,0.05371,0.038124,0.00385,0.000273,0.03048,0.03547,0.0381,0.04072,0.04511,0.121737,0.01374,0.000971,0.09799,0.11218,0.11995,0.13095,0.14872,0.159862,0.0168,0.001188,0.1307,0.14738,0.1587,0.17108,0.19322
5.0,0.822348,0.01843,0.001303,0.78667,0.80868,0.8246,0.8356,0.85332,0.086446,0.00963,0.000681,0.069,0.07938,0.08495,0.09305,0.1047,0.04741,0.00563,0.000398,0.03779,0.0436,0.04675,0.0519,0.05971,0.043796,0.00438,0.00031,0.03578,0.0407,0.04365,0.0466,0.0519,0.133856,0.01477,0.001044,0.1092,0.1235,0.1322,0.14483,0.1629,0.177652,0.01843,0.001303,0.14668,0.1644,0.1754,0.19132,0.21333
5.25,0.803476,0.01991,0.001408,0.76654,0.78915,0.8057,0.81713,0.83656,0.094128,0.00984,0.000696,0.07728,0.08718,0.0928,0.101,0.1151,0.052425,0.00612,0.000433,0.04259,0.04818,0.0519,0.0569,0.06501,0.049972,0.00503,0.000356,0.04059,0.04605,0.05005,0.05305,0.05923,0.146552,0.01552,0.001097,0.12058,0.1356,0.14495,0.15798,0.17611,0.196524,0.01991,0.001408,0.16344,0.18288,0.1943,0.21085,0.23346
5.5,0.78341,0.02137,0.001511,0.74249,0.76718,0.7855,0.79858,0.81961,0.10201,0.01015,0.000718,0.08569,0.09447,0.10115,0.1087,0.12322,0.057673,0.00645,0.000456,0.04598,0.0533,0.05735,0.06252,0.07031,0.056908,0.00587,0.000415,0.04639,0.05238,0.05655,0.0612,0.0683,0.159682,0.01615,0.001142,0.13068,0.1474,0.158,0.17175,0.1922,0.21659,0.02137,0.001511,0.18039,0.20143,0.2145,0.23282,0.25751
5.75,0.761996,0.02295,0.001623,0.72072,0.74488,0.76385,0.77903,0.79846,0.11031,0.01059,0.000749,0.09299,0.1021,0.10975,0.11765,0.13111,0.063216,0.00697,0.000493,0.05077,0.05838,0.0627,0.06842,0.07646,0.064477,0.00657,0.000465,0.05228,0.05992,0.06415,0.06873,0.0779,0.173526,0.01705,0.001205,0.14478,0.16,0.17215,0.18592,0.20796,0.238003,0.02295,0.001623,0.20154,0.22098,0.23615,0.25512,0.27928
6.0,0.739508,0.02434,0.001721,0.69397,0.72125,0.74165,0.7576,0.77915,0.118429,0.01085,0.000768,0.10038,0.11025,0.1179,0.12587,0.1406,0.06932,0.00725,0.000513,0.056,0.0644,0.06855,0.0753,0.08273,0.072744,0.00744,0.000526,0.05988,0.06758,0.07235,0.0779,0.08743,0.187749,0.01758,0.001243,0.15736,0.17525,0.1868,0.20093,0.2233,0.260493,0.02434,0.001721,0.22085,0.2424,0.25835,0.27875,0.30603
6.25,0.716164,0.02568,0.001816,0.66739,0.6974,0.71845,0.73555,0.76,0.126493,0.01096,0.000775,0.1068,0.11795,0.1261,0.13402,0.14831,0.075525,0.00777,0.000549,0.06198,0.0699,0.0747,0.0814,0.09051,0.081818,0.00819,0.000579,0.06809,0.07658,0.0813,0.0878,0.09881,0.202018,0.01822,0.001288,0.1685,0.18768,0.2015,0.215,0.23851,0.283835,0.02568,0.001816,0.24,0.26445,0.28155,0.3026,0.33261
6.5,0.692118,0.02669,0.001887,0.64149,0.67062,0.69445,0.71172,0.73629,0.134372,0.01072,0.000758,0.11598,0.12667,0.1339,0.14165,0.15501,0.081882,0.00826,0.000584,0.06699,0.07568,0.0809,0.08848,0.09761,0.091628,0.00907,0.000641,0.07626,0.08528,0.09105,0.09822,0.11064,0.216254,0.01845,0.001304,0.18306,0.20225,0.2162,0.23043,0.25076,0.307882,0.02669,0.001887,0.26371,0.28828,0.30555,0.32938,0.3585
6.75,0.667365,0.02764,0.001954,0.61539,0.646,0.66925,0.68795,0.71329,0.141881,0.01062,0.000751,0.12228,0.13377,0.14195,0.1492,0.16421,0.088409,0.00857,0.000606,0.07396,0.08242,0.0876,0.09503,0.10372,0.102345,0.00999,0.000706,0.08489,0.09535,0.10185,0.1094,0.1234,0.23029,0.01849,0.001308,0.19677,0.21605,0.2309,0.2444,0.26523,0.332635,0.02764,0.001954,0.28671,0.31205,0.33075,0.354,0.38461
7.0,0.64235,0.02836,0.002005,0.5878,0.62045,0.6442,0.66332,0.69004,0.148788,0.01016,0.000718,0.13054,0.1414,0.149,0.15522,0.1697,0.09508,0.00895,0.000633,0.07898,0.08928,0.09435,0.1011,0.11262,0.113782,0.01086,0.000768,0.0941,0.10718,0.11335,0.12192,0.13621,0.243868,0.01841,0.001302,0.21048,0.23085,0.2439,0.25692,0.2794,0.35765,0.02836,0.002005,0.30996,0.33668,0.3558,0.37955,0.4122
7.25,0.61714,0.02897,0.002048,0.56394,0.59563,0.618,0.6387,0.66606,0.154768,0.00982,0.000694,0.13628,0.1467,0.15535,0.16117,0.17492,0.102112,0.009,0.000636,0.08555,0.09628,0.10115,0.10762,0.1204,0.12598,0.0119,0.000841,0.1044,0.11812,0.12535,0.13443,0.14844,0.25688,0.01812,0.001281,0.223,0.24435,0.25715,0.2697,0.2933,0.382861,0.02897,0.002048,0.33394,0.3613,0.382,0.40438,0.43606
7.5,0.591671,0.02912,0.002059,0.53845,0.56967,0.59225,0.6126,0.64092,0.160522,0.00908,0.000642,0.14189,0.15405,0.1608,0.16648,0.1786,0.108714,0.00897,0.000634,0.0925,0.10267,0.10815,0.11452,0.1269,0.139094,0.01297,0.000917,0.11479,0.13008,0.1381,0.14835,0.16464,0.269235,0.01725,0.00122,0.23663,0.25735,0.2688,0.28035,0.30301,0.408329,0.02912,0.002059,0.35908,0.3874,0.40775,0.43032,0.46156
7.75,0.566459,0.0293,0.002072,0.51249,0.54498,0.5677,0.5879,0.61774,0.165269,0.00854,0.000604,0.14829,0.1594,0.1655,0.1707,0.18184,0.115356,0.00876,0.000619,0.09969,0.1095,0.1151,0.12165,0.13232,0.152915,0.01394,0.000986,0.12638,0.14268,0.1524,0.16258,0.1812,0.280626,0.01648,0.001165,0.24838,0.26882,0.2803,0.29198,0.31363,0.433541,0.0293,0.002072,0.38226,0.4121,0.4323,0.45502,0.48751
8.0,0.541768,0.02914,0.00206,0.48866,0.5207,0.54075,0.5635,0.59188,0.169076,0.00787,0.000557,0.1538,0.16385,0.1693,0.17362,0.18441,0.121625,0.00854,0.000604,0.1055,0.11558,0.1207,0.1272,0.13951,0.16753,0.01498,0.001059,0.1394,0.1566,0.1669,0.17808,0.19665,0.290702,0.0155,0.001096,0.26008,0.27985,0.29105,0.3005,0.32103,0.458232,0.02914,0.00206,0.40812,0.4365,0.45925,0.4793,0.51134
8.25,0.517405,0.02893,0.002046,0.46587,0.4961,0.5166,0.53885,0.57011,0.172145,0.00733,0.000518,0.15856,0.167,0.17235,0.17692,0.1865,0.127434,0.00841,0.000595,0.1107,0.12202,0.1263,0.1341,0.144,0.183016,0.0159,0.001124,0.15336,0.17098,0.18275,0.1951,0.21284,0.299579,0.01459,0.001031,0.27034,0.28928,0.2994,0.30972,0.32794,0.482595,0.02893,0.002046,0.42989,0.46115,0.4834,0.5039,0.53413
8.5,0.49382,0.02828,0.002,0.44338,0.47245,0.4937,0.51545,0.54642,0.174005,0.00649,0.000459,0.16109,0.1698,0.1742,0.17832,0.18621,0.132912,0.00808,0.000571,0.11778,0.12755,0.13215,0.1388,0.14853,0.199263,0.01689,0.001194,0.16768,0.18678,0.19895,0.21145,0.23092,0.306917,0.0132,0.000934,0.2807,0.29678,0.3075,0.3158,0.3336,0.50618,0.02828,0.002,0.45358,0.48455,0.5063,0.52755,0.55662
8.75,0.470848,0.0277,0.001959,0.42346,0.45042,0.4705,0.4915,0.52204,0.17524,0.00605,0.000428,0.16349,0.1711,0.17575,0.1791,0.18643,0.137705,0.00776,0.000549,0.1231,0.13258,0.1371,0.14225,0.153,0.216206,0.01788,0.001264,0.18352,0.20328,0.21575,0.22885,0.2498,0.312945,0.01188,0.00084,0.29008,0.30452,0.3138,0.3208,0.33681,0.529152,0.0277,0.001959,0.47796,0.5085,0.5295,0.54958,0.57654
9.0,0.448859,0.02687,0.0019,0.40087,0.4285,0.44835,0.46873,0.49788,0.1753,0.00564,0.000399,0.16288,0.1724,0.1758,0.17855,0.18593,0.142203,0.00718,0.000508,0.1296,0.13748,0.14215,0.1466,0.15701,0.233638,0.01877,0.001327,0.19912,0.21998,0.2331,0.2467,0.2688,0.317503,0.01054,0.000745,0.29648,0.30982,0.31775,0.3245,0.33724,0.551142,0.02687,0.0019,0.50212,0.53127,0.55165,0.5715,0.59913
9.25,0.427849,0.02592,0.001833,0.38175,0.40802,0.4278,0.44653,0.4775,0.174411,0.00541,0.000383,0.16299,0.17068,0.1746,0.17842,0.18433,0.14602,0.00689,0.000487,0.1331,0.14147,0.1455,0.1504,0.16091,0.251721,0.01931,0.001365,0.21672,0.2375,0.2508,0.26483,0.28761,0.32043,0.00956,0.000676,0.30303,0.3139,0.32125,0.32672,0.33881,0.572151,0.02592,0.001833,0.52249,0.55347,0.5722,0.59198,0.61825
9.5,0.40804,0.02497,0.001766,0.36306,0.38988,0.40715,0.4262,0.45424,0.172439,0.00534,0.000377,0.16187,0.16868,0.17265,0.1762,0.18262,0.149214,0.0063,0.000446,0.13749,0.14508,0.14895,0.153,0.1624,0.270308,0.02002,0.001416,0.23371,0.25583,0.27015,0.28512,0.30711,0.321653,0.00851,0.000602,0.3052,0.31598,0.32195,0.32732,0.33652,0.59196,0.02497,0.001766,0.54576,0.5738,0.59285,0.61012,0.63694
9.75,0.389217,0.02408,0.001702,0.3434,0.37238,0.3888,0.407,0.43418,0.169737,0.00542,0.000383,0.15927,0.16638,0.1698,0.1735,0.1801,0.151774,0.00588,0.000416,0.14119,0.14777,0.1516,0.15622,0.1637,0.289272,0.02047,0.001448,0.25175,0.27465,0.2884,0.3055,0.32702,0.321512,0.0078,0.000551,0.306,0.3156,0.3222,0.3264,0.335,0.610784,0.02408,0.001702,0.56582,0.593,0.6112,0.62762,0.6566
10.0,0.371399,0.02303,0.001629,0.32819,0.35428,0.3707,0.38775,0.41361,0.166484,0.00554,0.000391,0.15478,0.163,0.16625,0.17032,0.17741,0.153536,0.00564,0.000399,0.14319,0.14978,0.1531,0.1573,0.16415,0.30858,0.02085,0.001474,0.26948,0.29308,0.30735,0.3248,0.3463,0.320021,0.0074,0.000523,0.3067,0.31448,0.32055,0.32495,0.33427,0.628601,0.02303,0.001629,0.58639,0.61225,0.6293,0.64572,0.6718
10.25,0.354838,0.02206,0.00156,0.31355,0.33868,0.35415,0.37052,0.39609,0.162465,0.00578,0.000409,0.15088,0.1586,0.16265,0.1664,0.17322,0.154776,0.00541,0.000383,0.14478,0.15118,0.1544,0.15802,0.1662,0.32792,0.02112,0.001494,0.28777,0.31288,0.32695,0.3443,0.36572,0.317241,0.00728,0.000515,0.3042,0.31198,0.31725,0.32165,0.33123,0.645162,0.02206,0.00156,0.60391,0.62948,0.64585,0.66132,0.68645
10.5,0.339212,0.02102,0.001486,0.29938,0.3241,0.33805,0.35442,0.37947,0.158088,0.00605,0.000427,0.14646,0.15395,0.1582,0.16212,0.16981,0.155524,0.00527,0.000373,0.14618,0.1519,0.1553,0.1585,0.16531,0.347175,0.02121,0.0015,0.30768,0.33238,0.34575,0.36355,0.38571,0.313612,0.00732,0.000517,0.29859,0.30862,0.3139,0.31825,0.3276,0.660788,0.02102,0.001486,0.62053,0.64558,0.66195,0.6759,0.70062
10.75,0.324877,0.02,0.001414,0.28606,0.31042,0.32405,0.33952,0.36226,0.152912,0.00632,0.000447,0.14136,0.14908,0.1531,0.15645,0.165,0.155536,0.00479,0.000339,0.14689,0.1524,0.1557,0.15832,0.16481,0.366674,0.02151,0.001521,0.32719,0.3516,0.36535,0.38305,0.4062,0.308448,0.0076,0.000537,0.29079,0.3036,0.3085,0.31377,0.3231,0.675123,0.02,0.001414,0.63774,0.66048,0.67595,0.68958,0.71394
11.0,0.311364,0.019,0.001343,0.27328,0.29838,0.3106,0.32505,0.34596,0.14751,0.00658,0.000465,0.13357,0.14332,0.1475,0.1519,0.16025,0.154967,0.00474,0.000335,0.14599,0.1517,0.1548,0.15763,0.1649,0.38616,0.02182,0.001543,0.34637,0.371,0.385,0.40225,0.42571,0.302477,0.00814,0.000576,0.2844,0.29735,0.30245,0.30775,0.31784,0.688636,0.019,0.001343,0.65404,0.67495,0.6894,0.70162,0.72672
11.25,0.298893,0.01807,0.001278,0.26138,0.28628,0.2982,0.31208,0.33267,0.141826,0.00667,0.000472,0.1264,0.13815,0.1419,0.1468,0.15334,0.153795,0.00455,0.000321,0.14579,0.15058,0.1539,0.15692,0.16184,0.405486,0.02175,0.001538,0.36359,0.3891,0.4042,0.42155,0.44493,0.295622,0.0085,0.000601,0.27785,0.29008,0.29575,0.3014,0.31122,0.701107,0.01807,0.001278,0.66733,0.68792,0.7018,0.71372,0.73863
11.5,0.287406,0.01719,0.001216,0.25193,0.27572,0.2867,0.29915,0.32006,0.136036,0.00691,0.000489,0.1209,0.13198,0.136,0.14088,0.14763,0.151873,0.00438,0.00031,0.14338,0.1488,0.15205,0.15475,0.1606,0.424686,0.02172,0.001536,0.3828,0.40962,0.4228,0.44052,0.46442,0.287908,0.00892,0.00063,0.26985,0.28225,0.28835,0.2946,0.30401,0.712594,0.01719,0.001216,0.67994,0.70085,0.7133,0.72428,0.74807
11.75,0.276789,0.01617,0.001143,0.24333,0.2663,0.2762,0.2879,0.30812,0.130131,0.00709,0.000502,0.11459,0.12595,0.12985,0.13485,0.14342,0.149568,0.00443,0.000313,0.1408,0.14638,0.14975,0.15263,0.15781,0.443513,0.02164,0.00153,0.40282,0.42795,0.44145,0.45922,0.48184,0.279699,0.00932,0.000659,0.26106,0.27368,0.27985,0.2862,0.29701,0.723211,0.01617,0.001143,0.69187,0.7121,0.7238,0.7337,0.75667
12.0,0.26698,0.01528,0.00108,0.23495,0.2575,0.26635,0.27792,0.2967,0.123994,0.00705,0.000499,0.10858,0.1192,0.124,0.1294,0.1366,0.147026,0.00456,0.000323,0.13789,0.14448,0.14675,0.1498,0.1554,0.461999,0.02147,0.001518,0.42026,0.44568,0.46025,0.47802,0.501,0.27102,0.00965,0.000682,0.25188,0.26468,0.2718,0.27732,0.2888,0.73302,0.01528,0.00108,0.7033,0.72207,0.73365,0.7425,0.76505
12.25,0.257909,0.01453,0.001028,0.2256,0.24895,0.25735,0.26808,0.28512,0.117982,0.00708,0.000501,0.1027,0.11295,0.1184,0.1232,0.13101,0.143877,0.00459,0.000325,0.13479,0.14045,0.144,0.14702,0.15263,0.480231,0.02128,0.001505,0.43967,0.46392,0.4786,0.49602,0.51726,0.261859,0.01001,0.000708,0.24239,0.25488,0.26195,0.2695,0.28131,0.742091,0.01453,0.001028,0.71487,0.73192,0.74265,0.75105,0.7744
12.5,0.249494,0.01382,0.000977,0.21879,0.24095,0.24915,0.25858,0.27552,0.112009,0.00712,0.000503,0.0981,0.10692,0.1124,0.11712,0.12471,0.140422,0.00484,0.000342,0.13069,0.137,0.1406,0.1438,0.15061,0.498075,0.02104,0.001488,0.45853,0.48188,0.4969,0.51352,0.53528,0.252431,0.01035,0.000732,0.23166,0.2453,0.2525,0.2599,0.2715,0.750506,0.01382,0.000977,0.72448,0.74142,0.75085,0.75905,0.78121
12.75,0.241858,0.01324,0.000937,0.2118,0.23395,0.24145,0.25033,0.26631,0.106071,0.00701,0.000496,0.0916,0.1013,0.1063,0.111,0.11842,0.136541,0.00484,0.000342,0.1274,0.1336,0.1364,0.13977,0.14631,0.51553,0.02073,0.001466,0.47653,0.4994,0.51465,0.53152,0.55114,0.242612,0.01057,0.000748,0.22099,0.23598,0.2424,0.25033,0.26201,0.758142,0.01324,0.000937,0.73369,0.74968,0.75855,0.76605,0.7882
13.0,0.234819,0.01271,0.000899,0.20579,0.22728,0.2342,0.24272,0.25882,0.100234,0.0071,0.000502,0.08658,0.095,0.10005,0.10552,0.11221,0.132624,0.00495,0.00035,0.12378,0.1294,0.13265,0.13572,0.1422,0.532323,0.02047,0.001447,0.49119,0.51718,0.53215,0.54735,0.56888,0.232858,0.01089,0.00077,0.21038,0.22578,0.2324,0.24068,0.2523,0.765181,0.01271,0.000899,0.74118,0.75728,0.7658,0.77273,0.79421
13.25,0.22835,0.01214,0.000858,0.20108,0.22098,0.228,0.23585,0.25152,0.094366,0.00706,0.000499,0.08068,0.0892,0.0944,0.0995,0.10612,0.128525,0.00512,0.000362,0.11888,0.1249,0.1289,0.1316,0.1391,0.548759,0.02001,0.001415,0.50958,0.5332,0.54855,0.5642,0.58349,0.222891,0.01107,0.000783,0.20049,0.21568,0.223,0.23082,0.24166,0.77165,0.01214,0.000858,0.74848,0.76415,0.772,0.77903,0.79892
13.5,0.22238,0.01161,0.000821,0.19608,0.21538,0.2222,0.2296,0.2444,0.088867,0.00678,0.00048,0.07598,0.08415,0.0889,0.09375,0.1003,0.124173,0.00535,0.000378,0.1144,0.1203,0.1243,0.12745,0.13393,0.564578,0.01963,0.001388,0.52695,0.54998,0.5646,0.57922,0.60017,0.213041,0.01114,0.000788,0.191,0.2058,0.21245,0.22122,0.23265,0.77762,0.01161,0.000821,0.7556,0.7704,0.7778,0.78462,0.80392
13.75,0.216981,0.01114,0.000787,0.19179,0.2106,0.21715,0.2237,0.23732,0.08348,0.00667,0.000472,0.0707,0.07868,0.0839,0.0888,0.09621,0.119689,0.00531,0.000376,0.11049,0.1161,0.1197,0.123,0.13072,0.579849,0.01917,0.001356,0.54579,0.56595,0.58005,0.59395,0.61771,0.20317,0.01109,0.000784,0.1818,0.1959,0.2034,0.21137,0.2243,0.783019,0.01114,0.000787,0.76268,0.7763,0.78285,0.7894,0.80821
14.0,0.212041,0.01074,0.00076,0.18768,0.20588,0.21235,0.21815,0.2324,0.078279,0.00646,0.000457,0.0659,0.0737,0.0785,0.08298,0.09062,0.11519,0.00541,0.000383,0.10548,0.11198,0.1152,0.1185,0.12551,0.594491,0.01867,0.00132,0.56072,0.58068,0.5947,0.60712,0.63182,0.193468,0.01098,0.000776,0.17179,0.1859,0.19395,0.2015,0.21452,0.78796,0.01074,0.00076,0.76759,0.78185,0.78765,0.79412,0.81232
14.25,0.207432,0.01029,0.000727,0.18428,0.2014,0.20775,0.2137,0.22681,0.073501,0.00626,0.000443,0.0616,0.06887,0.0733,0.0778,0.08512,0.110551,0.00548,0.000388,0.10077,0.1071,0.111,0.1138,0.1203,0.608517,0.0182,0.001287,0.57643,0.59532,0.60885,0.62105,0.64572,0.184052,0.01089,0.00077,0.16238,0.1767,0.1838,0.19172,0.20503,0.792568,0.01029,0.000727,0.77319,0.7863,0.79225,0.7986,0.81572
14.5,0.203147,0.01,0.000707,0.18029,0.19727,0.20335,0.20952,0.22161,0.068868,0.00614,0.000434,0.057,0.06458,0.0688,0.07282,0.0805,0.105844,0.0054,0.000382,0.09656,0.10217,0.10615,0.1094,0.11522,0.622141,0.01758,0.001243,0.59163,0.60915,0.6224,0.63552,0.65842,0.174712,0.01066,0.000754,0.15338,0.16748,0.1745,0.18198,0.19554,0.796853,0.01,0.000707,0.77839,0.79048,0.79665,0.80272,0.81971
14.75,0.199315,0.0097,0.000686,0.17718,0.19338,0.1999,0.20535,0.21661,0.06435,0.00589,0.000416,0.05329,0.06035,0.06445,0.0685,0.07514,0.101194,0.00538,0.00038,0.09189,0.09748,0.1011,0.10465,0.1117,0.635142,0.01713,0.001211,0.6062,0.62288,0.6355,0.6475,0.67072,0.165544,0.01047,0.00074,0.14439,0.1583,0.1648,0.17225,0.18665,0.800685,0.0097,0.000686,0.78339,0.79465,0.8001,0.80662,0.82282
15.0,0.195798,0.00943,0.000667,0.17467,0.18962,0.1966,0.20212,0.21242,0.06009,0.00557,0.000394,0.04919,0.05642,0.0604,0.0639,0.07051,0.09672,0.00544,0.000385,0.0866,0.09318,0.09645,0.10002,0.10641,0.647392,0.01672,0.001182,0.61678,0.63612,0.6476,0.65918,0.6832,0.15681,0.0103,0.000728,0.13589,0.15005,0.1564,0.16412,0.17772,0.804202,0.00943,0.000667,0.78758,0.79788,0.8034,0.81038,0.82533
15.25,0.192503,0.00915,0.000647,0.17284,0.18698,0.1929,0.1985,0.20881,0.056032,0.00523,0.00037,0.04628,0.0524,0.05615,0.05982,0.06542,0.092273,0.00544,0.000385,0.08209,0.0885,0.0919,0.09552,0.1027,0.659193,0.01623,0.001147,0.6299,0.64848,0.65935,0.67048,0.69511,0.148304,0.01003,0.000709,0.12898,0.1421,0.14795,0.15448,0.16881,0.807497,0.00915,0.000647,0.79119,0.8015,0.8071,0.81302,0.82716
15.5,0.189552,0.00898,0.000635,0.17045,0.18398,0.19005,0.1956,0.20532,0.052279,0.00488,0.000345,0.04306,0.049,0.05245,0.0556,0.0617,0.087768,0.00558,0.000395,0.0771,0.08392,0.08755,0.09092,0.09812,0.670402,0.01574,0.001113,0.64178,0.6598,0.6709,0.68078,0.70494,0.140046,0.00977,0.000691,0.1194,0.1338,0.1401,0.1468,0.15941,0.810448,0.00898,0.000635,0.79468,0.8044,0.80995,0.81602,0.82955
15.75,0.186893,0.00876,0.00062,0.16804,0.1815,0.18765,0.19302,0.20234,0.048665,0.00461,0.000326,0.03948,0.0455,0.0487,0.05158,0.05642,0.083412,0.00555,0.000392,0.07299,0.07997,0.08305,0.08695,0.09375,0.68103,0.01528,0.001081,0.65259,0.67068,0.68205,0.6909,0.71582,0.132078,0.00952,0.000673,0.11298,0.1265,0.1315,0.13853,0.1515,0.813108,0.00876,0.00062,0.79766,0.80698,0.81235,0.8185,0.83196
16.0,0.184437,0.00857,0.000606,0.16605,0.1794,0.18495,0.1901,0.19985,0.045158,0.00445,0.000315,0.036,0.0425,0.0453,0.04812,0.0533,0.079318,0.00536,0.000379,0.0685,0.0762,0.079,0.08245,0.0905,0.691086,0.01482,0.001048,0.66386,0.6806,0.69205,0.70012,0.72405,0.124477,0.00917,0.000648,0.10579,0.11875,0.12415,0.1309,0.14302,0.815563,0.00857,0.000606,0.80016,0.8099,0.81505,0.8206,0.83395
16.25,0.182115,0.00842,0.000595,0.16298,0.17723,0.1829,0.18742,0.19743,0.041957,0.00431,0.000305,0.0331,0.03938,0.0419,0.04485,0.04951,0.075277,0.00532,0.000376,0.06548,0.0724,0.0751,0.0785,0.08612,0.700651,0.01449,0.001025,0.67325,0.69085,0.7014,0.70952,0.73291,0.117234,0.00902,0.000638,0.09979,0.1115,0.1171,0.12305,0.1354,0.817885,0.00842,0.000595,0.80257,0.81258,0.8171,0.82277,0.83702
16.5,0.179963,0.00825,0.000583,0.16156,0.1754,0.1803,0.1852,0.19454,0.039067,0.0041,0.00029,0.0306,0.0366,0.039,0.04192,0.04671,0.071258,0.00528,0.000373,0.06148,0.0682,0.07105,0.0747,0.0818,0.709712,0.01406,0.000994,0.68394,0.69975,0.7102,0.71792,0.73982,0.110325,0.00881,0.000623,0.09429,0.10478,0.11035,0.11635,0.1276,0.820037,0.00825,0.000583,0.80546,0.8148,0.8197,0.8246,0.83844
16.75,0.177987,0.0081,0.000573,0.15997,0.17335,0.1786,0.18322,0.1931,0.036256,0.00393,0.000278,0.0286,0.03358,0.0363,0.0391,0.0436,0.0673,0.00508,0.000359,0.05768,0.0641,0.06715,0.07078,0.07791,0.718458,0.0135,0.000955,0.69344,0.70875,0.71905,0.72607,0.7487,0.103556,0.00842,0.000595,0.08748,0.0976,0.10315,0.10985,0.11991,0.822014,0.0081,0.000573,0.8069,0.81678,0.8214,0.82665,0.84003
17.0,0.176165,0.00795,0.000562,0.15828,0.1715,0.1765,0.18122,0.1909,0.033629,0.00377,0.000266,0.0265,0.03118,0.0337,0.0363,0.04081,0.063553,0.00487,0.000345,0.0537,0.06038,0.06355,0.0669,0.07341,0.726652,0.01303,0.000921,0.70224,0.71785,0.72715,0.73402,0.7557,0.097182,0.00807,0.000571,0.0817,0.09162,0.09685,0.1029,0.113,0.823835,0.00795,0.000562,0.8091,0.81878,0.8235,0.8285,0.84172
17.25,0.174552,0.00783,0.000554,0.1569,0.17002,0.17495,0.17952,0.18861,0.031177,0.00354,0.000251,0.0244,0.02878,0.03085,0.0335,0.0381,0.059924,0.00468,0.000331,0.0508,0.05678,0.0601,0.06285,0.0691,0.734347,0.01252,0.000885,0.71018,0.7262,0.73525,0.74132,0.76192,0.091101,0.00765,0.000541,0.07698,0.08578,0.09095,0.0966,0.10602,0.825448,0.00783,0.000554,0.81139,0.82048,0.82505,0.82998,0.8431
17.5,0.173073,0.00771,0.000545,0.1557,0.16885,0.1734,0.17782,0.18712,0.028824,0.00333,0.000235,0.0226,0.02668,0.0289,0.03112,0.03551,0.056443,0.00459,0.000325,0.0473,0.0533,0.05655,0.0597,0.06651,0.741659,0.01211,0.000856,0.7181,0.7332,0.74245,0.74872,0.76841,0.085267,0.00732,0.000518,0.07119,0.08058,0.08495,0.09012,0.0993,0.826926,0.00771,0.000545,0.81288,0.82218,0.8266,0.83115,0.8443
17.75,0.171688,0.00761,0.000538,0.15498,0.1673,0.172,0.17632,0.1857,0.026784,0.00313,0.000222,0.0205,0.0248,0.0269,0.02872,0.0327,0.05301,0.00447,0.000316,0.04429,0.05,0.05255,0.05603,0.0623,0.748518,0.01174,0.00083,0.72709,0.74028,0.74925,0.75565,0.775,0.079794,0.00705,0.000498,0.0658,0.07558,0.0795,0.08475,0.09322,0.828312,0.00761,0.000538,0.8143,0.82368,0.828,0.8327,0.84502
18.0,0.170413,0.00751,0.000531,0.15446,0.16605,0.17075,0.17502,0.18412,0.02484,0.00303,0.000214,0.0187,0.023,0.025,0.0268,0.03013,0.049838,0.0042,0.000297,0.042,0.04688,0.0493,0.0528,0.05812,0.754908,0.01135,0.000802,0.734,0.74698,0.7555,0.7616,0.78012,0.074679,0.0067,0.000474,0.06197,0.0696,0.0745,0.07972,0.087,0.829587,0.00751,0.000531,0.81588,0.82497,0.82925,0.83395,0.84554
18.25,0.16929,0.00744,0.000526,0.15347,0.16458,0.1697,0.1742,0.18302,0.022936,0.00289,0.000204,0.0169,0.0209,0.0232,0.0249,0.02843,0.046792,0.0041,0.00029,0.03869,0.04408,0.0462,0.0497,0.05412,0.760982,0.01105,0.000782,0.74107,0.75378,0.76165,0.76722,0.78532,0.069728,0.00646,0.000457,0.05679,0.06535,0.0693,0.07432,0.08103,0.830709,0.00744,0.000526,0.81698,0.8258,0.8303,0.83543,0.84653
18.5,0.168262,0.00737,0.000521,0.15277,0.16368,0.16865,0.173,0.1823,0.02117,0.00267,0.000189,0.016,0.01938,0.02125,0.023,0.02621,0.043924,0.00407,0.000288,0.0355,0.04128,0.04355,0.04692,0.05113,0.766644,0.01076,0.000761,0.74698,0.75988,0.767,0.7729,0.79003,0.065094,0.00619,0.000438,0.0532,0.06112,0.0649,0.0695,0.07652,0.831738,0.00737,0.000521,0.8177,0.827,0.83135,0.83632,0.84723
18.75,0.167259,0.00729,0.000515,0.15216,0.1626,0.16765,0.1716,0.181,0.019621,0.00256,0.000181,0.0146,0.01778,0.01965,0.0213,0.0242,0.041168,0.00389,0.000275,0.03368,0.0385,0.04105,0.04372,0.04861,0.771952,0.01048,0.000741,0.75298,0.76537,0.77195,0.77822,0.79472,0.060789,0.00594,0.00042,0.04919,0.0568,0.0605,0.06485,0.07162,0.83274,0.00729,0.000515,0.819,0.8284,0.83235,0.8374,0.84784
19.0,0.166344,0.00724,0.000512,0.15157,0.1617,0.1668,0.17072,0.1799,0.018142,0.00239,0.000169,0.0135,0.01655,0.0182,0.01962,0.0224,0.038652,0.0038,0.000269,0.03109,0.03628,0.03855,0.0414,0.04592,0.776862,0.01017,0.000719,0.75838,0.76998,0.7765,0.78285,0.79874,0.056794,0.00567,0.000401,0.0457,0.05335,0.05665,0.06102,0.0676,0.833656,0.00724,0.000512,0.8201,0.82928,0.8332,0.8383,0.84844
19.25,0.16554,0.00716,0.000506,0.15107,0.16097,0.16585,0.16993,0.1788,0.016797,0.00234,0.000165,0.0123,0.01527,0.0169,0.0185,0.02091,0.036095,0.00359,0.000254,0.0292,0.0336,0.0361,0.0387,0.04361,0.781568,0.00993,0.000702,0.763,0.7751,0.7814,0.78742,0.80312,0.052892,0.00539,0.000381,0.04248,0.04935,0.05285,0.05662,0.06361,0.83446,0.00716,0.000506,0.8212,0.83008,0.83415,0.83902,0.84893
19.5,0.164788,0.00713,0.000504,0.15058,0.1602,0.1652,0.16918,0.1781,0.015554,0.0023,0.000162,0.0113,0.014,0.0159,0.0171,0.0196,0.033767,0.00331,0.000234,0.0272,0.03158,0.0339,0.03595,0.04051,0.78589,0.00966,0.000683,0.7679,0.77945,0.7858,0.79142,0.8072,0.049322,0.00507,0.000359,0.03958,0.0461,0.0493,0.05292,0.0589,0.835212,0.00713,0.000504,0.8219,0.83082,0.8348,0.8398,0.84942
19.75,0.164128,0.00709,0.000502,0.15017,0.15937,0.1644,0.16842,0.17731,0.014354,0.00217,0.000153,0.0105,0.0131,0.0144,0.01583,0.0183,0.031539,0.00311,0.00022,0.0251,0.0292,0.03165,0.03402,0.0378,0.789978,0.00941,0.000666,0.77279,0.78408,0.7898,0.7953,0.8109,0.045894,0.00481,0.00034,0.0366,0.0429,0.04585,0.04923,0.05481,0.835872,0.00709,0.000502,0.82269,0.83158,0.8356,0.84062,0.84983
20.0,0.163502,0.00707,0.0005,0.14987,0.1587,0.16375,0.1677,0.1769,0.013264,0.00203,0.000143,0.0094,0.01198,0.0132,0.01462,0.0169,0.029435,0.00296,0.000209,0.02369,0.0275,0.02945,0.0316,0.03501,0.793798,0.00919,0.00065,0.77747,0.7878,0.79335,0.7992,0.81391,0.042699,0.00458,0.000324,0.0336,0.0395,0.04275,0.04582,0.05121,0.836498,0.00707,0.0005,0.8231,0.8323,0.83625,0.8413,0.85013
20.25,0.162911,0.00704,0.000497,0.14917,0.15828,0.1631,0.16712,0.17621,0.012204,0.00189,0.000134,0.0086,0.01098,0.0122,0.0135,0.0158,0.027507,0.00289,0.000205,0.0222,0.0256,0.0274,0.02952,0.033,0.797378,0.00907,0.000641,0.78157,0.79167,0.79705,0.80252,0.81711,0.039711,0.00441,0.000312,0.0313,0.03665,0.0397,0.04255,0.0479,0.837089,0.00704,0.000497,0.82379,0.83288,0.8369,0.84172,0.85082
20.5,0.162367,0.007,0.000495,0.14848,0.15775,0.16265,0.1666,0.1759,0.011255,0.00185,0.000131,0.0077,0.0101,0.0111,0.0125,0.0147,0.025679,0.00275,0.000194,0.02049,0.0239,0.0258,0.0276,0.03071,0.800699,0.0089,0.000629,0.78518,0.7951,0.80055,0.8056,0.8204,0.036934,0.0042,0.000297,0.029,0.0344,0.037,0.0397,0.04451,0.837633,0.007,0.000495,0.8241,0.8334,0.83735,0.84225,0.85152
20.75,0.161888,0.00696,0.000492,0.1478,0.15748,0.16225,0.16622,0.17501,0.010404,0.00176,0.000124,0.0067,0.0094,0.0102,0.01152,0.0137,0.023986,0.00274,0.000194,0.0187,0.0223,0.0237,0.0259,0.02902,0.803723,0.00876,0.00062,0.78838,0.79822,0.8035,0.8091,0.823,0.034389,0.00411,0.000291,0.0268,0.03205,0.03425,0.03702,0.04191,0.838112,0.00696,0.000492,0.82499,0.83378,0.83775,0.84252,0.8522
21.0,0.161445,0.00693,0.00049,0.1474,0.15695,0.1619,0.1657,0.17452,0.009628,0.00168,0.000119,0.00609,0.0086,0.0095,0.01062,0.0129,0.0223,0.00263,0.000186,0.01749,0.0206,0.0222,0.02412,0.0268,0.806628,0.00864,0.000611,0.79048,0.80148,0.80655,0.81202,0.8251,0.031927,0.00393,0.000278,0.0247,0.02968,0.0317,0.03472,0.03881,0.838555,0.00693,0.00049,0.82548,0.8343,0.8381,0.84305,0.8526
21.25,0.161034,0.00687,0.000486,0.147,0.1566,0.1615,0.1654,0.17391,0.008868,0.00164,0.000116,0.0055,0.0079,0.0088,0.00993,0.01191,0.020791,0.00245,0.000173,0.0163,0.01907,0.02085,0.0225,0.0254,0.809306,0.00848,0.0006,0.79389,0.804,0.8094,0.81432,0.82771,0.02966,0.0037,0.000261,0.0228,0.02728,0.02965,0.0319,0.03661,0.838966,0.00687,0.000486,0.82609,0.8346,0.8385,0.8434,0.853
21.5,0.160656,0.00687,0.000485,0.1463,0.15648,0.16095,0.165,0.17361,0.008181,0.00156,0.000111,0.0049,0.0072,0.0081,0.00913,0.01111,0.019352,0.00235,0.000166,0.0149,0.0176,0.0195,0.02105,0.0238,0.811812,0.00835,0.00059,0.79649,0.8065,0.8117,0.8167,0.83,0.027532,0.00352,0.000249,0.0212,0.02518,0.0273,0.02968,0.03381,0.839344,0.00687,0.000485,0.82639,0.835,0.83905,0.84352,0.8537
21.75,0.160292,0.00685,0.000484,0.14589,0.1561,0.1606,0.1646,0.17331,0.00756,0.0015,0.000106,0.0044,0.0066,0.0075,0.0085,0.0107,0.018037,0.00223,0.000158,0.014,0.01638,0.01805,0.0197,0.0224,0.814111,0.00821,0.000581,0.79877,0.80895,0.8143,0.81872,0.8318,0.025597,0.00332,0.000235,0.0192,0.02358,0.02545,0.02772,0.03171,0.839707,0.00685,0.000484,0.82669,0.8354,0.8394,0.8439,0.85411
22.0,0.159966,0.00684,0.000483,0.14569,0.15585,0.16025,0.16432,0.1733,0.006989,0.00141,0.0001,0.0042,0.006,0.00695,0.0079,0.0099,0.016728,0.00214,0.000151,0.01289,0.01527,0.0166,0.0183,0.0211,0.816318,0.0081,0.000573,0.8015,0.8112,0.8162,0.82095,0.8335,0.023716,0.00316,0.000223,0.01759,0.0217,0.0237,0.0257,0.03,0.840035,0.00684,0.000483,0.8267,0.83568,0.83975,0.84415,0.85431
22.25,0.159681,0.00681,0.000481,0.1453,0.1555,0.16005,0.16392,0.17291,0.00645,0.00134,9.5e-5,0.0038,0.00558,0.0064,0.0073,0.009,0.015484,0.00198,0.00014,0.0121,0.0141,0.0154,0.0169,0.0195,0.818384,0.00796,0.000563,0.80339,0.8137,0.8182,0.8227,0.8348,0.021935,0.00296,0.00021,0.01629,0.0201,0.0219,0.0238,0.028,0.840318,0.00681,0.000481,0.82709,0.83607,0.83995,0.8445,0.8547
22.5,0.159392,0.00682,0.000482,0.1449,0.15518,0.15975,0.16373,0.1728,0.005966,0.00126,8.9e-5,0.0035,0.00518,0.0059,0.00672,0.0084,0.01444,0.00192,0.000136,0.0111,0.0132,0.01435,0.0156,0.0184,0.820202,0.00784,0.000555,0.8052,0.8152,0.8199,0.8247,0.8363,0.020407,0.00281,0.000199,0.01509,0.0187,0.0203,0.022,0.0266,0.840608,0.00682,0.000482,0.8272,0.83628,0.84025,0.84482,0.8551
22.75,0.159136,0.00679,0.00048,0.1447,0.15487,0.1595,0.16345,0.1727,0.005493,0.00118,8.4e-5,0.00319,0.0047,0.0055,0.0061,0.0078,0.013455,0.00185,0.000131,0.01,0.0121,0.0134,0.01453,0.01721,0.821916,0.00772,0.000546,0.80779,0.81708,0.82165,0.82642,0.83762,0.018948,0.0027,0.000191,0.0136,0.0172,0.0189,0.02062,0.0246,0.840864,0.00679,0.00048,0.8273,0.83655,0.8405,0.84512,0.8553
23.0,0.15891,0.00677,0.000478,0.1447,0.15468,0.1593,0.16315,0.1724,0.005051,0.00109,7.7e-5,0.0028,0.0043,0.0049,0.00572,0.0072,0.012519,0.00181,0.000128,0.0091,0.0113,0.0124,0.0138,0.01611,0.82352,0.00769,0.000544,0.80909,0.81858,0.8232,0.82832,0.83863,0.01757,0.00259,0.000183,0.01249,0.0158,0.0175,0.01922,0.023,0.84109,0.00677,0.000478,0.8276,0.83685,0.8407,0.84533,0.8553
23.25,0.158692,0.00676,0.000478,0.1446,0.1545,0.15895,0.16302,0.1723,0.004674,0.00106,7.5e-5,0.00259,0.0039,0.0046,0.00532,0.0069,0.011606,0.00175,0.000124,0.0083,0.01048,0.0116,0.01272,0.0151,0.825029,0.00761,0.000538,0.81079,0.82008,0.82475,0.8299,0.84003,0.016279,0.00249,0.000176,0.01139,0.0147,0.0161,0.01782,0.02121,0.841308,0.00676,0.000478,0.8277,0.83698,0.84105,0.8455,0.8554
23.5,0.158477,0.00674,0.000476,0.1445,0.1543,0.1588,0.16292,0.1719,0.004336,0.00101,7.1e-5,0.0022,0.0037,0.0042,0.0049,0.0064,0.010742,0.00161,0.000114,0.0079,0.0095,0.0107,0.0118,0.0137,0.826446,0.00752,0.000532,0.8122,0.82168,0.826,0.8311,0.84142,0.015078,0.00234,0.000165,0.01098,0.0134,0.015,0.01632,0.0199,0.841524,0.00674,0.000476,0.8281,0.83708,0.8412,0.8457,0.8555
23.75,0.158302,0.00673,0.000476,0.1444,0.1541,0.15855,0.1629,0.1717,0.004017,0.00096,6.8e-5,0.0021,0.0034,0.0039,0.0047,0.006,0.00998,0.00154,0.000109,0.0072,0.0089,0.0099,0.011,0.01311,0.8277,0.00744,0.000526,0.81399,0.8228,0.82735,0.8322,0.84262,0.013998,0.00222,0.000157,0.0097,0.0126,0.0139,0.0153,0.0186,0.841698,0.00673,0.000476,0.8283,0.8371,0.84145,0.8459,0.8556
24.0,0.158132,0.00672,0.000475,0.1444,0.154,0.1585,0.1627,0.17151,0.003698,0.00088,6.2e-5,0.0019,0.0031,0.0036,0.0042,0.0054,0.009228,0.00144,0.000102,0.0065,0.0082,0.0092,0.0102,0.0121,0.828942,0.00738,0.000522,0.81569,0.8241,0.8287,0.8334,0.84354,0.012926,0.00209,0.000147,0.00889,0.0116,0.0128,0.0144,0.0169,0.841868,0.00672,0.000475,0.82849,0.8373,0.8415,0.846,0.8556
24.25,0.157976,0.00671,0.000475,0.1443,0.15378,0.1584,0.16252,0.17112,0.003432,0.00084,6.0e-5,0.0017,0.0029,0.00335,0.004,0.00521,0.008557,0.00141,0.0001,0.00629,0.0076,0.0086,0.0094,0.01141,0.830035,0.00732,0.000518,0.81709,0.82525,0.82985,0.8347,0.84434,0.011988,0.002,0.000141,0.0084,0.0106,0.01195,0.0133,0.0156,0.842023,0.00671,0.000475,0.82888,0.83748,0.8416,0.84622,0.8557
24.5,0.157848,0.0067,0.000474,0.1443,0.1536,0.15815,0.16215,0.17092,0.003177,0.0008,5.7e-5,0.0015,0.0027,0.0031,0.0037,0.00481,0.007876,0.00135,9.5e-5,0.0054,0.0069,0.0079,0.0087,0.0106,0.831098,0.00724,0.000512,0.81809,0.8264,0.83065,0.8356,0.84514,0.011054,0.00189,0.000134,0.0077,0.00977,0.01105,0.01222,0.01471,0.842152,0.0067,0.000474,0.82908,0.83785,0.84185,0.8464,0.8557
24.75,0.157712,0.0067,0.000474,0.1441,0.15357,0.15795,0.16202,0.17082,0.002933,0.00076,5.4e-5,0.0014,0.0024,0.00295,0.00332,0.0044,0.007313,0.0013,9.2e-5,0.0051,0.0065,0.0073,0.0081,0.0099,0.832042,0.00722,0.00051,0.819,0.8273,0.83145,0.8364,0.84623,0.010246,0.00182,0.000129,0.007,0.0088,0.01025,0.01132,0.0137,0.842288,0.0067,0.000474,0.82918,0.83797,0.84205,0.84642,0.8559
25.0,0.157592,0.00669,0.000473,0.1441,0.1535,0.15785,0.16192,0.17071,0.0027,0.00073,5.1e-5,0.0013,0.0023,0.0026,0.0032,0.004,0.006794,0.00129,9.1e-5,0.0042,0.006,0.0068,0.0075,0.0093,0.832914,0.00723,0.000511,0.8196,0.82813,0.8324,0.83715,0.84791,0.009494,0.00179,0.000127,0.006,0.0083,0.0095,0.0105,0.013,0.842408,0.00669,0.000473,0.82929,0.83808,0.84215,0.8465,0.8559
25.25,0.157488,0.00668,0.000473,0.1441,0.15345,0.15775,0.1618,0.17051,0.002486,0.00069,4.9e-5,0.0012,0.0021,0.0024,0.0029,0.0038,0.00627,0.00121,8.6e-5,0.00419,0.0055,0.0063,0.007,0.0086,0.833756,0.00717,0.000507,0.82029,0.8289,0.8333,0.83805,0.8486,0.008757,0.00167,0.000118,0.0054,0.0076,0.0088,0.0097,0.0121,0.842512,0.00668,0.000473,0.82949,0.8382,0.84225,0.84655,0.8559
25.5,0.157388,0.00668,0.000472,0.1441,0.1533,0.15755,0.1617,0.1705,0.002302,0.00066,4.7e-5,0.001,0.0019,0.0023,0.0027,0.0036,0.005806,0.00113,8.0e-5,0.0037,0.0051,0.0058,0.0065,0.0078,0.834505,0.00712,0.000504,0.8212,0.82958,0.83415,0.83865,0.84872,0.008108,0.00154,0.000109,0.00519,0.0071,0.0081,0.00902,0.011,0.842612,0.00668,0.000472,0.8295,0.8383,0.84245,0.8467,0.8559
25.75,0.157296,0.00667,0.000472,0.1441,0.1532,0.1575,0.16155,0.1702,0.002114,0.00063,4.5e-5,0.0009,0.0017,0.0021,0.0025,0.0034,0.005376,0.00105,7.5e-5,0.0034,0.0047,0.0055,0.006,0.0073,0.835214,0.00707,0.0005,0.82199,0.8303,0.8348,0.8395,0.84932,0.00749,0.00146,0.000103,0.0045,0.0065,0.0075,0.0084,0.01021,0.842704,0.00667,0.000472,0.8298,0.83845,0.8425,0.8468,0.8559
26.0,0.157213,0.00666,0.000471,0.1441,0.1531,0.1574,0.16155,0.1702,0.001954,0.0006,4.3e-5,0.0008,0.0016,0.0019,0.0023,0.0033,0.004977,0.00104,7.3e-5,0.003,0.0043,0.005,0.0056,0.00671,0.835856,0.00703,0.000497,0.8226,0.83107,0.83525,0.84005,0.8501,0.006931,0.00142,0.0001,0.004,0.00598,0.00695,0.0078,0.0097,0.842787,0.00666,0.000471,0.8298,0.83845,0.8426,0.8469,0.8559
26.25,0.157134,0.00665,0.00047,0.1441,0.153,0.1572,0.16147,0.1702,0.0018,0.00057,4.0e-5,0.0008,0.0015,0.0018,0.0022,0.0031,0.004637,0.00098,6.9e-5,0.0029,0.0039,0.0046,0.0053,0.0064,0.836429,0.00699,0.000494,0.82378,0.83175,0.8359,0.84082,0.85051,0.006437,0.00134,9.5e-5,0.0038,0.0055,0.0064,0.0073,0.00891,0.842866,0.00665,0.00047,0.8298,0.83852,0.8428,0.847,0.8559
26.5,0.157073,0.00664,0.00047,0.1441,0.1528,0.1571,0.16145,0.1701,0.001654,0.00054,3.8e-5,0.0007,0.0013,0.00165,0.002,0.0029,0.004256,0.0009,6.4e-5,0.0026,0.0036,0.0042,0.0049,0.006,0.837018,0.00695,0.000491,0.82458,0.83258,0.8366,0.8415,0.8513,0.005909,0.00125,8.9e-5,0.0035,0.005,0.0059,0.0067,0.0084,0.842928,0.00664,0.00047,0.8299,0.83855,0.8429,0.8472,0.8559
26.75,0.157003,0.00664,0.00047,0.1439,0.15278,0.15705,0.16142,0.1701,0.001534,0.00052,3.7e-5,0.0006,0.0012,0.0015,0.0018,0.0026,0.003919,0.00084,6.0e-5,0.0023,0.0033,0.0039,0.0044,0.0056,0.837543,0.00691,0.000489,0.82479,0.83335,0.8373,0.8418,0.85181,0.005454,0.00118,8.3e-5,0.0032,0.0047,0.00535,0.0061,0.0079,0.842997,0.00664,0.00047,0.8299,0.83858,0.84295,0.84722,0.8561
27.0,0.156943,0.00664,0.000469,0.1439,0.15268,0.15705,0.16132,0.1701,0.001407,0.00049,3.5e-5,0.0005,0.0011,0.0014,0.0017,0.0025,0.003635,0.00081,5.7e-5,0.0023,0.0031,0.00365,0.0041,0.0051,0.838014,0.00691,0.000488,0.8254,0.83358,0.83775,0.84233,0.85241,0.005043,0.00111,7.9e-5,0.0029,0.0044,0.0049,0.0057,0.0071,0.843057,0.00664,0.000469,0.8299,0.83868,0.84295,0.84732,0.8561
27.25,0.156895,0.00664,0.00047,0.1438,0.15268,0.157,0.1613,0.17,0.001294,0.00046,3.3e-5,0.0005,0.001,0.0012,0.0016,0.0023,0.003387,0.00076,5.3e-5,0.0021,0.0029,0.00335,0.0038,0.0048,0.838424,0.00689,0.000487,0.82589,0.8339,0.83825,0.84275,0.85262,0.004682,0.00106,7.5e-5,0.0026,0.004,0.0046,0.0054,0.0067,0.843105,0.00664,0.00047,0.83,0.8387,0.843,0.84732,0.8562
27.5,0.156844,0.00663,0.000469,0.1438,0.1526,0.15695,0.1613,0.1699,0.001198,0.00043,3.1e-5,0.0005,0.0009,0.0011,0.0014,0.0022,0.003105,0.00073,5.1e-5,0.0017,0.0026,0.0031,0.0036,0.0046,0.838853,0.00684,0.000484,0.82628,0.83438,0.8388,0.84305,0.85311,0.004303,0.001,7.1e-5,0.0024,0.0036,0.0042,0.0049,0.0063,0.843156,0.00663,0.000469,0.8301,0.8387,0.84305,0.8474,0.8562
27.75,0.156812,0.00663,0.000469,0.1438,0.15258,0.15685,0.1613,0.1699,0.001085,0.0004,2.8e-5,0.0004,0.0008,0.001,0.0013,0.0019,0.002868,0.00069,4.9e-5,0.0015,0.0024,0.00285,0.00332,0.0042,0.839236,0.00683,0.000483,0.82649,0.83478,0.839,0.8434,0.8535,0.003953,0.00095,6.7e-5,0.0023,0.0033,0.0039,0.00452,0.006,0.843189,0.00663,0.000469,0.8301,0.8387,0.84315,0.84743,0.8562
28.0,0.156768,0.00663,0.000469,0.1438,0.15258,0.1568,0.16122,0.1699,0.000997,0.00038,2.7e-5,0.0004,0.0007,0.001,0.0012,0.0019,0.002641,0.00066,4.7e-5,0.0015,0.0022,0.0026,0.0031,0.0039,0.839594,0.00682,0.000482,0.82679,0.8351,0.8393,0.8438,0.8539,0.003638,0.0009,6.4e-5,0.0021,0.00307,0.0036,0.0042,0.0057,0.843233,0.00663,0.000469,0.8301,0.83878,0.8432,0.84743,0.8562
28.25,0.156736,0.00663,0.000469,0.1438,0.15248,0.15665,0.16122,0.1699,0.000912,0.00038,2.7e-5,0.0003,0.0006,0.0009,0.0011,0.0018,0.00244,0.00064,4.5e-5,0.0014,0.002,0.0024,0.0029,0.0037,0.839912,0.00681,0.000482,0.82699,0.8356,0.8397,0.8442,0.8539,0.003353,0.00086,6.0e-5,0.0019,0.0028,0.00335,0.0039,0.0052,0.843264,0.00663,0.000469,0.8301,0.83878,0.84335,0.84752,0.8562
28.5,0.156694,0.00662,0.000468,0.1438,0.15248,0.15655,0.1612,0.1699,0.000853,0.00038,2.7e-5,0.0002,0.0006,0.0008,0.0011,0.0018,0.002258,0.00061,4.3e-5,0.0012,0.0018,0.0022,0.00272,0.0034,0.840195,0.0068,0.000481,0.82719,0.8359,0.8399,0.8446,0.85411,0.003111,0.00083,5.9e-5,0.0017,0.0025,0.0031,0.0037,0.0049,0.843307,0.00662,0.000468,0.8301,0.8388,0.84345,0.84752,0.8562
28.75,0.156662,0.00662,0.000468,0.1437,0.15248,0.1565,0.1612,0.1699,0.000782,0.00035,2.5e-5,0.0002,0.0005,0.0007,0.001,0.0016,0.002084,0.00057,4.0e-5,0.001,0.0017,0.00205,0.0025,0.0032,0.840473,0.00679,0.00048,0.8273,0.83618,0.84025,0.8448,0.8545,0.002865,0.00078,5.5e-5,0.0016,0.0022,0.0028,0.0033,0.0046,0.843338,0.00662,0.000468,0.8301,0.8388,0.8435,0.84752,0.8563
29.0,0.156631,0.00662,0.000468,0.1437,0.15248,0.1564,0.1612,0.1698,0.000724,0.00033,2.4e-5,0.0002,0.0005,0.0007,0.001,0.0015,0.001937,0.00057,4.0e-5,0.0009,0.0015,0.0019,0.0023,0.0032,0.840708,0.00677,0.000479,0.8277,0.83642,0.8406,0.84492,0.8545,0.002661,0.00075,5.3e-5,0.0015,0.002,0.00265,0.0031,0.0043,0.843369,0.00662,0.000468,0.8302,0.8388,0.8436,0.84752,0.8563
29.25,0.156599,0.00661,0.000467,0.1437,0.15248,0.15635,0.1612,0.1698,0.000665,0.00034,2.4e-5,0.0002,0.0004,0.0006,0.0008,0.0014,0.001791,0.00051,3.6e-5,0.0008,0.0014,0.0018,0.0021,0.0029,0.840944,0.00677,0.000479,0.8278,0.83665,0.84085,0.84518,0.8546,0.002456,0.0007,5.0e-5,0.0013,0.0019,0.0025,0.0029,0.0038,0.843401,0.00661,0.000467,0.8302,0.8388,0.84365,0.84752,0.8563
29.5,0.156577,0.00661,0.000467,0.1437,0.15248,0.15635,0.16112,0.1698,0.000614,0.00032,2.3e-5,0.0001,0.0004,0.0006,0.0008,0.0013,0.001656,0.00049,3.5e-5,0.0007,0.0013,0.0016,0.002,0.00261,0.841153,0.00674,0.000477,0.82809,0.83678,0.841,0.8455,0.8548,0.00227,0.00067,4.8e-5,0.0011,0.0017,0.0022,0.0027,0.0036,0.843423,0.00661,0.000467,0.8302,0.83888,0.84365,0.84752,0.8563
29.75,0.156555,0.00661,0.000467,0.1437,0.15248,0.15635,0.1611,0.1698,0.000566,0.00031,2.2e-5,0.0001,0.0004,0.0005,0.0007,0.0013,0.001532,0.00047,3.4e-5,0.0006,0.0012,0.0015,0.0019,0.0024,0.841347,0.00673,0.000476,0.8281,0.8369,0.8412,0.8456,0.85501,0.002098,0.00066,4.7e-5,0.001,0.0016,0.002,0.0025,0.0034,0.843445,0.00661,0.000467,0.8302,0.8389,0.84365,0.84752,0.8563
30.0,0.156534,0.00661,0.000467,0.1437,0.1524,0.15635,0.1611,0.1697,0.000514,0.00029,2.1e-5,0.0001,0.0003,0.0005,0.0007,0.0012,0.001408,0.00046,3.2e-5,0.0006,0.0011,0.0014,0.0017,0.0023,0.841544,0.00673,0.000476,0.8281,0.8372,0.8414,0.84582,0.8553,0.001922,0.00064,4.5e-5,0.0009,0.0015,0.0019,0.0023,0.0032,0.843466,0.00661,0.000467,0.8303,0.8389,0.84365,0.8476,0.8563
30.25,0.156514,0.00661,0.000467,0.1437,0.1524,0.15635,0.1611,0.1697,0.000477,0.00028,2.0e-5,0.0001,0.0003,0.0004,0.0006,0.0011,0.001299,0.00043,3.0e-5,0.0006,0.001,0.0013,0.0016,0.0022,0.84171,0.00672,0.000476,0.82859,0.83728,0.8416,0.846,0.8553,0.001776,0.0006,4.2e-5,0.0008,0.0013,0.0017,0.0021,0.0031,0.843486,0.00661,0.000467,0.8303,0.8389,0.84365,0.8476,0.8563
30.5,0.156499,0.0066,0.000467,0.1437,0.1524,0.15635,0.1611,0.1697,0.000437,0.00028,1.9e-5,0.0,0.0002,0.0004,0.0006,0.0011,0.001206,0.00042,3.0e-5,0.0005,0.0009,0.0012,0.0015,0.0022,0.841858,0.00673,0.000476,0.82869,0.8375,0.84175,0.8461,0.85531,0.001643,0.00059,4.1e-5,0.0007,0.0012,0.0016,0.002,0.0031,0.843501,0.0066,0.000467,0.8303,0.8389,0.84365,0.8476,0.8563
30.75,0.156484,0.0066,0.000466,0.1437,0.1524,0.15635,0.1611,0.1697,0.000402,0.00026,1.8e-5,0.0001,0.0002,0.0003,0.0005,0.001,0.00111,0.00039,2.8e-5,0.0004,0.0008,0.0011,0.00132,0.0019,0.842005,0.00672,0.000475,0.82889,0.83765,0.842,0.84622,0.8555,0.001511,0.00055,3.9e-5,0.0007,0.0011,0.0014,0.0018,0.0027,0.843517,0.0066,0.000466,0.8303,0.8389,0.84365,0.8476,0.8563
31.0,0.156468,0.0066,0.000466,0.1437,0.15238,0.15635,0.1611,0.1697,0.000371,0.00025,1.8e-5,0.0,0.0002,0.0003,0.0005,0.001,0.001016,0.00037,2.6e-5,0.0003,0.0007,0.001,0.0012,0.0019,0.842144,0.00671,0.000475,0.82898,0.83765,0.84215,0.84642,0.85551,0.001387,0.00052,3.7e-5,0.0006,0.00108,0.0013,0.0017,0.0025,0.843532,0.0066,0.000466,0.8303,0.8389,0.84365,0.84763,0.8563
31.25,0.156457,0.00659,0.000466,0.1437,0.15238,0.15635,0.16095,0.1697,0.000345,0.00024,1.7e-5,0.0,0.0001,0.0003,0.0005,0.0009,0.000923,0.00035,2.5e-5,0.0003,0.0007,0.0009,0.0011,0.0017,0.842275,0.0067,0.000474,0.82919,0.83792,0.84225,0.8465,0.8556,0.001268,0.00049,3.5e-5,0.0005,0.00098,0.0012,0.00152,0.0023,0.843544,0.00659,0.000466,0.8303,0.83905,0.84365,0.84763,0.8563
31.5,0.156444,0.0066,0.000466,0.1437,0.15238,0.15635,0.16095,0.1697,0.000314,0.00022,1.5e-5,0.0,0.0001,0.0003,0.0004,0.0008,0.000849,0.00033,2.3e-5,0.0002,0.0006,0.0008,0.0011,0.0016,0.842393,0.00669,0.000473,0.82928,0.83802,0.8425,0.8467,0.8557,0.001163,0.00045,3.2e-5,0.0005,0.0008,0.0011,0.0014,0.0021,0.843556,0.0066,0.000466,0.8303,0.83905,0.84365,0.84763,0.8563
31.75,0.156433,0.0066,0.000466,0.1437,0.15238,0.1563,0.16087,0.1697,0.000278,0.00021,1.5e-5,0.0,0.0001,0.0002,0.0004,0.0008,0.000798,0.00032,2.3e-5,0.0002,0.0006,0.0008,0.001,0.0015,0.84249,0.00668,0.000472,0.82929,0.83808,0.84255,0.8468,0.8558,0.001077,0.00044,3.1e-5,0.0004,0.0008,0.001,0.0013,0.0021,0.843567,0.0066,0.000466,0.8303,0.83912,0.8437,0.84763,0.8563
32.0,0.156419,0.0066,0.000467,0.1437,0.15235,0.1563,0.16087,0.1697,0.000261,0.0002,1.4e-5,0.0,0.0001,0.0002,0.0004,0.0008,0.000742,0.00032,2.3e-5,0.0002,0.0005,0.0007,0.00092,0.0014,0.842578,0.00667,0.000472,0.82949,0.83808,0.8427,0.84685,0.8559,0.001004,0.00043,3.0e-5,0.0004,0.0007,0.0009,0.0013,0.0021,0.843582,0.0066,0.000467,0.8303,0.83912,0.8437,0.84765,0.8563
32.25,0.156409,0.0066,0.000466,0.1437,0.15235,0.1563,0.16087,0.1697,0.000235,0.00019,1.3e-5,0.0,0.0001,0.0002,0.0003,0.0007,0.00069,0.00031,2.2e-5,0.0002,0.00048,0.0007,0.0009,0.0014,0.842665,0.00666,0.000471,0.82949,0.83817,0.84285,0.847,0.8559,0.000926,0.00041,2.9e-5,0.0003,0.0006,0.0009,0.00112,0.00191,0.843591,0.0066,0.000466,0.8303,0.83912,0.8437,0.84765,0.8563
32.5,0.156402,0.0066,0.000466,0.1437,0.15235,0.15625,0.16087,0.1697,0.000216,0.00019,1.3e-5,0.0,0.0001,0.0002,0.0003,0.0006,0.000637,0.00028,2.0e-5,0.0002,0.00048,0.0006,0.0008,0.0012,0.842744,0.00665,0.00047,0.82959,0.83825,0.84295,0.847,0.856,0.000854,0.00038,2.7e-5,0.0003,0.0006,0.0008,0.0011,0.0017,0.843598,0.0066,0.000466,0.8303,0.83912,0.84375,0.84765,0.8563
32.75,0.156393,0.00659,0.000466,0.1437,0.15235,0.15625,0.16087,0.1697,0.0002,0.00018,1.3e-5,0.0,0.0001,0.0002,0.0003,0.0006,0.000585,0.00027,1.9e-5,0.0001,0.0004,0.0006,0.0007,0.0012,0.842822,0.00664,0.00047,0.82979,0.83832,0.843,0.8471,0.856,0.000785,0.00037,2.6e-5,0.0002,0.0005,0.00075,0.001,0.0016,0.843607,0.00659,0.000466,0.8303,0.83912,0.84375,0.84765,0.8563
33.0,0.15639,0.00659,0.000466,0.1437,0.15235,0.15625,0.16087,0.1697,0.000182,0.00017,1.2e-5,0.0,0.0,0.0001,0.0003,0.0006,0.000533,0.00026,1.8e-5,0.0001,0.0004,0.0005,0.0007,0.0011,0.842894,0.00663,0.000469,0.82979,0.83843,0.84305,0.84712,0.856,0.000716,0.00036,2.5e-5,0.0002,0.0005,0.0007,0.0009,0.0015,0.84361,0.00659,0.000466,0.8303,0.83912,0.84375,0.84765,0.8563
33.25,0.156384,0.00659,0.000466,0.1437,0.15235,0.15615,0.16085,0.1697,0.000164,0.00015,1.1e-5,0.0,0.0,0.0001,0.0003,0.0005,0.000498,0.00026,1.8e-5,0.0001,0.0003,0.0005,0.0007,0.0011,0.842954,0.00664,0.000469,0.82979,0.83845,0.8431,0.8472,0.856,0.000662,0.00034,2.4e-5,0.0001,0.0004,0.0006,0.0008,0.0014,0.843617,0.00659,0.000466,0.8303,0.83915,0.84385,0.84765,0.8563
33.5,0.15638,0.00659,0.000466,0.1437,0.15235,0.15615,0.16085,0.1697,0.000144,0.00014,1.0e-5,0.0,0.0,0.0001,0.0002,0.0005,0.000458,0.00025,1.8e-5,0.0001,0.0003,0.0004,0.0006,0.001,0.843016,0.00663,0.000469,0.82989,0.83845,0.84315,0.84722,0.856,0.000603,0.00032,2.3e-5,0.0001,0.0004,0.0005,0.0008,0.0013,0.84362,0.00659,0.000466,0.8303,0.83915,0.84385,0.84765,0.8563
33.75,0.156377,0.00659,0.000466,0.1437,0.15235,0.15615,0.16082,0.1697,0.000126,0.00013,9.0e-6,0.0,0.0,0.0001,0.0002,0.0004,0.000426,0.00025,1.8e-5,0.0,0.0003,0.0004,0.0006,0.0011,0.84307,0.00662,0.000468,0.82998,0.83852,0.84315,0.84722,0.8561,0.000552,0.00031,2.2e-5,0.0001,0.0003,0.0005,0.0007,0.0013,0.843623,0.00659,0.000466,0.8303,0.83918,0.84385,0.84765,0.8563
34.0,0.156369,0.00659,0.000466,0.1437,0.15235,0.15615,0.1608,0.1697,0.00012,0.00014,1.0e-5,0.0,0.0,0.0001,0.0002,0.0004,0.000389,0.00023,1.6e-5,0.0,0.0002,0.0004,0.0005,0.001,0.843123,0.00661,0.000468,0.82999,0.83858,0.84315,0.8473,0.8561,0.000508,0.0003,2.1e-5,0.0001,0.0003,0.0005,0.00062,0.0012,0.843631,0.00659,0.000466,0.8303,0.8392,0.84385,0.84765,0.8563
34.25,0.156363,0.00659,0.000466,0.1437,0.15235,0.1561,0.16072,0.1697,0.000112,0.00013,9.0e-6,0.0,0.0,0.0001,0.0002,0.0004,0.000355,0.00022,1.6e-5,0.0,0.0002,0.0003,0.0005,0.0009,0.84317,0.00661,0.000467,0.82999,0.8386,0.8432,0.8473,0.8561,0.000467,0.00029,2.0e-5,0.0,0.00028,0.0004,0.0006,0.0011,0.843637,0.00659,0.000466,0.8303,0.83928,0.8439,0.84765,0.8563
34.5,0.156358,0.00659,0.000466,0.1437,0.15235,0.1561,0.16072,0.1697,0.000105,0.00013,9.0e-6,0.0,0.0,0.0001,0.0002,0.0004,0.000323,0.00021,1.5e-5,0.0,0.0002,0.0003,0.0004,0.0008,0.843214,0.00661,0.000467,0.82999,0.8387,0.84325,0.8473,0.8561,0.000428,0.00028,2.0e-5,0.0,0.0002,0.0004,0.0006,0.0011,0.843642,0.00659,0.000466,0.8303,0.83928,0.8439,0.84765,0.8563
34.75,0.156356,0.00659,0.000466,0.1437,0.15228,0.1561,0.16072,0.1697,9.6e-5,0.00013,9.0e-6,0.0,0.0,0.0001,0.00012,0.0004,0.000295,0.00021,1.5e-5,0.0,0.00018,0.0003,0.0004,0.0008,0.843254,0.00661,0.000467,0.83009,0.8388,0.8433,0.8474,0.8561,0.000391,0.00027,1.9e-5,0.0,0.0002,0.0004,0.0005,0.001,0.843644,0.00659,0.000466,0.8303,0.83928,0.8439,0.84772,0.8563
35.0,0.156354,0.00659,0.000466,0.1437,0.15228,0.1561,0.16072,0.1697,8.4e-5,0.00012,8.0e-6,0.0,0.0,0.0,0.0001,0.0003,0.000276,0.0002,1.4e-5,0.0,0.0001,0.0002,0.0004,0.0008,0.843286,0.00661,0.000467,0.83009,0.8388,0.8433,0.84743,0.8561,0.00036,0.00026,1.8e-5,0.0,0.0002,0.0003,0.0005,0.0009,0.843647,0.00659,0.000466,0.8303,0.83928,0.8439,0.84772,0.8563
35.25,0.15635,0.00659,0.000466,0.1437,0.15228,0.1561,0.16072,0.1697,7.6e-5,0.00011,8.0e-6,0.0,0.0,0.0,0.0001,0.0003,0.000252,0.0002,1.4e-5,0.0,0.0001,0.0002,0.0004,0.0008,0.843322,0.00661,0.000467,0.83009,0.83888,0.84335,0.8475,0.8562,0.000327,0.00025,1.7e-5,0.0,0.00018,0.0003,0.0005,0.0009,0.84365,0.00659,0.000466,0.8303,0.83928,0.8439,0.84772,0.8563
35.5,0.156347,0.00659,0.000466,0.1437,0.15228,0.1561,0.16072,0.1697,7.0e-5,0.0001,7.0e-6,0.0,0.0,0.0,0.0001,0.0003,0.000221,0.00018,1.3e-5,0.0,0.0001,0.0002,0.0003,0.0007,0.843362,0.00661,0.000467,0.83009,0.83888,0.8435,0.8475,0.8562,0.00029,0.00022,1.6e-5,0.0,0.0001,0.0002,0.0004,0.0008,0.843652,0.00659,0.000466,0.8303,0.83928,0.8439,0.84772,0.8563
35.75,0.156345,0.00659,0.000466,0.1437,0.15228,0.1561,0.16072,0.1697,6.4e-5,0.0001,7.0e-6,0.0,0.0,0.0,0.0001,0.0003,0.00021,0.00017,1.2e-5,0.0,0.0001,0.0002,0.0003,0.0006,0.843381,0.0066,0.000467,0.83009,0.83888,0.84355,0.84752,0.8562,0.000274,0.00021,1.5e-5,0.0,0.0001,0.0002,0.0004,0.0008,0.843655,0.00659,0.000466,0.8303,0.83928,0.8439,0.84772,0.8563
36.0,0.156343,0.00659,0.000466,0.1437,0.15228,0.1561,0.16072,0.1697,5.6e-5,9.0e-5,6.0e-6,0.0,0.0,0.0,0.0001,0.0003,0.000191,0.00016,1.1e-5,0.0,0.0001,0.0002,0.0003,0.0006,0.84341,0.0066,0.000467,0.8302,0.83895,0.84355,0.84752,0.8562,0.000247,0.00019,1.4e-5,0.0,0.0001,0.0002,0.0004,0.0006,0.843657,0.00659,0.000466,0.8303,0.83928,0.8439,0.84772,0.8563
36.25,0.15634,0.00659,0.000466,0.1437,0.15228,0.1561,0.16072,0.1697,4.7e-5,8.0e-5,6.0e-6,0.0,0.0,0.0,0.0001,0.0002,0.000179,0.00015,1.0e-5,0.0,0.0001,0.00015,0.0003,0.0005,0.843433,0.0066,0.000467,0.8302,0.83905,0.84355,0.8476,0.8562,0.000227,0.00018,1.3e-5,0.0,0.0001,0.0002,0.0003,0.0006,0.84366,0.00659,0.000466,0.8303,0.83928,0.8439,0.84772,0.8563
36.5,0.156339,0.00659,0.000466,0.1437,0.15228,0.1561,0.16072,0.1697,4.3e-5,8.0e-5,5.0e-6,0.0,0.0,0.0,0.0001,0.0002,0.000166,0.00015,1.0e-5,0.0,0.0001,0.0001,0.0002,0.0005,0.843452,0.0066,0.000467,0.8302,0.83907,0.8436,0.8476,0.8562,0.000209,0.00018,1.3e-5,0.0,0.0001,0.0002,0.0003,0.0006,0.843661,0.00659,0.000466,0.8303,0.83928,0.8439,0.84772,0.8563
36.75,0.156338,0.00659,0.000466,0.1437,0.15228,0.1561,0.16072,0.1697,3.8e-5,7.0e-5,5.0e-6,0.0,0.0,0.0,0.0001,0.0002,0.000152,0.00014,1.0e-5,0.0,8.0e-5,0.0001,0.0002,0.0005,0.843472,0.0066,0.000467,0.8302,0.83907,0.8436,0.8476,0.8562,0.000191,0.00017,1.2e-5,0.0,0.0001,0.0001,0.0003,0.0006,0.843662,0.00659,0.000466,0.8303,0.83928,0.8439,0.84772,0.8563
37.0,0.156336,0.00659,0.000466,0.1437,0.15228,0.1561,0.16072,0.1697,3.6e-5,7.0e-5,5.0e-6,0.0,0.0,0.0,0.0001,0.0002,0.000136,0.00013,9.0e-6,0.0,0.0,0.0001,0.0002,0.0004,0.843492,0.0066,0.000467,0.8302,0.83907,0.8436,0.84763,0.8562,0.000172,0.00016,1.2e-5,0.0,0.0,0.0001,0.0003,0.0005,0.843664,0.00659,0.000466,0.8303,0.83928,0.8439,0.84772,0.8563
37.25,0.156335,0.00659,0.000466,0.1437,0.15228,0.1561,0.16072,0.1697,3.4e-5,6.0e-5,5.0e-6,0.0,0.0,0.0,0.0,0.0002,0.000127,0.00013,9.0e-6,0.0,0.0,0.0001,0.0002,0.0004,0.843504,0.0066,0.000467,0.8302,0.83907,0.8436,0.84763,0.8562,0.000161,0.00016,1.1e-5,0.0,0.0,0.0001,0.0002,0.0005,0.843665,0.00659,0.000466,0.8303,0.83928,0.8439,0.84772,0.8563
37.5,0.156334,0.00659,0.000466,0.1437,0.15228,0.1561,0.16072,0.1697,2.8e-5,6.0e-5,4.0e-6,0.0,0.0,0.0,0.0,0.0002,0.000113,0.00012,9.0e-6,0.0,0.0,0.0001,0.0002,0.0004,0.843524,0.0066,0.000467,0.83029,0.83907,0.84365,0.84772,0.8562,0.000141,0.00015,1.0e-5,0.0,0.0,0.0001,0.0002,0.0005,0.843666,0.00659,0.000466,0.8303,0.83928,0.8439,0.84772,0.8563
37.75,0.156334,0.00659,0.000466,0.1437,0.15228,0.1561,0.16072,0.1697,2.3e-5,5.0e-5,4.0e-6,0.0,0.0,0.0,0.0,0.0002,0.000102,0.00012,9.0e-6,0.0,0.0,0.0001,0.0002,0.0004,0.84354,0.0066,0.000467,0.8303,0.83907,0.84375,0.84772,0.8562,0.000125,0.00014,1.0e-5,0.0,0.0,0.0001,0.0002,0.0004,0.843666,0.00659,0.000466,0.8303,0.83928,0.8439,0.84772,0.8563
38.0,0.156332,0.00659,0.000466,0.1437,0.1522,0.1561,0.16072,0.1697,2.2e-5,5.0e-5,3.0e-6,0.0,0.0,0.0,0.0,0.0002,9.1e-5,0.00012,8.0e-6,0.0,0.0,0.0001,0.0001,0.0004,0.843554,0.0066,0.000467,0.8303,0.8391,0.8438,0.84772,0.8562,0.000114,0.00014,1.0e-5,0.0,0.0,0.0001,0.0002,0.0004,0.843668,0.00659,0.000466,0.8303,0.83928,0.8439,0.8478,0.8563
38.25,0.156331,0.00659,0.000466,0.1437,0.1522,0.1561,0.16072,0.1697,2.0e-5,5.0e-5,3.0e-6,0.0,0.0,0.0,0.0,0.0002,8.1e-5,0.00011,8.0e-6,0.0,0.0,0.0,0.0001,0.0003,0.843567,0.00659,0.000466,0.8303,0.8391,0.8438,0.84772,0.8562,0.000102,0.00013,9.0e-6,0.0,0.0,0.0001,0.0002,0.0004,0.843669,0.00659,0.000466,0.8303,0.83928,0.8439,0.8478,0.8563
38.5,0.156331,0.00658,0.000466,0.1437,0.1522,0.1561,0.16072,0.1697,1.8e-5,5.0e-5,3.0e-6,0.0,0.0,0.0,0.0,0.0002,7.5e-5,0.0001,7.0e-6,0.0,0.0,0.0,0.0001,0.0003,0.843576,0.0066,0.000466,0.8303,0.8391,0.8438,0.84772,0.8562,9.2e-5,0.00012,9.0e-6,0.0,0.0,0.0,0.0001,0.0004,0.843669,0.00658,0.000466,0.8303,0.83928,0.8439,0.8478,0.8563
38.75,0.156331,0.00658,0.000466,0.1437,0.1522,0.1561,0.16072,0.1697,1.7e-5,4.0e-5,3.0e-6,0.0,0.0,0.0,0.0,0.0001,6.4e-5,9.0e-5,6.0e-6,0.0,0.0,0.0,0.0001,0.0003,0.843588,0.00659,0.000466,0.8303,0.8391,0.8438,0.84772,0.8563,8.1e-5,0.00011,8.0e-6,0.0,0.0,0.0,0.0001,0.0004,0.843669,0.00658,0.000466,0.8303,0.83928,0.8439,0.8478,0.8563
39.0,0.15633,0.00658,0.000466,0.1437,0.1522,0.1561,0.16072,0.1697,1.6e-5,4.0e-5,3.0e-6,0.0,0.0,0.0,0.0,0.0001,6.0e-5,9.0e-5,6.0e-6,0.0,0.0,0.0,0.0001,0.0003,0.843594,0.00659,0.000466,0.8303,0.8391,0.8438,0.84772,0.8563,7.6e-5,0.00011,8.0e-6,0.0,0.0,0.0,0.0001,0.0004,0.84367,0.00658,0.000466,0.8303,0.83928,0.8439,0.8478,0.8563
39.25,0.15633,0.00658,0.000466,0.1437,0.1522,0.1561,0.16072,0.1697,1.4e-5,4.0e-5,3.0e-6,0.0,0.0,0.0,0.0,0.0001,5.5e-5,8.0e-5,6.0e-6,0.0,0.0,0.0,0.0001,0.0003,0.843602,0.00659,0.000466,0.8303,0.8391,0.8438,0.84772,0.8563,6.8e-5,0.0001,7.0e-6,0.0,0.0,0.0,0.0001,0.0003,0.84367,0.00658,0.000466,0.8303,0.83928,0.8439,0.8478,0.8563
39.5,0.156329,0.00659,0.000466,0.1437,0.1522,0.1561,0.16072,0.1697,1.4e-5,4.0e-5,3.0e-6,0.0,0.0,0.0,0.0,0.0001,5.1e-5,8.0e-5,6.0e-6,0.0,0.0,0.0,0.0001,0.0003,0.843606,0.00659,0.000466,0.8303,0.8391,0.8438,0.84772,0.8563,6.5e-5,0.0001,7.0e-6,0.0,0.0,0.0,0.0001,0.0003,0.843671,0.00659,0.000466,0.8303,0.83928,0.8439,0.8478,0.8563
39.75,0.156329,0.00659,0.000466,0.1437,0.1522,0.1561,0.16072,0.1697,1.1e-5,3.0e-5,2.0e-6,0.0,0.0,0.0,0.0,0.0001,4.9e-5,8.0e-5,6.0e-6,0.0,0.0,0.0,0.0001,0.0003,0.843612,0.00659,0.000466,0.8303,0.83918,0.8438,0.84772,0.8563,5.9e-5,9.0e-5,7.0e-6,0.0,0.0,0.0,0.0001,0.0003,0.843671,0.00659,0.000466,0.8303,0.83928,0.8439,0.8478,0.8563
40.0,0.156328,0.00659,0.000466,0.1437,0.1522,0.1561,0.16072,0.1697,9.0e-6,3.0e-5,2.0e-6,0.0,0.0,0.0,0.0,0.0001,4.5e-5,7.0e-5,5.0e-6,0.0,0.0,0.0,0.0001,0.0002,0.843618,0.00659,0.000466,0.8303,0.83918,0.8438,0.84772,0.8563,5.4e-5,9.0e-5,6.0e-6,0.0,0.0,0.0,0.0001,0.0003,0.843672,0.00659,0.000466,0.8303,0.83928,0.8439,0.8478,0.8563
40.25,0.156326,0.00659,0.000466,0.1437,0.15218,0.1561,0.16072,0.1697,8.0e-6,3.0e-5,2.0e-6,0.0,0.0,0.0,0.0,0.0001,4.0e-5,7.0e-5,5.0e-6,0.0,0.0,0.0,0.0001,0.0002,0.843626,0.00659,0.000466,0.8303,0.83918,0.84385,0.84772,0.8563,4.8e-5,8.0e-5,6.0e-6,0.0,0.0,0.0,0.0001,0.0003,0.843674,0.00659,0.000466,0.8303,0.83928,0.8439,0.84782,0.8563
40.5,0.156326,0.00659,0.000466,0.1437,0.15218,0.1561,0.16072,0.1697,8.0e-6,3.0e-5,2.0e-6,0.0,0.0,0.0,0.0,0.0001,3.5e-5,7.0e-5,5.0e-6,0.0,0.0,0.0,0.0001,0.0002,0.843631,0.00659,0.000466,0.8303,0.83918,0.84385,0.84772,0.8563,4.2e-5,8.0e-5,6.0e-6,0.0,0.0,0.0,0.0001,0.0002,0.843674,0.00659,0.000466,0.8303,0.83928,0.8439,0.84782,0.8563
40.75,0.156326,0.00659,0.000466,0.1437,0.15218,0.1561,0.16072,0.1697,7.0e-6,3.0e-5,2.0e-6,0.0,0.0,0.0,0.0,0.0001,3.1e-5,6.0e-5,4.0e-6,0.0,0.0,0.0,0.0,0.0002,0.843636,0.00659,0.000466,0.8303,0.8392,0.84385,0.84772,0.8563,3.8e-5,7.0e-5,5.0e-6,0.0,0.0,0.0,0.0001,0.0002,0.843674,0.00659,0.000466,0.8303,0.83928,0.8439,0.84782,0.8563
41.0,0.156326,0.00659,0.000466,0.1437,0.15218,0.1561,0.16072,0.1697,7.0e-6,3.0e-5,2.0e-6,0.0,0.0,0.0,0.0,0.0001,2.8e-5,5.0e-5,4.0e-6,0.0,0.0,0.0,0.0,0.0002,0.843639,0.00659,0.000466,0.8303,0.8392,0.84385,0.84772,0.8563,3.5e-5,7.0e-5,5.0e-6,0.0,0.0,0.0,0.0001,0.0002,0.843674,0.00659,0.000466,0.8303,0.83928,0.8439,0.84782,0.8563
41.25,0.156326,0.00659,0.000466,0.1437,0.15218,0.1561,0.16072,0.1697,7.0e-6,3.0e-5,2.0e-6,0.0,0.0,0.0,0.0,0.0001,2.4e-5,5.0e-5,4.0e-6,0.0,0.0,0.0,0.0,0.0002,0.843644,0.00659,0.000466,0.8303,0.8392,0.8439,0.8478,0.8563,3.1e-5,6.0e-5,4.0e-6,0.0,0.0,0.0,0.0,0.0002,0.843675,0.00659,0.000466,0.8303,0.83928,0.8439,0.84782,0.8563
41.5,0.156326,0.00659,0.000466,0.1437,0.15218,0.1561,0.16072,0.1697,7.0e-6,2.0e-5,2.0e-6,0.0,0.0,0.0,0.0,0.0001,2.1e-5,5.0e-5,3.0e-6,0.0,0.0,0.0,0.0,0.0002,0.843647,0.00659,0.000466,0.8303,0.8392,0.8439,0.8478,0.8563,2.8e-5,6.0e-5,4.0e-6,0.0,0.0,0.0,0.0,0.0002,0.843675,0.00659,0.000466,0.8303,0.83928,0.8439,0.84782,0.8563
41.75,0.156326,0.00659,0.000466,0.1437,0.15218,0.1561,0.16072,0.1697,6.0e-6,2.0e-5,2.0e-6,0.0,0.0,0.0,0.0,0.0001,2.0e-5,5.0e-5,3.0e-6,0.0,0.0,0.0,0.0,0.0001,0.843649,0.00659,0.000466,0.8303,0.83928,0.8439,0.8478,0.8563,2.6e-5,5.0e-5,4.0e-6,0.0,0.0,0.0,0.0,0.0002,0.843675,0.00659,0.000466,0.8303,0.83928,0.8439,0.84782,0.8563
42.0,0.156326,0.00659,0.000466,0.1437,0.15218,0.1561,0.16072,0.1697,5.0e-6,2.0e-5,2.0e-6,0.0,0.0,0.0,0.0,0.0001,1.9e-5,4.0e-5,3.0e-6,0.0,0.0,0.0,0.0,0.0001,0.843651,0.00659,0.000466,0.8303,0.83928,0.8439,0.8478,0.8563,2.4e-5,5.0e-5,4.0e-6,0.0,0.0,0.0,0.0,0.0002,0.843675,0.00659,0.000466,0.8303,0.83928,0.8439,0.84782,0.8563
42.25,0.156326,0.00659,0.000466,0.1437,0.15218,0.1561,0.16072,0.1697,4.0e-6,2.0e-5,1.0e-6,0.0,0.0,0.0,0.0,0.0001,1.8e-5,4.0e-5,3.0e-6,0.0,0.0,0.0,0.0,0.0001,0.843652,0.00659,0.000466,0.8303,0.83928,0.8439,0.8478,0.8563,2.2e-5,5.0e-5,3.0e-6,0.0,0.0,0.0,0.0,0.0002,0.843675,0.00659,0.000466,0.8303,0.83928,0.8439,0.84782,0.8563
42.5,0.156326,0.00659,0.000466,0.1437,0.15218,0.1561,0.16072,0.1697,4.0e-6,2.0e-5,1.0e-6,0.0,0.0,0.0,0.0,0.0001,1.6e-5,4.0e-5,3.0e-6,0.0,0.0,0.0,0.0,0.0001,0.843654,0.00659,0.000466,0.8303,0.83928,0.8439,0.8478,0.8563,2.0e-5,5.0e-5,3.0e-6,0.0,0.0,0.0,0.0,0.0001,0.843675,0.00659,0.000466,0.8303,0.83928,0.8439,0.84782,0.8563
42.75,0.156326,0.00659,0.000466,0.1437,0.15218,0.1561,0.16072,0.1697,4.0e-6,2.0e-5,1.0e-6,0.0,0.0,0.0,0.0,0.0001,1.5e-5,4.0e-5,3.0e-6,0.0,0.0,0.0,0.0,0.0001,0.843656,0.00659,0.000466,0.8303,0.83928,0.8439,0.8478,0.8563,1.8e-5,4.0e-5,3.0e-6,0.0,0.0,0.0,0.0,0.0001,0.843675,0.00659,0.000466,0.8303,0.83928,0.8439,0.84782,0.8563
43.0,0.156325,0.00659,0.000466,0.1437,0.15218,0.1561,0.16072,0.1697,4.0e-6,2.0e-5,1.0e-6,0.0,0.0,0.0,0.0,0.0001,1.4e-5,3.0e-5,2.0e-6,0.0,0.0,0.0,0.0,0.0001,0.843658,0.00659,0.000466,0.8303,0.83928,0.8439,0.8478,0.8563,1.7e-5,4.0e-5,3.0e-6,0.0,0.0,0.0,0.0,0.0001,0.843675,0.00659,0.000466,0.8303,0.83928,0.8439,0.84782,0.8563
43.25,0.156325,0.00659,0.000466,0.1437,0.15218,0.1561,0.16072,0.1697,4.0e-6,2.0e-5,1.0e-6,0.0,0.0,0.0,0.0,0.0001,1.3e-5,3.0e-5,2.0e-6,0.0,0.0,0.0,0.0,0.0001,0.843658,0.00659,0.000466,0.8303,0.83928,0.8439,0.8478,0.8563,1.6e-5,4.0e-5,3.0e-6,0.0,0.0,0.0,0.0,0.0001,0.843675,0.00659,0.000466,0.8303,0.83928,0.8439,0.84782,0.8563
43.5,0.156325,0.00659,0.000466,0.1437,0.15218,0.1561,0.16072,0.1697,4.0e-6,2.0e-5,1.0e-6,0.0,0.0,0.0,0.0,0.0001,1.2e-5,3.0e-5,2.0e-6,0.0,0.0,0.0,0.0,0.0001,0.84366,0.00659,0.000466,0.8303,0.83928,0.8439,0.8478,0.8563,1.6e-5,4.0e-5,3.0e-6,0.0,0.0,0.0,0.0,0.0001,0.843675,0.00659,0.000466,0.8303,0.83928,0.8439,0.84782,0.8563
43.75,0.156324,0.00659,0.000466,0.1437,0.15218,0.1561,0.16072,0.1697,4.0e-6,2.0e-5,2.0e-6,0.0,0.0,0.0,0.0,0.0001,1.1e-5,3.0e-5,2.0e-6,0.0,0.0,0.0,0.0,0.0001,0.84366,0.00659,0.000466,0.8303,0.83928,0.8439,0.8478,0.8563,1.5e-5,4.0e-5,3.0e-6,0.0,0.0,0.0,0.0,0.0001,0.843676,0.00659,0.000466,0.8303,0.83928,0.8439,0.84782,0.8563
44.0,0.156324,0.00659,0.000466,0.1437,0.15218,0.1561,0.16072,0.1697,4.0e-6,2.0e-5,2.0e-6,0.0,0.0,0.0,0.0,0.0,1.1e-5,3.0e-5,2.0e-6,0.0,0.0,0.0,0.0,0.0001,0.843662,0.00659,0.000466,0.8303,0.83928,0.8439,0.84782,0.8563,1.4e-5,4.0e-5,3.0e-6,0.0,0.0,0.0,0.0,0.0001,0.843676,0.00659,0.000466,0.8303,0.83928,0.8439,0.84782,0.8563
44.25,0.156324,0.00659,0.000466,0.1437,0.15218,0.1561,0.16072,0.1697,4.0e-6,2.0e-5,2.0e-6,0.0,0.0,0.0,0.0,0.0,1.0e-5,3.0e-5,2.0e-6,0.0,0.0,0.0,0.0,0.0001,0.843662,0.00659,0.000466,0.8303,0.83928,0.8439,0.84782,0.8563,1.4e-5,4.0e-5,3.0e-6,0.0,0.0,0.0,0.0,0.0001,0.843676,0.00659,0.000466,0.8303,0.83928,0.8439,0.84782,0.8563
44.5,0.156324,0.00659,0.000466,0.1437,0.15218,0.1561,0.16072,0.1697,4.0e-6,3.0e-5,2.0e-6,0.0,0.0,0.0,0.0,0.0,9.0e-6,3.0e-5,2.0e-6,0.0,0.0,0.0,0.0,0.0001,0.843663,0.00659,0.000466,0.8303,0.83928,0.8439,0.84782,0.8563,1.3e-5,4.0e-5,3.0e-6,0.0,0.0,0.0,0.0,0.0001,0.843676,0.00659,0.000466,0.8303,0.83928,0.8439,0.84782,0.8563
44.75,0.156324,0.00659,0.000466,0.1437,0.15218,0.1561,0.16072,0.1697,4.0e-6,2.0e-5,2.0e-6,0.0,0.0,0.0,0.0,0.0,7.0e-6,3.0e-5,2.0e-6,0.0,0.0,0.0,0.0,0.0001,0.843666,0.00659,0.000466,0.8303,0.83928,0.8439,0.84782,0.8563,1.1e-5,4.0e-5,2.0e-6,0.0,0.0,0.0,0.0,0.0001,0.843676,0.00659,0.000466,0.8303,0.83928,0.8439,0.84782,0.8563
45.0,0.156324,0.00659,0.000466,0.1437,0.15218,0.1561,0.16072,0.1697,4.0e-6,2.0e-5,2.0e-6,0.0,0.0,0.0,0.0,0.0,4.0e-6,2.0e-5,1.0e-6,0.0,0.0,0.0,0.0,0.0001,0.843668,0.00659,0.000466,0.8303,0.83928,0.8439,0.84782,0.8563,8.0e-6,3.0e-5,2.0e-6,0.0,0.0,0.0,0.0,0.0001,0.843676,0.00659,0.000466,0.8303,0.83928,0.8439,0.84782,0.8563
45.25,0.156324,0.00659,0.000466,0.1437,0.15218,0.1561,0.16072,0.1697,3.0e-6,2.0e-5,1.0e-6,0.0,0.0,0.0,0.0,0.0,4.0e-6,2.0e-5,1.0e-6,0.0,0.0,0.0,0.0,0.0001,0.843669,0.00659,0.000466,0.8303,0.83928,0.8439,0.84782,0.8563,7.0e-6,3.0e-5,2.0e-6,0.0,0.0,0.0,0.0,0.0001,0.843676,0.00659,0.000466,0.8303,0.83928,0.8439,0.84782,0.8563
45.5,0.156324,0.00659,0.000466,0.1437,0.15218,0.1561,0.16072,0.1697,3.0e-6,2.0e-5,1.0e-6,0.0,0.0,0.0,0.0,0.0,4.0e-6,2.0e-5,1.0e-6,0.0,0.0,0.0,0.0,0.0001,0.84367,0.00659,0.000466,0.8303,0.83928,0.8439,0.84782,0.8563,7.0e-6,3.0e-5,2.0e-6,0.0,0.0,0.0,0.0,0.0001,0.843676,0.00659,0.000466,0.8303,0.83928,0.8439,0.84782,0.8563
45.75,0.156324,0.00659,0.000466,0.1437,0.15218,0.1561,0.16072,0.1697,2.0e-6,1.0e-5,1.0e-6,0.0,0.0,0.0,0.0,0.0,4.0e-6,2.0e-5,1.0e-6,0.0,0.0,0.0,0.0,0.0001,0.84367,0.00659,0.000466,0.8303,0.83928,0.8439,0.84782,0.8563,6.0e-6,3.0e-5,2.0e-6,0.0,0.0,0.0,0.0,0.0001,0.843676,0.00659,0.000466,0.8303,0.83928,0.8439,0.84782,0.8563
46.0,0.156324,0.00659,0.000466,0.1437,0.15218,0.1561,0.16072,0.1697,2.0e-6,1.0e-5,1.0e-6,0.0,0.0,0.0,0.0,0.0,2.0e-6,2.0e-5,1.0e-6,0.0,0.0,0.0,0.0,0.0,0.843671,0.00659,0.000466,0.8303,0.83928,0.8439,0.84782,0.8563,4.0e-6,2.0e-5,2.0e-6,0.0,0.0,0.0,0.0,0.0001,0.843676,0.00659,0.000466,0.8303,0.83928,0.8439,0.84782,0.8563
46.25,0.156324,0.00659,0.000466,0.1437,0.15218,0.1561,0.16072,0.1697,2.0e-6,1.0e-5,1.0e-6,0.0,0.0,0.0,0.0,0.0,2.0e-6,2.0e-5,1.0e-6,0.0,0.0,0.0,0.0,0.0,0.843671,0.00659,0.000466,0.8303,0.83928,0.8439,0.84782,0.8563,4.0e-6,2.0e-5,2.0e-6,0.0,0.0,0.0,0.0,0.0001,0.843676,0.00659,0.000466,0.8303,0.83928,0.8439,0.84782,0.8563
46.5,0.156324,0.00659,0.000466,0.1437,0.15218,0.1561,0.16072,0.1697,2.0e-6,1.0e-5,1.0e-6,0.0,0.0,0.0,0.0,0.0,2.0e-6,2.0e-5,1.0e-6,0.0,0.0,0.0,0.0,0.0,0.843671,0.00659,0.000466,0.8303,0.83928,0.8439,0.84782,0.8563,4.0e-6,2.0e-5,2.0e-6,0.0,0.0,0.0,0.0,0.0001,0.843676,0.00659,0.000466,0.8303,0.83928,0.8439,0.84782,0.8563
46.75,0.156324,0.00659,0.000466,0.1437,0.15218,0.1561,0.16072,0.1697,2.0e-6,1.0e-5,1.0e-6,0.0,0.0,0.0,0.0,0.0,2.0e-6,2.0e-5,1.0e-6,0.0,0.0,0.0,0.0,0.0,0.843671,0.00659,0.000466,0.8303,0.83928,0.8439,0.84782,0.8563,4.0e-6,2.0e-5,2.0e-6,0.0,0.0,0.0,0.0,0.0001,0.843676,0.00659,0.000466,0.8303,0.83928,0.8439,0.84782,0.8563
47.0,0.156324,0.00659,0.000466,0.1437,0.15218,0.1561,0.16072,0.1697,2.0e-6,1.0e-5,1.0e-6,0.0,0.0,0.0,0.0,0.0,2.0e-6,2.0e-5,1.0e-6,0.0,0.0,0.0,0.0,0.0,0.843672,0.00659,0.000466,0.8303,0.83928,0.8439,0.84782,0.8563,4.0e-6,2.0e-5,1.0e-6,0.0,0.0,0.0,0.0,0.0001,0.843676,0.00659,0.000466,0.8303,0.83928,0.8439,0.84782,0.8563
47.25,0.156324,0.00659,0.000466,0.1437,0.15218,0.1561,0.16072,0.1697,1.0e-6,1.0e-5,1.0e-6,0.0,0.0,0.0,0.0,0.0,2.0e-6,2.0e-5,1.0e-6,0.0,0.0,0.0,0.0,0.0,0.843672,0.00659,0.000466,0.8303,0.83928,0.8439,0.84782,0.8563,4.0e-6,2.0e-5,1.0e-6,0.0,0.0,0.0,0.0,0.0001,0.843676,0.00659,0.000466,0.8303,0.83928,0.8439,0.84782,0.8563
47.5,0.156324,0.00659,0.000466,0.1437,0.15218,0.1561,0.16072,0.1697,0.0,1.0e-5,1.0e-6,0.0,0.0,0.0,0.0,0.0,3.0e-6,2.0e-5,1.0e-6,0.0,0.0,0.0,0.0,0.0,0.843672,0.00659,0.000466,0.8303,0.83928,0.8439,0.84782,0.8563,4.0e-6,2.0e-5,1.0e-6,0.0,0.0,0.0,0.0,0.0001,0.843676,0.00659,0.000466,0.8303,0.83928,0.8439,0.84782,0.8563
47.75,0.156324,0.00659,0.000466,0.1437,0.15218,0.1561,0.16072,0.1697,0.0,1.0e-5,1.0e-6,0.0,0.0,0.0,0.0,0.0,2.0e-6,1.0e-5,1.0e-6,0.0,0.0,0.0,0.0,0.0,0.843674,0.00659,0.000466,0.8303,0.83928,0.8439,0.84782,0.8563,2.0e-6,2.0e-5,1.0e-6,0.0,0.0,0.0,0.0,0.0,0.843676,0.00659,0.000466,0.8303,0.83928,0.8439,0.84782,0.8563
48.0,0.156324,0.00659,0.000466,0.1437,0.15218,0.1561,0.16072,0.1697,0.0,1.0e-5,1.0e-6,0.0,0.0,0.0,0.0,0.0,2.0e-6,1.0e-5,1.0e-6,0.0,0.0,0.0,0.0,0.0,0.843674,0.00659,0.000466,0.8303,0.83928,0.8439,0.84782,0.8563,2.0e-6,1.0e-5,1.0e-6,0.0,0.0,0.0,0.0,0.0,0.843676,0.00659,0.000466,0.8303,0.83928,0.8439,0.84782,0.8563
48.25,0.156324,0.00659,0.000466,0.1437,0.15218,0.1561,0.16072,0.1697,0.0,0.0,0.0,0.0,0.0,0.0,0.0,0.0,2.0e-6,1.0e-5,1.0e-6,0.0,0.0,0.0,0.0,0.0,0.843674,0.00659,0.000466,0.8303,0.83928,0.8439,0.84782,0.8563,2.0e-6,1.0e-5,1.0e-6,0.0,0.0,0.0,0.0,0.0,0.843676,0.00659,0.000466,0.8303,0.83928,0.8439,0.84782,0.8563
48.5,0.156324,0.00659,0.000466,0.1437,0.15218,0.1561,0.16072,0.1697,0.0,0.0,0.0,0.0,0.0,0.0,0.0,0.0,2.0e-6,1.0e-5,1.0e-6,0.0,0.0,0.0,0.0,0.0,0.843674,0.00659,0.000466,0.8303,0.83928,0.8439,0.84782,0.8563,2.0e-6,1.0e-5,1.0e-6,0.0,0.0,0.0,0.0,0.0,0.843676,0.00659,0.000466,0.8303,0.83928,0.8439,0.84782,0.8563
48.75,0.156324,0.00659,0.000466,0.1437,0.15218,0.1561,0.16072,0.1697,0.0,0.0,0.0,0.0,0.0,0.0,0.0,0.0,2.0e-6,1.0e-5,1.0e-6,0.0,0.0,0.0,0.0,0.0,0.843674,0.00659,0.000466,0.8303,0.83928,0.8439,0.84782,0.8563,2.0e-6,1.0e-5,1.0e-6,0.0,0.0,0.0,0.0,0.0,0.843676,0.00659,0.000466,0.8303,0.83928,0.8439,0.84782,0.8563
49.0,0.156324,0.00659,0.000466,0.1437,0.15218,0.1561,0.16072,0.1697,0.0,0.0,0.0,0.0,0.0,0.0,0.0,0.0,2.0e-6,1.0e-5,1.0e-6,0.0,0.0,0.0,0.0,0.0,0.843674,0.00659,0.000466,0.8303,0.83928,0.8439,0.84782,0.8563,2.0e-6,1.0e-5,1.0e-6,0.0,0.0,0.0,0.0,0.0,0.843676,0.00659,0.000466,0.8303,0.83928,0.8439,0.84782,0.8563
49.25,0.156324,0.00659,0.000466,0.1437,0.15218,0.1561,0.16072,0.1697,0.0,0.0,0.0,0.0,0.0,0.0,0.0,0.0,2.0e-6,1.0e-5,1.0e-6,0.0,0.0,0.0,0.0,0.0,0.843675,0.00659,0.000466,0.8303,0.83928,0.8439,0.84782,0.8563,2.0e-6,1.0e-5,1.0e-6,0.0,0.0,0.0,0.0,0.0,0.843676,0.00659,0.000466,0.8303,0.83928,0.8439,0.84782,0.8563
49.5,0.156324,0.00659,0.000466,0.1437,0.15218,0.1561,0.16072,0.1697,0.0,0.0,0.0,0.0,0.0,0.0,0.0,0.0,2.0e-6,1.0e-5,1.0e-6,0.0,0.0,0.0,0.0,0.0,0.843675,0.00659,0.000466,0.8303,0.83928,0.8439,0.84782,0.8563,2.0e-6,1.0e-5,1.0e-6,0.0,0.0,0.0,0.0,0.0,0.843676,0.00659,0.000466,0.8303,0.83928,0.8439,0.84782,0.8563
49.75,0.156324,0.00659,0.000466,0.1437,0.15218,0.1561,0.16072,0.1697,0.0,0.0,0.0,0.0,0.0,0.0,0.0,0.0,1.0e-6,1.0e-5,1.0e-6,0.0,0.0,0.0,0.0,0.0,0.843675,0.00659,0.000466,0.8303,0.83928,0.8439,0.84782,0.8563,1.0e-6,1.0e-5,1.0e-6,0.0,0.0,0.0,0.0,0.0,0.843676,0.00659,0.000466,0.8303,0.83928,0.8439,0.84782,0.8563
50.0,0.156324,0.00659,0.000466,0.1437,0.15218,0.1561,0.16072,0.1697,0.0,0.0,0.0,0.0,0.0,0.0,0.0,0.0,1.0e-6,1.0e-5,1.0e-6,0.0,0.0,0.0,0.0,0.0,0.843675,0.00659,0.000466,0.8303,0.83928,0.8439,0.84782,0.8563,1.0e-6,1.0e-5,1.0e-6,0.0,0.0,0.0,0.0,0.0,0.843676,0.00659,0.000466,0.8303,0.83928,0.8439,0.84782,0.8563
50.25,0.156324,0.00659,0.000466,0.1437,0.15218,0.1561,0.16072,0.1697,0.0,0.0,0.0,0.0,0.0,0.0,0.0,0.0,1.0e-6,1.0e-5,1.0e-6,0.0,0.0,0.0,0.0,0.0,0.843675,0.00659,0.000466,0.8303,0.83928,0.8439,0.84782,0.8563,1.0e-6,1.0e-5,1.0e-6,0.0,0.0,0.0,0.0,0.0,0.843676,0.00659,0.000466,0.8303,0.83928,0.8439,0.84782,0.8563
50.5,0.156324,0.00659,0.000466,0.1437,0.15218,0.1561,0.16072,0.1697,0.0,0.0,0.0,0.0,0.0,0.0,0.0,0.0,1.0e-6,1.0e-5,1.0e-6,0.0,0.0,0.0,0.0,0.0,0.843675,0.00659,0.000466,0.8303,0.83928,0.8439,0.84782,0.8563,1.0e-6,1.0e-5,1.0e-6,0.0,0.0,0.0,0.0,0.0,0.843676,0.00659,0.000466,0.8303,0.83928,0.8439,0.84782,0.8563
50.75,0.156324,0.00659,0.000466,0.1437,0.15218,0.1561,0.16072,0.1697,0.0,0.0,0.0,0.0,0.0,0.0,0.0,0.0,1.0e-6,1.0e-5,1.0e-6,0.0,0.0,0.0,0.0,0.0,0.843675,0.00659,0.000466,0.8303,0.83928,0.8439,0.84782,0.8563,1.0e-6,1.0e-5,1.0e-6,0.0,0.0,0.0,0.0,0.0,0.843676,0.00659,0.000466,0.8303,0.83928,0.8439,0.84782,0.8563
51.0,0.156324,0.00659,0.000466,0.1437,0.15218,0.1561,0.16072,0.1697,0.0,0.0,0.0,0.0,0.0,0.0,0.0,0.0,1.0e-6,1.0e-5,1.0e-6,0.0,0.0,0.0,0.0,0.0,0.843675,0.00659,0.000466,0.8303,0.83928,0.8439,0.84782,0.8563,1.0e-6,1.0e-5,1.0e-6,0.0,0.0,0.0,0.0,0.0,0.843676,0.00659,0.000466,0.8303,0.83928,0.8439,0.84782,0.8563
51.25,0.156324,0.00659,0.000466,0.1437,0.15218,0.1561,0.16072,0.1697,0.0,0.0,0.0,0.0,0.0,0.0,0.0,0.0,1.0e-6,1.0e-5,1.0e-6,0.0,0.0,0.0,0.0,0.0,0.843675,0.00659,0.000466,0.8303,0.83928,0.8439,0.84782,0.8563,1.0e-6,1.0e-5,1.0e-6,0.0,0.0,0.0,0.0,0.0,0.843676,0.00659,0.000466,0.8303,0.83928,0.8439,0.84782,0.8563
51.5,0.156324,0.00659,0.000466,0.1437,0.15218,0.1561,0.16072,0.1697,0.0,0.0,0.0,0.0,0.0,0.0,0.0,0.0,0.0,1.0e-5,1.0e-6,0.0,0.0,0.0,0.0,0.0,0.843676,0.00659,0.000466,0.8303,0.83928,0.8439,0.84782,0.8563,0.0,1.0e-5,1.0e-6,0.0,0.0,0.0,0.0,0.0,0.843676,0.00659,0.000466,0.8303,0.83928,0.8439,0.84782,0.8563
51.75,0.156324,0.00659,0.000466,0.1437,0.15218,0.1561,0.16072,0.1697,0.0,0.0,0.0,0.0,0.0,0.0,0.0,0.0,0.0,1.0e-5,1.0e-6,0.0,0.0,0.0,0.0,0.0,0.843676,0.00659,0.000466,0.8303,0.83928,0.8439,0.84782,0.8563,0.0,1.0e-5,1.0e-6,0.0,0.0,0.0,0.0,0.0,0.843676,0.00659,0.000466,0.8303,0.83928,0.8439,0.84782,0.8563
52.0,0.156324,0.00659,0.000466,0.1437,0.15218,0.1561,0.16072,0.1697,0.0,0.0,0.0,0.0,0.0,0.0,0.0,0.0,0.0,1.0e-5,1.0e-6,0.0,0.0,0.0,0.0,0.0,0.843676,0.00659,0.000466,0.8303,0.83928,0.8439,0.84782,0.8563,0.0,1.0e-5,1.0e-6,0.0,0.0,0.0,0.0,0.0,0.843676,0.00659,0.000466,0.8303,0.83928,0.8439,0.84782,0.8563
52.25,0.156324,0.00659,0.000466,0.1437,0.15218,0.1561,0.16072,0.1697,0.0,0.0,0.0,0.0,0.0,0.0,0.0,0.0,0.0,1.0e-5,1.0e-6,0.0,0.0,0.0,0.0,0.0,0.843676,0.00659,0.000466,0.8303,0.83928,0.8439,0.84782,0.8563,0.0,1.0e-5,1.0e-6,0.0,0.0,0.0,0.0,0.0,0.843676,0.00659,0.000466,0.8303,0.83928,0.8439,0.84782,0.8563
52.5,0.156324,0.00659,0.000466,0.1437,0.15218,0.1561,0.16072,0.1697,0.0,0.0,0.0,0.0,0.0,0.0,0.0,0.0,0.0,1.0e-5,1.0e-6,0.0,0.0,0.0,0.0,0.0,0.843676,0.00659,0.000466,0.8303,0.83928,0.8439,0.84782,0.8563,0.0,1.0e-5,1.0e-6,0.0,0.0,0.0,0.0,0.0,0.843676,0.00659,0.000466,0.8303,0.83928,0.8439,0.84782,0.8563
52.75,0.156324,0.00659,0.000466,0.1437,0.15218,0.1561,0.16072,0.1697,0.0,0.0,0.0,0.0,0.0,0.0,0.0,0.0,0.0,1.0e-5,1.0e-6,0.0,0.0,0.0,0.0,0.0,0.843676,0.00659,0.000466,0.8303,0.83928,0.8439,0.84782,0.8563,0.0,1.0e-5,1.0e-6,0.0,0.0,0.0,0.0,0.0,0.843676,0.00659,0.000466,0.8303,0.83928,0.8439,0.84782,0.8563
53.0,0.156324,0.00659,0.000466,0.1437,0.15218,0.1561,0.16072,0.1697,0.0,0.0,0.0,0.0,0.0,0.0,0.0,0.0,0.0,1.0e-5,1.0e-6,0.0,0.0,0.0,0.0,0.0,0.843676,0.00659,0.000466,0.8303,0.83928,0.8439,0.84782,0.8563,0.0,1.0e-5,1.0e-6,0.0,0.0,0.0,0.0,0.0,0.843676,0.00659,0.000466,0.8303,0.83928,0.8439,0.84782,0.8563
53.25,0.156324,0.00659,0.000466,0.1437,0.15218,0.1561,0.16072,0.1697,0.0,0.0,0.0,0.0,0.0,0.0,0.0,0.0,0.0,0.0,0.0,0.0,0.0,0.0,0.0,0.0,0.843676,0.00659,0.000466,0.8303,0.83928,0.8439,0.84782,0.8563,0.0,0.0,0.0,0.0,0.0,0.0,0.0,0.0,0.843676,0.00659,0.000466,0.8303,0.83928,0.8439,0.84782,0.8563
53.5,0.156324,0.00659,0.000466,0.1437,0.15218,0.1561,0.16072,0.1697,0.0,0.0,0.0,0.0,0.0,0.0,0.0,0.0,0.0,0.0,0.0,0.0,0.0,0.0,0.0,0.0,0.843676,0.00659,0.000466,0.8303,0.83928,0.8439,0.84782,0.8563,0.0,0.0,0.0,0.0,0.0,0.0,0.0,0.0,0.843676,0.00659,0.000466,0.8303,0.83928,0.8439,0.84782,0.8563
53.75,0.156324,0.00659,0.000466,0.1437,0.15218,0.1561,0.16072,0.1697,0.0,0.0,0.0,0.0,0.0,0.0,0.0,0.0,0.0,0.0,0.0,0.0,0.0,0.0,0.0,0.0,0.843676,0.00659,0.000466,0.8303,0.83928,0.8439,0.84782,0.8563,0.0,0.0,0.0,0.0,0.0,0.0,0.0,0.0,0.843676,0.00659,0.000466,0.8303,0.83928,0.8439,0.84782,0.8563
54.0,0.156324,0.00659,0.000466,0.1437,0.15218,0.1561,0.16072,0.1697,0.0,0.0,0.0,0.0,0.0,0.0,0.0,0.0,0.0,0.0,0.0,0.0,0.0,0.0,0.0,0.0,0.843676,0.00659,0.000466,0.8303,0.83928,0.8439,0.84782,0.8563,0.0,0.0,0.0,0.0,0.0,0.0,0.0,0.0,0.843676,0.00659,0.000466,0.8303,0.83928,0.8439,0.84782,0.8563
54.25,0.156324,0.00659,0.000466,0.1437,0.15218,0.1561,0.16072,0.1697,0.0,0.0,0.0,0.0,0.0,0.0,0.0,0.0,0.0,0.0,0.0,0.0,0.0,0.0,0.0,0.0,0.843676,0.00659,0.000466,0.8303,0.83928,0.8439,0.84782,0.8563,0.0,0.0,0.0,0.0,0.0,0.0,0.0,0.0,0.843676,0.00659,0.000466,0.8303,0.83928,0.8439,0.84782,0.8563
54.5,0.156324,0.00659,0.000466,0.1437,0.15218,0.1561,0.16072,0.1697,0.0,0.0,0.0,0.0,0.0,0.0,0.0,0.0,0.0,0.0,0.0,0.0,0.0,0.0,0.0,0.0,0.843676,0.00659,0.000466,0.8303,0.83928,0.8439,0.84782,0.8563,0.0,0.0,0.0,0.0,0.0,0.0,0.0,0.0,0.843676,0.00659,0.000466,0.8303,0.83928,0.8439,0.84782,0.8563
54.75,0.156324,0.00659,0.000466,0.1437,0.15218,0.1561,0.16072,0.1697,0.0,0.0,0.0,0.0,0.0,0.0,0.0,0.0,0.0,0.0,0.0,0.0,0.0,0.0,0.0,0.0,0.843676,0.00659,0.000466,0.8303,0.83928,0.8439,0.84782,0.8563,0.0,0.0,0.0,0.0,0.0,0.0,0.0,0.0,0.843676,0.00659,0.000466,0.8303,0.83928,0.8439,0.84782,0.8563
55.0,0.156324,0.00659,0.000466,0.1437,0.15218,0.1561,0.16072,0.1697,0.0,0.0,0.0,0.0,0.0,0.0,0.0,0.0,0.0,0.0,0.0,0.0,0.0,0.0,0.0,0.0,0.843676,0.00659,0.000466,0.8303,0.83928,0.8439,0.84782,0.8563,0.0,0.0,0.0,0.0,0.0,0.0,0.0,0.0,0.843676,0.00659,0.000466,0.8303,0.83928,0.8439,0.84782,0.8563
55.25,0.156324,0.00659,0.000466,0.1437,0.15218,0.1561,0.16072,0.1697,0.0,0.0,0.0,0.0,0.0,0.0,0.0,0.0,0.0,0.0,0.0,0.0,0.0,0.0,0.0,0.0,0.843676,0.00659,0.000466,0.8303,0.83928,0.8439,0.84782,0.8563,0.0,0.0,0.0,0.0,0.0,0.0,0.0,0.0,0.843676,0.00659,0.000466,0.8303,0.83928,0.8439,0.84782,0.8563
55.5,0.156324,0.00659,0.000466,0.1437,0.15218,0.1561,0.16072,0.1697,0.0,0.0,0.0,0.0,0.0,0.0,0.0,0.0,0.0,0.0,0.0,0.0,0.0,0.0,0.0,0.0,0.843676,0.00659,0.000466,0.8303,0.83928,0.8439,0.84782,0.8563,0.0,0.0,0.0,0.0,0.0,0.0,0.0,0.0,0.843676,0.00659,0.000466,0.8303,0.83928,0.8439,0.84782,0.8563
55.75,0.156324,0.00659,0.000466,0.1437,0.15218,0.1561,0.16072,0.1697,0.0,0.0,0.0,0.0,0.0,0.0,0.0,0.0,0.0,0.0,0.0,0.0,0.0,0.0,0.0,0.0,0.843676,0.00659,0.000466,0.8303,0.83928,0.8439,0.84782,0.8563,0.0,0.0,0.0,0.0,0.0,0.0,0.0,0.0,0.843676,0.00659,0.000466,0.8303,0.83928,0.8439,0.84782,0.8563
56.0,0.156324,0.00659,0.000466,0.1437,0.15218,0.1561,0.16072,0.1697,0.0,0.0,0.0,0.0,0.0,0.0,0.0,0.0,0.0,0.0,0.0,0.0,0.0,0.0,0.0,0.0,0.843676,0.00659,0.000466,0.8303,0.83928,0.8439,0.84782,0.8563,0.0,0.0,0.0,0.0,0.0,0.0,0.0,0.0,0.843676,0.00659,0.000466,0.8303,0.83928,0.8439,0.84782,0.8563
56.25,0.156324,0.00659,0.000466,0.1437,0.15218,0.1561,0.16072,0.1697,0.0,0.0,0.0,0.0,0.0,0.0,0.0,0.0,0.0,0.0,0.0,0.0,0.0,0.0,0.0,0.0,0.843676,0.00659,0.000466,0.8303,0.83928,0.8439,0.84782,0.8563,0.0,0.0,0.0,0.0,0.0,0.0,0.0,0.0,0.843676,0.00659,0.000466,0.8303,0.83928,0.8439,0.84782,0.8563
56.5,0.156324,0.00659,0.000466,0.1437,0.15218,0.1561,0.16072,0.1697,0.0,0.0,0.0,0.0,0.0,0.0,0.0,0.0,0.0,0.0,0.0,0.0,0.0,0.0,0.0,0.0,0.843676,0.00659,0.000466,0.8303,0.83928,0.8439,0.84782,0.8563,0.0,0.0,0.0,0.0,0.0,0.0,0.0,0.0,0.843676,0.00659,0.000466,0.8303,0.83928,0.8439,0.84782,0.8563
56.75,0.156324,0.00659,0.000466,0.1437,0.15218,0.1561,0.16072,0.1697,0.0,0.0,0.0,0.0,0.0,0.0,0.0,0.0,0.0,0.0,0.0,0.0,0.0,0.0,0.0,0.0,0.843676,0.00659,0.000466,0.8303,0.83928,0.8439,0.84782,0.8563,0.0,0.0,0.0,0.0,0.0,0.0,0.0,0.0,0.843676,0.00659,0.000466,0.8303,0.83928,0.8439,0.84782,0.8563
57.0,0.156324,0.00659,0.000466,0.1437,0.15218,0.1561,0.16072,0.1697,0.0,0.0,0.0,0.0,0.0,0.0,0.0,0.0,0.0,0.0,0.0,0.0,0.0,0.0,0.0,0.0,0.843676,0.00659,0.000466,0.8303,0.83928,0.8439,0.84782,0.8563,0.0,0.0,0.0,0.0,0.0,0.0,0.0,0.0,0.843676,0.00659,0.000466,0.8303,0.83928,0.8439,0.84782,0.8563
57.25,0.156324,0.00659,0.000466,0.1437,0.15218,0.1561,0.16072,0.1697,0.0,0.0,0.0,0.0,0.0,0.0,0.0,0.0,0.0,0.0,0.0,0.0,0.0,0.0,0.0,0.0,0.843676,0.00659,0.000466,0.8303,0.83928,0.8439,0.84782,0.8563,0.0,0.0,0.0,0.0,0.0,0.0,0.0,0.0,0.843676,0.00659,0.000466,0.8303,0.83928,0.8439,0.84782,0.8563
57.5,0.156324,0.00659,0.000466,0.1437,0.15218,0.1561,0.16072,0.1697,0.0,0.0,0.0,0.0,0.0,0.0,0.0,0.0,0.0,0.0,0.0,0.0,0.0,0.0,0.0,0.0,0.843676,0.00659,0.000466,0.8303,0.83928,0.8439,0.84782,0.8563,0.0,0.0,0.0,0.0,0.0,0.0,0.0,0.0,0.843676,0.00659,0.000466,0.8303,0.83928,0.8439,0.84782,0.8563
57.75,0.156324,0.00659,0.000466,0.1437,0.15218,0.1561,0.16072,0.1697,0.0,0.0,0.0,0.0,0.0,0.0,0.0,0.0,0.0,0.0,0.0,0.0,0.0,0.0,0.0,0.0,0.843676,0.00659,0.000466,0.8303,0.83928,0.8439,0.84782,0.8563,0.0,0.0,0.0,0.0,0.0,0.0,0.0,0.0,0.843676,0.00659,0.000466,0.8303,0.83928,0.8439,0.84782,0.8563
58.0,0.156324,0.00659,0.000466,0.1437,0.15218,0.1561,0.16072,0.1697,0.0,0.0,0.0,0.0,0.0,0.0,0.0,0.0,0.0,0.0,0.0,0.0,0.0,0.0,0.0,0.0,0.843676,0.00659,0.000466,0.8303,0.83928,0.8439,0.84782,0.8563,0.0,0.0,0.0,0.0,0.0,0.0,0.0,0.0,0.843676,0.00659,0.000466,0.8303,0.83928,0.8439,0.84782,0.8563
58.25,0.156324,0.00659,0.000466,0.1437,0.15218,0.1561,0.16072,0.1697,0.0,0.0,0.0,0.0,0.0,0.0,0.0,0.0,0.0,0.0,0.0,0.0,0.0,0.0,0.0,0.0,0.843676,0.00659,0.000466,0.8303,0.83928,0.8439,0.84782,0.8563,0.0,0.0,0.0,0.0,0.0,0.0,0.0,0.0,0.843676,0.00659,0.000466,0.8303,0.83928,0.8439,0.84782,0.8563
58.5,0.156324,0.00659,0.000466,0.1437,0.15218,0.1561,0.16072,0.1697,0.0,0.0,0.0,0.0,0.0,0.0,0.0,0.0,0.0,0.0,0.0,0.0,0.0,0.0,0.0,0.0,0.843676,0.00659,0.000466,0.8303,0.83928,0.8439,0.84782,0.8563,0.0,0.0,0.0,0.0,0.0,0.0,0.0,0.0,0.843676,0.00659,0.000466,0.8303,0.83928,0.8439,0.84782,0.8563
58.75,0.156324,0.00659,0.000466,0.1437,0.15218,0.1561,0.16072,0.1697,0.0,0.0,0.0,0.0,0.0,0.0,0.0,0.0,0.0,0.0,0.0,0.0,0.0,0.0,0.0,0.0,0.843676,0.00659,0.000466,0.8303,0.83928,0.8439,0.84782,0.8563,0.0,0.0,0.0,0.0,0.0,0.0,0.0,0.0,0.843676,0.00659,0.000466,0.8303,0.83928,0.8439,0.84782,0.8563
59.0,0.156324,0.00659,0.000466,0.1437,0.15218,0.1561,0.16072,0.1697,0.0,0.0,0.0,0.0,0.0,0.0,0.0,0.0,0.0,0.0,0.0,0.0,0.0,0.0,0.0,0.0,0.843676,0.00659,0.000466,0.8303,0.83928,0.8439,0.84782,0.8563,0.0,0.0,0.0,0.0,0.0,0.0,0.0,0.0,0.843676,0.00659,0.000466,0.8303,0.83928,0.8439,0.84782,0.8563
59.25,0.156324,0.00659,0.000466,0.1437,0.15218,0.1561,0.16072,0.1697,0.0,0.0,0.0,0.0,0.0,0.0,0.0,0.0,0.0,0.0,0.0,0.0,0.0,0.0,0.0,0.0,0.843676,0.00659,0.000466,0.8303,0.83928,0.8439,0.84782,0.8563,0.0,0.0,0.0,0.0,0.0,0.0,0.0,0.0,0.843676,0.00659,0.000466,0.8303,0.83928,0.8439,0.84782,0.8563
59.5,0.156324,0.00659,0.000466,0.1437,0.15218,0.1561,0.16072,0.1697,0.0,0.0,0.0,0.0,0.0,0.0,0.0,0.0,0.0,0.0,0.0,0.0,0.0,0.0,0.0,0.0,0.843676,0.00659,0.000466,0.8303,0.83928,0.8439,0.84782,0.8563,0.0,0.0,0.0,0.0,0.0,0.0,0.0,0.0,0.843676,0.00659,0.000466,0.8303,0.83928,0.8439,0.84782,0.8563
59.75,0.156324,0.00659,0.000466,0.1437,0.15218,0.1561,0.16072,0.1697,0.0,0.0,0.0,0.0,0.0,0.0,0.0,0.0,0.0,0.0,0.0,0.0,0.0,0.0,0.0,0.0,0.843676,0.00659,0.000466,0.8303,0.83928,0.8439,0.84782,0.8563,0.0,0.0,0.0,0.0,0.0,0.0,0.0,0.0,0.843676,0.00659,0.000466,0.8303,0.83928,0.8439,0.84782,0.8563
60.0,0.156324,0.00659,0.000466,0.1437,0.15218,0.1561,0.16072,0.1697,0.0,0.0,0.0,0.0,0.0,0.0,0.0,0.0,0.0,0.0,0.0,0.0,0.0,0.0,0.0,0.0,0.843676,0.00659,0.000466,0.8303,0.83928,0.8439,0.84782,0.8563,0.0,0.0,0.0,0.0,0.0,0.0,0.0,0.0,0.843676,0.00659,0.000466,0.8303,0.83928,0.8439,0.84782,0.8563
