t,cond.S.mean,cond.S.sd,cond.S.se,cond.S.q025,cond.S.q25,cond.S.q50,cond.S.q75,cond.S.q975,cond.I.mean,cond.I.sd,cond.I.se,cond.I.q025,cond.I.q25,cond.I.q50,cond.I.q75,cond.I.q975,cond.R.mean,cond.R.sd,cond.R.se,cond.R.q025,cond.R.q25,cond.R.q50,cond.R.q75,cond.R.q975,cond.infectious.mean,cond.infectious.sd,cond.infectious.se,cond.infectious.q025,cond.infectious.q25,cond.infectious.q50,cond.infectious.q75,cond.infectious.q975,cond.cumulative.mean,cond.cumulative.sd,cond.cumulative.se,cond.cumulative.q025,cond.cumulative.q25,cond.cumulative.q50,cond.cumulative.q75,cond.cumulative.q975
0.0,0.99,0.0,0.0,0.99,0.99,0.99,0.99,0.99,0.01,0.0,0.0,0.01,0.01,0.01,0.01,0.01,0.0,0.0,0.0,0.0,0.0,0.0,0.0,0.0,0.01,0.0,0.0,0.01,0.01,0.01,0.01,0.01,0.01,0.0,0.0,0.01,0.01,0.01,0.01,0.01
0.25,0.987872,0.00017,3.7e-5,0.98755,0.98778,0.98786,0.98796,0.98815,0.011482,0.00018,4.0e-5,0.01117,0.01139,0.01149,0.01152,0.01185,0.000647,8.0e-5,1.8e-5,0.00051,0.00059,0.00064,0.00068,0.00079,0.011482,0.00018,4.0e-5,0.01117,0.01139,0.01149,0.01152,0.01185,0.012128,0.00017,3.7e-5,0.01185,0.01204,0.01214,0.01222,0.01245
0.5,0.985405,0.0002,4.5e-5,0.98508,0.9853,0.98541,0.98548,0.98577,0.013205,0.00027,6.0e-5,0.01274,0.01308,0.01316,0.01334,0.01367,0.00139,0.00012,2.7e-5,0.00119,0.0013,0.00138,0.00149,0.00156,0.013205,0.00027,6.0e-5,0.01274,0.01308,0.01316,0.01334,0.01367,0.014596,0.0002,4.5e-5,0.01423,0.01452,0.01459,0.0147,0.01492
0.75,0.982781,0.00026,5.9e-5,0.98235,0.98258,0.98276,0.98296,0.98326,0.014928,0.00035,7.8e-5,0.01423,0.01478,0.01498,0.01509,0.01543,0.002291,0.00015,3.4e-5,0.00207,0.00214,0.0023,0.00236,0.00257,0.014928,0.00035,7.8e-5,0.01423,0.01478,0.01498,0.01509,0.01543,0.01722,0.00026,5.9e-5,0.01674,0.01704,0.01724,0.01742,0.01765
1.0,0.979866,0.00032,7.2e-5,0.97926,0.97971,0.97988,0.98006,0.98046,0.01686,0.00041,9.1e-5,0.01604,0.0167,0.01684,0.01704,0.01766,0.003274,0.00015,3.4e-5,0.00303,0.00314,0.00326,0.00338,0.00353,0.01686,0.00041,9.1e-5,0.01604,0.0167,0.01684,0.01704,0.01766,0.020134,0.00032,7.2e-5,0.01954,0.01994,0.02012,0.02029,0.02074
1.25,0.976666,0.00044,9.9e-5,0.97585,0.97641,0.97662,0.97696,0.97738,0.018927,0.00049,0.00011,0.01803,0.0187,0.01888,0.01919,0.01984,0.004407,0.00016,3.6e-5,0.00413,0.0043,0.00439,0.00456,0.00464,0.018927,0.00049,0.00011,0.01803,0.0187,0.01888,0.01919,0.01984,0.023334,0.00044,9.9e-5,0.02262,0.02304,0.02338,0.02359,0.02415
1.5,0.973174,0.00052,0.000117,0.97236,0.97274,0.9731,0.9736,0.97408,0.021144,0.00052,0.000117,0.02027,0.02076,0.02111,0.0215,0.02197,0.005682,0.00016,3.7e-5,0.00541,0.0056,0.0057,0.00579,0.00596,0.021144,0.00052,0.000117,0.02027,0.02076,0.02111,0.0215,0.02197,0.026826,0.00052,0.000117,0.02592,0.0264,0.0269,0.02726,0.02764
1.75,0.969271,0.00067,0.00015,0.96814,0.96887,0.96912,0.96972,0.97039,0.023687,0.0006,0.000135,0.02268,0.02324,0.02379,0.02406,0.02464,0.007042,0.00017,3.8e-5,0.00677,0.00694,0.00704,0.00714,0.00737,0.023687,0.0006,0.000135,0.02268,0.02324,0.02379,0.02406,0.02464,0.030729,0.00067,0.00015,0.02961,0.03028,0.03088,0.03113,0.03186
2.0,0.96504,0.00083,0.000186,0.9638,0.96454,0.96482,0.96542,0.96646,0.026382,0.00075,0.000168,0.02493,0.02612,0.02646,0.02688,0.0275,0.008578,0.00021,4.6e-5,0.00823,0.00843,0.00856,0.00873,0.00892,0.026382,0.00075,0.000168,0.02493,0.02612,0.02646,0.02688,0.0275,0.03496,0.00083,0.000186,0.03354,0.03458,0.03518,0.03546,0.0362
2.25,0.960392,0.00105,0.000236,0.95877,0.95984,0.96016,0.96088,0.96232,0.029291,0.0009,0.000201,0.02753,0.02906,0.0295,0.0298,0.03057,0.010318,0.00026,5.8e-5,0.00989,0.01011,0.0104,0.01048,0.01068,0.029291,0.0009,0.000201,0.02753,0.02906,0.0295,0.0298,0.03057,0.039608,0.00105,0.000236,0.03768,0.03912,0.03984,0.04016,0.04123
2.5,0.955292,0.00135,0.000301,0.95356,0.95444,0.95478,0.95588,0.95784,0.032528,0.00111,0.000249,0.03026,0.0321,0.03278,0.03342,0.0337,0.01218,0.00033,7.3e-5,0.01169,0.01198,0.0121,0.01242,0.01281,0.032528,0.00111,0.000249,0.03026,0.0321,0.03278,0.03342,0.0337,0.044708,0.00135,0.000301,0.04216,0.04412,0.04522,0.04556,0.04644
2.75,0.949759,0.0015,0.000336,0.94794,0.94883,0.94932,0.95035,0.95275,0.035949,0.00122,0.000273,0.0334,0.03547,0.03631,0.03657,0.03759,0.014292,0.00039,8.7e-5,0.01368,0.01404,0.01428,0.01455,0.01493,0.035949,0.00122,0.000273,0.0334,0.03547,0.03631,0.03657,0.03759,0.050242,0.0015,0.000336,0.04725,0.04965,0.05068,0.05117,0.05206
3.0,0.943643,0.00178,0.000399,0.94146,0.94257,0.94315,0.94428,0.94725,0.03971,0.00146,0.000327,0.03674,0.03901,0.04021,0.04061,0.04149,0.016646,0.00046,0.000103,0.01588,0.01631,0.01668,0.01704,0.0174,0.03971,0.00146,0.000327,0.03674,0.03901,0.04021,0.04061,0.04149,0.056357,0.00178,0.000399,0.05275,0.05572,0.05685,0.05743,0.05854
3.25,0.936946,0.00193,0.000433,0.93467,0.93576,0.93641,0.93745,0.94103,0.043807,0.00153,0.000342,0.04057,0.04301,0.04422,0.04482,0.04561,0.019248,0.00053,0.000119,0.01828,0.01899,0.01936,0.01966,0.02,0.043807,0.00153,0.000342,0.04057,0.04301,0.04422,0.04482,0.04561,0.063055,0.00193,0.000433,0.05897,0.06255,0.06359,0.06424,0.06533
3.5,0.929649,0.00217,0.000484,0.9272,0.92824,0.9289,0.93036,0.93407,0.048198,0.00168,0.000376,0.04477,0.0473,0.04864,0.04943,0.05005,0.022154,0.00063,0.000142,0.02102,0.02178,0.02228,0.02255,0.02315,0.048198,0.00168,0.000376,0.04477,0.0473,0.04864,0.04943,0.05005,0.070351,0.00217,0.000484,0.06593,0.06965,0.07109,0.07176,0.0728
3.75,0.921749,0.00244,0.000545,0.919,0.92001,0.921,0.9226,0.92673,0.052935,0.00181,0.000405,0.04928,0.05199,0.0535,0.05431,0.05474,0.025317,0.00073,0.000164,0.02395,0.0248,0.0255,0.02578,0.02634,0.052935,0.00181,0.000405,0.04928,0.05199,0.0535,0.05431,0.05474,0.078251,0.00244,0.000545,0.07327,0.0774,0.079,0.07998,0.081
4.0,0.913336,0.00256,0.000573,0.91032,0.91147,0.91266,0.91443,0.91854,0.057861,0.00182,0.000406,0.05435,0.05667,0.058,0.05937,0.05983,0.028802,0.00087,0.000195,0.02709,0.02837,0.02904,0.0294,0.02994,0.057861,0.00182,0.000406,0.05435,0.05667,0.058,0.05937,0.05983,0.086664,0.00256,0.000573,0.08146,0.08557,0.08734,0.08853,0.08968
4.25,0.904441,0.00279,0.000624,0.90101,0.90239,0.90384,0.90577,0.90988,0.062902,0.00188,0.000421,0.05949,0.06177,0.06276,0.06462,0.06502,0.032658,0.00106,0.000237,0.03062,0.03205,0.0329,0.03337,0.03404,0.062902,0.00188,0.000421,0.05949,0.06177,0.06276,0.06462,0.06502,0.095559,0.00279,0.000624,0.09012,0.09423,0.09616,0.09761,0.09899
4.5,0.894584,0.00314,0.000702,0.89093,0.89208,0.89402,0.89615,0.90061,0.068702,0.00215,0.00048,0.0646,0.0675,0.06908,0.0708,0.07101,0.036714,0.00116,0.000259,0.03445,0.03616,0.03682,0.03764,0.03818,0.068702,0.00215,0.00048,0.0646,0.0675,0.06908,0.0708,0.07101,0.105416,0.00314,0.000702,0.09939,0.10385,0.10598,0.10792,0.10907
4.75,0.884,0.00337,0.000753,0.88008,0.881,0.88326,0.88613,0.89015,0.074741,0.00229,0.000513,0.07061,0.07327,0.07479,0.07675,0.07761,0.041258,0.00128,0.000287,0.03874,0.04082,0.04133,0.04216,0.04294,0.074741,0.00229,0.000513,0.07061,0.07327,0.07479,0.07675,0.07761,0.115999,0.00337,0.000753,0.10985,0.11387,0.11674,0.119,0.11992
5.0,0.87252,0.00371,0.000831,0.86794,0.86937,0.87184,0.87494,0.87885,0.081312,0.00254,0.000568,0.07719,0.07961,0.08108,0.08369,0.08485,0.046168,0.00146,0.000327,0.04322,0.04574,0.0462,0.04709,0.04821,0.081312,0.00254,0.000568,0.07719,0.07961,0.08108,0.08369,0.08485,0.12748,0.00371,0.000831,0.12115,0.12506,0.12816,0.13063,0.13206
5.25,0.860579,0.00404,0.000904,0.85526,0.85738,0.86011,0.8628,0.86754,0.087955,0.00275,0.000614,0.0834,0.08572,0.08778,0.09017,0.09184,0.051466,0.00164,0.000366,0.04835,0.05084,0.0514,0.05264,0.05363,0.087955,0.00275,0.000614,0.0834,0.08572,0.08778,0.09017,0.09184,0.13942,0.00404,0.000904,0.13246,0.1372,0.13989,0.14262,0.14474
5.5,0.847863,0.00435,0.000974,0.8421,0.84479,0.8474,0.85039,0.85552,0.095007,0.00293,0.000654,0.09016,0.09249,0.09486,0.0976,0.09917,0.057131,0.00179,0.0004,0.05386,0.05609,0.05722,0.05833,0.05951,0.095007,0.00293,0.000654,0.09016,0.09249,0.09486,0.0976,0.09917,0.152137,0.00435,0.000974,0.14448,0.14961,0.1526,0.15521,0.1579
5.75,0.834393,0.00484,0.001081,0.82796,0.83072,0.83416,0.83711,0.84284,0.102348,0.00314,0.000702,0.097,0.10004,0.10216,0.10498,0.10683,0.063258,0.00201,0.000448,0.05943,0.06215,0.06348,0.06451,0.066,0.102348,0.00314,0.000702,0.097,0.10004,0.10216,0.10498,0.10683,0.165607,0.00484,0.001081,0.15716,0.16289,0.16584,0.16928,0.17204
6.0,0.820158,0.00521,0.001165,0.81263,0.81652,0.82024,0.82304,0.82899,0.110082,0.00341,0.000763,0.10432,0.10792,0.1102,0.11289,0.11522,0.06976,0.00214,0.00048,0.06584,0.06846,0.07,0.0713,0.07258,0.110082,0.00341,0.000763,0.10432,0.10792,0.1102,0.11289,0.11522,0.179842,0.00521,0.001165,0.17101,0.17696,0.17976,0.18348,0.18737
6.25,0.805098,0.00547,0.001224,0.7972,0.80076,0.80524,0.80826,0.81456,0.118031,0.00355,0.000793,0.1117,0.11589,0.11786,0.12091,0.12319,0.076871,0.00226,0.000504,0.07306,0.07545,0.077,0.07852,0.07983,0.118031,0.00355,0.000793,0.1117,0.11589,0.11786,0.12091,0.12319,0.194902,0.00547,0.001224,0.18544,0.19174,0.19476,0.19924,0.2028
6.5,0.789472,0.00575,0.001285,0.78116,0.78489,0.78921,0.79307,0.79944,0.126071,0.00372,0.000832,0.1193,0.12396,0.12637,0.12901,0.13148,0.084458,0.00234,0.000523,0.08047,0.08311,0.08464,0.08624,0.08762,0.126071,0.00372,0.000832,0.1193,0.12396,0.12637,0.12901,0.13148,0.210529,0.00575,0.001285,0.20056,0.20693,0.21079,0.21511,0.21884
6.75,0.773236,0.0062,0.001386,0.76416,0.76834,0.7734,0.77739,0.78389,0.134194,0.00401,0.000896,0.12709,0.13222,0.13418,0.13718,0.14033,0.09257,0.00253,0.000566,0.08807,0.09114,0.09308,0.09467,0.09598,0.134194,0.00401,0.000896,0.12709,0.13222,0.13418,0.13718,0.14033,0.226764,0.0062,0.001386,0.21611,0.22261,0.2266,0.23166,0.23584
7.0,0.756286,0.00655,0.001464,0.74661,0.75122,0.75594,0.76076,0.76724,0.142532,0.00419,0.000937,0.13558,0.13975,0.14277,0.14601,0.14909,0.101182,0.00279,0.000623,0.09611,0.09934,0.10178,0.10318,0.10491,0.142532,0.00419,0.000937,0.13558,0.13975,0.14277,0.14601,0.14909,0.243714,0.00655,0.001464,0.23276,0.23924,0.24406,0.24878,0.25339
7.25,0.73891,0.00691,0.001544,0.7285,0.73413,0.73838,0.74415,0.75022,0.150782,0.00428,0.000958,0.14374,0.14821,0.15064,0.15468,0.15752,0.110308,0.00303,0.000678,0.10515,0.10846,0.11082,0.11245,0.11455,0.150782,0.00428,0.000958,0.14374,0.14821,0.15064,0.15468,0.15752,0.26109,0.00691,0.001544,0.24978,0.25585,0.26162,0.26587,0.2715
7.5,0.72095,0.00723,0.001616,0.70975,0.71592,0.72001,0.72676,0.73302,0.159147,0.00454,0.001016,0.15161,0.15639,0.15896,0.1634,0.16651,0.119904,0.00318,0.000712,0.1144,0.11806,0.12014,0.12244,0.12452,0.159147,0.00454,0.001016,0.15161,0.15639,0.15896,0.1634,0.16651,0.279051,0.00723,0.001616,0.26698,0.27324,0.27999,0.28407,0.29025
7.75,0.702591,0.00767,0.001715,0.69013,0.69686,0.70147,0.70854,0.71529,0.167378,0.00474,0.001061,0.15993,0.16458,0.1667,0.17081,0.17564,0.13003,0.00348,0.000778,0.12408,0.12805,0.13056,0.13255,0.13487,0.167378,0.00474,0.001061,0.15993,0.16458,0.1667,0.17081,0.17564,0.297408,0.00767,0.001715,0.28471,0.29146,0.29853,0.30314,0.30987
8.0,0.684044,0.00801,0.001791,0.67126,0.67774,0.68269,0.69028,0.69805,0.175142,0.00493,0.001103,0.16679,0.17224,0.17416,0.17838,0.1834,0.140814,0.0037,0.000828,0.13447,0.13883,0.14115,0.14371,0.14599,0.175142,0.00493,0.001103,0.16679,0.17224,0.17416,0.17838,0.1834,0.315956,0.00801,0.001791,0.30195,0.30973,0.31731,0.32226,0.32874
8.25,0.66537,0.00843,0.001885,0.6519,0.65936,0.66354,0.67139,0.68058,0.182664,0.00518,0.001157,0.17351,0.1803,0.18178,0.18568,0.19127,0.151965,0.00385,0.000861,0.14527,0.14994,0.15234,0.15489,0.15731,0.182664,0.00518,0.001157,0.17351,0.1803,0.18178,0.18568,0.19127,0.334629,0.00843,0.001885,0.31942,0.32861,0.33646,0.34064,0.3481
8.5,0.646207,0.00869,0.001943,0.6325,0.63999,0.64436,0.65256,0.66213,0.190269,0.00503,0.001125,0.18121,0.18784,0.18962,0.19385,0.19838,0.163524,0.00406,0.000908,0.15648,0.16102,0.16424,0.16677,0.16921,0.190269,0.00503,0.001125,0.18121,0.18784,0.18962,0.19385,0.19838,0.353793,0.00869,0.001943,0.33787,0.34744,0.35564,0.36001,0.3675
8.75,0.62712,0.00892,0.001995,0.61305,0.62081,0.62549,0.63364,0.64349,0.197196,0.00493,0.001102,0.18818,0.1948,0.19678,0.2003,0.20528,0.175684,0.00443,0.000991,0.16833,0.17233,0.17632,0.17872,0.18222,0.197196,0.00493,0.001102,0.18818,0.1948,0.19678,0.2003,0.20528,0.37288,0.00892,0.001995,0.35651,0.36636,0.37451,0.37918,0.38695
9.0,0.608168,0.00911,0.002037,0.59366,0.60178,0.60619,0.61503,0.6248,0.203698,0.0048,0.001073,0.19518,0.20164,0.20282,0.207,0.21191,0.188133,0.0048,0.001074,0.18003,0.18471,0.18912,0.19109,0.19522,0.203698,0.0048,0.001073,0.19518,0.20164,0.20282,0.207,0.21191,0.391832,0.00911,0.002037,0.3752,0.38497,0.39381,0.39822,0.40634
9.25,0.589591,0.00911,0.002037,0.5751,0.58314,0.58758,0.5962,0.60662,0.209518,0.00458,0.001024,0.20092,0.20772,0.2087,0.2129,0.21764,0.200891,0.00512,0.001144,0.19246,0.19675,0.20182,0.2041,0.20847,0.209518,0.00458,0.001024,0.20092,0.20772,0.2087,0.2129,0.21764,0.410409,0.00911,0.002037,0.39338,0.4038,0.41242,0.41686,0.4249
9.5,0.571163,0.00905,0.002024,0.55692,0.56465,0.56907,0.57754,0.58813,0.214673,0.00443,0.000991,0.20627,0.21321,0.21416,0.21776,0.22277,0.214164,0.00518,0.001158,0.20561,0.2099,0.21542,0.21748,0.22193,0.214673,0.00443,0.000991,0.20627,0.21321,0.21416,0.21776,0.22277,0.428837,0.00905,0.002024,0.41187,0.42246,0.43093,0.43536,0.44308
9.75,0.552882,0.00911,0.002037,0.5387,0.54657,0.55105,0.55947,0.57025,0.219438,0.00436,0.000974,0.21117,0.21806,0.21914,0.22254,0.22663,0.22768,0.00541,0.00121,0.21859,0.22332,0.22922,0.23134,0.2357,0.219438,0.00436,0.000974,0.21117,0.21806,0.21914,0.22254,0.22663,0.447118,0.00911,0.002037,0.42975,0.44053,0.44895,0.45343,0.4613
10.0,0.535006,0.00917,0.00205,0.52114,0.52866,0.53376,0.54131,0.55253,0.223385,0.00431,0.000964,0.21519,0.2215,0.22354,0.22622,0.23054,0.241609,0.00569,0.001272,0.23228,0.23668,0.24324,0.24571,0.25002,0.223385,0.00431,0.000964,0.21519,0.2215,0.22354,0.22622,0.23054,0.464994,0.00917,0.00205,0.44747,0.45869,0.46624,0.47134,0.47886
10.25,0.517597,0.00916,0.002047,0.50396,0.51171,0.51724,0.52387,0.53527,0.226625,0.00414,0.000925,0.21879,0.22414,0.22702,0.22948,0.23339,0.255778,0.00583,0.001305,0.24594,0.25084,0.2576,0.25963,0.26433,0.226625,0.00414,0.000925,0.21879,0.22414,0.22702,0.22948,0.23339,0.482403,0.00916,0.002047,0.46473,0.47613,0.48276,0.48829,0.49604
10.5,0.500846,0.00912,0.002039,0.48721,0.49534,0.50082,0.5064,0.51858,0.229168,0.00399,0.000891,0.22182,0.22696,0.22962,0.23183,0.23579,0.269985,0.00593,0.001327,0.2596,0.26532,0.27162,0.27379,0.27878,0.229168,0.00399,0.000891,0.22182,0.22696,0.22962,0.23183,0.23579,0.499154,0.00912,0.002039,0.48142,0.4936,0.49918,0.50466,0.51279
10.75,0.484344,0.00908,0.00203,0.47086,0.47863,0.48474,0.48976,0.50197,0.231258,0.00391,0.000874,0.2245,0.22883,0.23184,0.2338,0.23768,0.284398,0.0061,0.001364,0.27347,0.27956,0.28607,0.2885,0.29309,0.231258,0.00391,0.000874,0.2245,0.22883,0.23184,0.2338,0.23768,0.515656,0.00908,0.00203,0.49803,0.51024,0.51526,0.52137,0.52914
11.0,0.468666,0.00901,0.002015,0.45535,0.46286,0.46926,0.47411,0.48635,0.232442,0.00367,0.000822,0.22595,0.23025,0.23302,0.23478,0.23834,0.298892,0.0062,0.001387,0.28755,0.29413,0.30034,0.30346,0.30794,0.232442,0.00367,0.000822,0.22595,0.23025,0.23302,0.23478,0.23834,0.531334,0.00901,0.002015,0.51365,0.52589,0.53073,0.53714,0.54465
11.25,0.45357,0.00876,0.00196,0.44088,0.44774,0.4536,0.45864,0.47091,0.233093,0.00336,0.000751,0.22709,0.2313,0.23362,0.2352,0.23818,0.313337,0.00627,0.001402,0.30189,0.30868,0.31514,0.31795,0.3225,0.233093,0.00336,0.000751,0.22709,0.2313,0.23362,0.2352,0.23818,0.54643,0.00876,0.00196,0.52909,0.54136,0.5464,0.55226,0.55912
11.5,0.439044,0.0086,0.001922,0.42655,0.43294,0.43956,0.44377,0.45615,0.233164,0.0032,0.000716,0.2277,0.23028,0.23347,0.23555,0.23796,0.327793,0.00638,0.001426,0.31586,0.32318,0.33002,0.33226,0.33737,0.233164,0.0032,0.000716,0.2277,0.23028,0.23347,0.23555,0.23796,0.560956,0.0086,0.001922,0.54385,0.55623,0.56044,0.56706,0.57345
11.75,0.425241,0.00842,0.001882,0.41296,0.41938,0.4258,0.43004,0.4422,0.232335,0.00292,0.000653,0.22684,0.23018,0.2326,0.23447,0.2363,0.342424,0.00656,0.001466,0.33032,0.33764,0.34451,0.3474,0.35212,0.232335,0.00292,0.000653,0.22684,0.23018,0.2326,0.23447,0.2363,0.574758,0.00842,0.001882,0.5578,0.56996,0.5742,0.58062,0.58704
12.0,0.411904,0.00819,0.001832,0.3999,0.40618,0.41232,0.41693,0.42829,0.231152,0.00276,0.000616,0.22606,0.22892,0.2316,0.23325,0.23459,0.356944,0.00671,0.0015,0.34457,0.35197,0.35912,0.36198,0.36669,0.231152,0.00276,0.000616,0.22606,0.22892,0.2316,0.23325,0.23459,0.588096,0.00819,0.001832,0.57171,0.58307,0.58768,0.59382,0.6001
12.25,0.399331,0.00806,0.001801,0.3875,0.39383,0.40005,0.40379,0.41587,0.22918,0.00287,0.000642,0.22405,0.22728,0.23004,0.23134,0.23332,0.371488,0.00678,0.001516,0.35911,0.36644,0.37379,0.37645,0.3816,0.22918,0.00287,0.000642,0.22405,0.22728,0.23004,0.23134,0.23332,0.600668,0.00806,0.001801,0.58413,0.59621,0.59995,0.60617,0.6125
12.5,0.387469,0.00782,0.001749,0.37612,0.38167,0.3883,0.39145,0.40372,0.226807,0.00274,0.000614,0.22208,0.22524,0.22702,0.22844,0.23067,0.385724,0.00703,0.001572,0.37291,0.38012,0.3877,0.39102,0.39621,0.226807,0.00274,0.000614,0.22208,0.22524,0.22702,0.22844,0.23067,0.612531,0.00782,0.001749,0.59628,0.60855,0.6117,0.61833,0.62388
12.75,0.376088,0.00756,0.00169,0.36479,0.37051,0.37686,0.37991,0.3919,0.224045,0.00263,0.000589,0.21972,0.22256,0.2242,0.22568,0.22814,0.399866,0.00708,0.001583,0.38684,0.39446,0.4018,0.40539,0.41025,0.224045,0.00263,0.000589,0.21972,0.22256,0.2242,0.22568,0.22814,0.623912,0.00756,0.00169,0.6081,0.62009,0.62314,0.62949,0.63521
13.0,0.365443,0.00725,0.001622,0.3547,0.35996,0.36629,0.36897,0.38052,0.220716,0.00244,0.000547,0.21692,0.21886,0.22071,0.22244,0.22496,0.41384,0.00701,0.001566,0.40118,0.40859,0.41495,0.41976,0.4242,0.220716,0.00244,0.000547,0.21692,0.21886,0.22071,0.22244,0.22496,0.634557,0.00725,0.001622,0.61948,0.63103,0.63371,0.64004,0.6453
13.25,0.355402,0.00697,0.001558,0.34534,0.35014,0.35628,0.35859,0.37,0.216975,0.00232,0.000518,0.21299,0.21547,0.21682,0.2188,0.22078,0.427623,0.00703,0.001573,0.4144,0.42261,0.4289,0.43313,0.43799,0.216975,0.00232,0.000518,0.21299,0.21547,0.21682,0.2188,0.22078,0.644598,0.00697,0.001558,0.63,0.64141,0.64372,0.64986,0.65466
13.5,0.345833,0.00663,0.001483,0.33612,0.34074,0.34667,0.349,0.3596,0.213206,0.0023,0.000515,0.20934,0.21171,0.21299,0.21474,0.21712,0.440962,0.00702,0.001571,0.42744,0.4361,0.44236,0.44616,0.45115,0.213206,0.0023,0.000515,0.20934,0.21171,0.21299,0.21474,0.21712,0.654168,0.00663,0.001483,0.6404,0.65101,0.65332,0.65926,0.66388
13.75,0.336941,0.00629,0.001407,0.32801,0.33174,0.3378,0.34025,0.34997,0.20887,0.00225,0.000503,0.2052,0.20734,0.20884,0.21034,0.21273,0.454189,0.00693,0.001549,0.44066,0.44926,0.45528,0.45874,0.46428,0.20887,0.00225,0.000503,0.2052,0.20734,0.20884,0.21034,0.21273,0.663059,0.00629,0.001407,0.65003,0.65975,0.6622,0.66826,0.67199
14.0,0.328391,0.00607,0.001358,0.31996,0.32346,0.32928,0.3316,0.34096,0.204475,0.00223,0.000498,0.20068,0.20282,0.20494,0.20587,0.20801,0.467133,0.00677,0.001515,0.45349,0.46255,0.46842,0.47163,0.47661,0.204475,0.00223,0.000498,0.20068,0.20282,0.20494,0.20587,0.20801,0.671608,0.00607,0.001358,0.65904,0.6684,0.67072,0.67654,0.68004
14.25,0.320275,0.00592,0.001324,0.31205,0.3153,0.32069,0.32351,0.33257,0.199864,0.00226,0.000506,0.19561,0.19826,0.20018,0.20137,0.20313,0.47986,0.00672,0.001502,0.46592,0.47524,0.48098,0.48437,0.48909,0.199864,0.00226,0.000506,0.19561,0.19826,0.20018,0.20137,0.20313,0.679725,0.00592,0.001324,0.66743,0.67649,0.6793,0.6847,0.68795
14.5,0.3128,0.00584,0.001305,0.30476,0.30781,0.31307,0.31596,0.32502,0.194956,0.00237,0.000529,0.19067,0.19342,0.19544,0.19656,0.1985,0.492245,0.00671,0.0015,0.47837,0.48764,0.49338,0.49686,0.5013,0.194956,0.00237,0.000529,0.19067,0.19342,0.19544,0.19656,0.1985,0.687201,0.00584,0.001305,0.67498,0.68404,0.68693,0.69219,0.69524
14.75,0.305726,0.00573,0.001281,0.29818,0.30086,0.30551,0.30895,0.31765,0.189907,0.00262,0.000585,0.18556,0.18835,0.19011,0.19174,0.19399,0.504366,0.00669,0.001496,0.49056,0.49989,0.50528,0.5094,0.51327,0.189907,0.00262,0.000585,0.18556,0.18835,0.19011,0.19174,0.19399,0.694274,0.00573,0.001281,0.68235,0.69104,0.69448,0.69914,0.70182
15.0,0.299118,0.0054,0.001207,0.29186,0.29446,0.29887,0.30232,0.3103,0.184816,0.00287,0.000642,0.18031,0.18256,0.18496,0.18711,0.18939,0.516066,0.00675,0.00151,0.50229,0.51145,0.51723,0.52087,0.52515,0.184816,0.00287,0.000642,0.18031,0.18256,0.18496,0.18711,0.18939,0.700881,0.0054,0.001207,0.6897,0.69768,0.70114,0.70554,0.70814
15.25,0.292927,0.00533,0.001191,0.28592,0.28825,0.2928,0.2963,0.30391,0.179638,0.00289,0.000647,0.17525,0.17739,0.17998,0.18157,0.18425,0.527434,0.00667,0.001492,0.514,0.52281,0.52834,0.53212,0.53655,0.179638,0.00289,0.000647,0.17525,0.17739,0.17998,0.18157,0.18425,0.707073,0.00533,0.001191,0.69609,0.7037,0.7072,0.71175,0.71408
15.5,0.287103,0.00516,0.001155,0.28047,0.28278,0.28677,0.29037,0.29789,0.174337,0.00292,0.000653,0.17038,0.17196,0.17434,0.17643,0.17949,0.53856,0.00665,0.001486,0.52501,0.5342,0.53882,0.54343,0.54744,0.174337,0.00292,0.000653,0.17038,0.17196,0.17434,0.17643,0.17949,0.712897,0.00516,0.001155,0.70211,0.70963,0.71324,0.71722,0.71953
15.75,0.281695,0.00503,0.001125,0.27515,0.2776,0.28114,0.28472,0.29246,0.168986,0.00299,0.000669,0.16541,0.16598,0.16916,0.17074,0.17434,0.54932,0.00652,0.001458,0.53607,0.54546,0.54922,0.55439,0.55802,0.168986,0.00299,0.000669,0.16541,0.16598,0.16916,0.17074,0.17434,0.718306,0.00503,0.001125,0.70754,0.71528,0.71886,0.7224,0.72485
16.0,0.276644,0.00494,0.001105,0.26993,0.27281,0.2761,0.27965,0.28702,0.163694,0.00317,0.000708,0.15976,0.16063,0.1637,0.16604,0.16876,0.559662,0.00659,0.001473,0.54611,0.55544,0.5596,0.56433,0.56863,0.163694,0.00317,0.000708,0.15976,0.16063,0.1637,0.16604,0.16876,0.723356,0.00494,0.001105,0.71298,0.72035,0.7239,0.72719,0.73007
16.25,0.271719,0.00473,0.001059,0.2652,0.26825,0.27114,0.27442,0.28146,0.158438,0.00324,0.000725,0.15444,0.15526,0.15834,0.16111,0.16347,0.569844,0.00646,0.001445,0.55674,0.56583,0.56967,0.57438,0.57876,0.158438,0.00324,0.000725,0.15444,0.15526,0.15834,0.16111,0.16347,0.728281,0.00473,0.001059,0.71854,0.72558,0.72886,0.73175,0.7348
16.5,0.267198,0.00452,0.00101,0.26115,0.26384,0.26658,0.2698,0.27644,0.153222,0.00318,0.000711,0.14918,0.15025,0.15337,0.15563,0.15819,0.579581,0.00618,0.001381,0.56709,0.57584,0.57928,0.58419,0.58808,0.153222,0.00318,0.000711,0.14918,0.15025,0.15337,0.15563,0.15819,0.732802,0.00452,0.00101,0.72356,0.7302,0.73342,0.73615,0.73885
16.75,0.263014,0.00444,0.000993,0.25725,0.25987,0.26246,0.26548,0.2719,0.147961,0.00322,0.000719,0.14367,0.14508,0.14808,0.15069,0.15294,0.589025,0.0061,0.001365,0.57659,0.58523,0.58871,0.59366,0.59735,0.147961,0.00322,0.000719,0.14367,0.14508,0.14808,0.15069,0.15294,0.736986,0.00444,0.000993,0.7281,0.73452,0.73754,0.74012,0.74275
17.0,0.259007,0.00428,0.000956,0.25341,0.25605,0.2587,0.26119,0.26737,0.142885,0.00315,0.000704,0.13865,0.13985,0.143,0.14568,0.14774,0.598108,0.00587,0.001312,0.586,0.59472,0.5977,0.60251,0.60589,0.142885,0.00315,0.000704,0.13865,0.13985,0.143,0.14568,0.14774,0.740994,0.00428,0.000956,0.73263,0.73881,0.7413,0.74395,0.74659
17.25,0.255318,0.00415,0.000928,0.24963,0.25263,0.25498,0.25739,0.26325,0.137836,0.00314,0.000702,0.13379,0.13488,0.13812,0.1402,0.14259,0.606846,0.00578,0.001293,0.595,0.60323,0.60644,0.61124,0.6144,0.137836,0.00314,0.000702,0.13379,0.13488,0.13812,0.1402,0.14259,0.744682,0.00415,0.000928,0.73675,0.74261,0.74502,0.74737,0.75037
17.5,0.251828,0.00405,0.000906,0.24611,0.24949,0.25157,0.25378,0.25956,0.132801,0.0031,0.000694,0.12861,0.12967,0.1335,0.13502,0.13734,0.615371,0.00562,0.001257,0.60396,0.6117,0.61528,0.61977,0.62276,0.132801,0.0031,0.000694,0.12861,0.12967,0.1335,0.13502,0.13734,0.748172,0.00405,0.000906,0.74044,0.74622,0.74843,0.75051,0.75389
17.75,0.24864,0.00396,0.000885,0.24311,0.24628,0.24839,0.25078,0.25627,0.12773,0.00301,0.000673,0.12378,0.12484,0.12816,0.12965,0.13241,0.623629,0.00549,0.001228,0.61248,0.62,0.62318,0.6281,0.63073,0.12773,0.00301,0.000673,0.12378,0.12484,0.12816,0.12965,0.13241,0.75136,0.00396,0.000885,0.74373,0.74922,0.75161,0.75372,0.75689
18.0,0.245608,0.00397,0.000887,0.23995,0.24327,0.24533,0.24771,0.25309,0.12298,0.00292,0.000653,0.11919,0.12026,0.12358,0.12493,0.12741,0.631412,0.00534,0.001193,0.62052,0.62792,0.63098,0.63592,0.63826,0.12298,0.00292,0.000653,0.11919,0.12026,0.12358,0.12493,0.12741,0.754392,0.00397,0.000887,0.74691,0.75229,0.75467,0.75673,0.76005
18.25,0.242796,0.0039,0.000873,0.23714,0.24058,0.24263,0.24458,0.25029,0.118276,0.00278,0.000622,0.11462,0.11563,0.11882,0.12037,0.12248,0.638927,0.00514,0.001149,0.62848,0.63572,0.63848,0.643,0.64566,0.118276,0.00278,0.000622,0.11462,0.11563,0.11882,0.12037,0.12248,0.757204,0.0039,0.000873,0.74971,0.75542,0.75737,0.75942,0.76286
18.5,0.240151,0.00382,0.000853,0.23457,0.23782,0.23982,0.24195,0.24761,0.113637,0.0028,0.000626,0.10986,0.1111,0.11406,0.11575,0.11779,0.646212,0.00514,0.00115,0.63571,0.6433,0.64558,0.65039,0.65292,0.113637,0.0028,0.000626,0.10986,0.1111,0.11406,0.11575,0.11779,0.759849,0.00382,0.000853,0.75239,0.75805,0.76018,0.76218,0.76543
18.75,0.237662,0.00375,0.000839,0.23216,0.23529,0.23728,0.23957,0.24501,0.109133,0.00289,0.000645,0.10512,0.10659,0.10935,0.11136,0.11342,0.653205,0.00509,0.001138,0.64275,0.65044,0.65262,0.6574,0.65982,0.109133,0.00289,0.000645,0.10512,0.10659,0.10935,0.11136,0.11342,0.762338,0.00375,0.000839,0.75499,0.76043,0.76272,0.76471,0.76784
19.0,0.235375,0.00366,0.000819,0.22995,0.23297,0.23492,0.23723,0.24249,0.104676,0.00283,0.000632,0.10083,0.10211,0.10512,0.10672,0.10908,0.659949,0.00498,0.001113,0.64956,0.65732,0.65966,0.66396,0.66637,0.104676,0.00283,0.000632,0.10083,0.10211,0.10512,0.10672,0.10908,0.764625,0.00366,0.000819,0.75751,0.76277,0.76508,0.76703,0.77005
19.25,0.233183,0.00356,0.000797,0.22793,0.23066,0.23277,0.23499,0.2401,0.100398,0.00284,0.000636,0.09644,0.0979,0.10095,0.10213,0.10499,0.666418,0.00491,0.001098,0.65599,0.66407,0.66632,0.67061,0.67277,0.100398,0.00284,0.000636,0.09644,0.0979,0.10095,0.10213,0.10499,0.766817,0.00356,0.000797,0.7599,0.76501,0.76723,0.76934,0.77207
19.5,0.231139,0.00356,0.000796,0.22586,0.22854,0.23078,0.23302,0.23808,0.096256,0.00281,0.000628,0.09205,0.09386,0.09651,0.09798,0.10079,0.672605,0.00478,0.00107,0.66242,0.6704,0.67268,0.67658,0.67862,0.096256,0.00281,0.000628,0.09205,0.09386,0.09651,0.09798,0.10079,0.768861,0.00356,0.000796,0.76192,0.76698,0.76922,0.77146,0.77414
19.75,0.229189,0.0035,0.000783,0.22405,0.22657,0.22884,0.23109,0.23607,0.09235,0.0029,0.000648,0.08821,0.08964,0.09229,0.09421,0.09713,0.678461,0.00484,0.001082,0.66825,0.67625,0.67856,0.68258,0.68453,0.09235,0.0029,0.000648,0.08821,0.08964,0.09229,0.09421,0.09713,0.770811,0.0035,0.000783,0.76393,0.76891,0.77116,0.77343,0.77595
20.0,0.227376,0.00348,0.000779,0.22221,0.22477,0.22704,0.2294,0.23424,0.088409,0.00262,0.000586,0.08462,0.0862,0.08834,0.09028,0.09281,0.684215,0.00466,0.001041,0.67452,0.68171,0.68451,0.68802,0.69019,0.088409,0.00262,0.000586,0.08462,0.0862,0.08834,0.09028,0.09281,0.772624,0.00348,0.000779,0.76576,0.7706,0.77296,0.77523,0.77779
20.25,0.225633,0.00345,0.000772,0.22046,0.22304,0.22532,0.22744,0.23243,0.084731,0.00261,0.000584,0.0809,0.0825,0.0846,0.08644,0.08916,0.689636,0.00464,0.001037,0.68003,0.68696,0.68979,0.69336,0.69563,0.084731,0.00261,0.000584,0.0809,0.0825,0.0846,0.08644,0.08916,0.774367,0.00345,0.000772,0.76757,0.77256,0.77468,0.77696,0.77954
20.5,0.224084,0.00345,0.000772,0.21882,0.22136,0.22372,0.2259,0.23086,0.081062,0.00257,0.000575,0.07727,0.07892,0.08113,0.08274,0.08531,0.694855,0.00456,0.00102,0.68529,0.6922,0.69512,0.69845,0.7006,0.081062,0.00257,0.000575,0.07727,0.07892,0.08113,0.08274,0.08531,0.775916,0.00345,0.000772,0.76914,0.7741,0.77628,0.77864,0.78118
20.75,0.222572,0.00344,0.000769,0.21728,0.2198,0.22212,0.22451,0.22928,0.077612,0.00258,0.000576,0.0737,0.07554,0.07775,0.0793,0.08186,0.699816,0.00444,0.000993,0.69059,0.69722,0.69992,0.70326,0.70553,0.077612,0.00258,0.000576,0.0737,0.07554,0.07775,0.0793,0.08186,0.777428,0.00344,0.000769,0.77072,0.77549,0.77788,0.7802,0.78272
21.0,0.221184,0.00344,0.000768,0.21593,0.21838,0.22068,0.22317,0.22788,0.07422,0.0025,0.000559,0.0705,0.07226,0.07416,0.07606,0.07834,0.704596,0.00435,0.000973,0.69563,0.70212,0.70479,0.70783,0.71018,0.07422,0.0025,0.000559,0.0705,0.07226,0.07416,0.07606,0.07834,0.778816,0.00344,0.000768,0.77212,0.77683,0.77932,0.78162,0.78407
21.25,0.219881,0.0034,0.000761,0.21472,0.21716,0.21933,0.22192,0.22645,0.070989,0.00243,0.000543,0.06737,0.06903,0.07081,0.0728,0.0748,0.70913,0.00424,0.000948,0.70041,0.70666,0.70946,0.71227,0.71461,0.070989,0.00243,0.000543,0.06737,0.06903,0.07081,0.0728,0.0748,0.780119,0.0034,0.000761,0.77355,0.77808,0.78067,0.78284,0.78528
21.5,0.218694,0.00336,0.000752,0.21362,0.21607,0.21818,0.22066,0.2252,0.067814,0.00237,0.000529,0.06464,0.06584,0.0675,0.06978,0.07151,0.713492,0.00412,0.000921,0.70494,0.71118,0.71355,0.71642,0.71896,0.067814,0.00237,0.000529,0.06464,0.06584,0.0675,0.06978,0.07151,0.781306,0.00336,0.000752,0.7748,0.77934,0.78182,0.78393,0.78638
21.75,0.217518,0.00335,0.000749,0.21255,0.21487,0.21712,0.21951,0.22402,0.064866,0.0023,0.000515,0.06169,0.0628,0.06466,0.06664,0.06858,0.717616,0.00403,0.000902,0.70926,0.71539,0.71788,0.72044,0.7232,0.064866,0.0023,0.000515,0.06169,0.0628,0.06466,0.06664,0.06858,0.782481,0.00335,0.000749,0.77598,0.78049,0.78288,0.78513,0.78745
22.0,0.216434,0.00335,0.00075,0.21131,0.21393,0.21594,0.21837,0.22293,0.061932,0.00224,0.000501,0.05902,0.05997,0.06185,0.06378,0.06531,0.721633,0.004,0.000894,0.71355,0.71936,0.72182,0.72458,0.72728,0.061932,0.00224,0.000501,0.05902,0.05997,0.06185,0.06378,0.06531,0.783566,0.00335,0.00075,0.77707,0.78163,0.78406,0.78607,0.78869
22.25,0.215463,0.00334,0.000747,0.21041,0.21298,0.21494,0.21732,0.22188,0.059023,0.00208,0.000466,0.05618,0.05726,0.05884,0.06078,0.06236,0.725514,0.00388,0.000867,0.71768,0.72343,0.72572,0.728,0.73107,0.059023,0.00208,0.000466,0.05618,0.05726,0.05884,0.06078,0.06236,0.784537,0.00334,0.000747,0.77812,0.78268,0.78506,0.78702,0.78959
22.5,0.214495,0.00337,0.000755,0.20941,0.21198,0.21398,0.21632,0.22096,0.056396,0.00207,0.000463,0.0537,0.05464,0.05639,0.05819,0.0598,0.72911,0.00385,0.000861,0.72134,0.72689,0.72906,0.73154,0.73468,0.056396,0.00207,0.000463,0.0537,0.05464,0.05639,0.05819,0.0598,0.785505,0.00337,0.000755,0.77904,0.78367,0.78602,0.78802,0.79059
22.75,0.21359,0.00338,0.000756,0.20837,0.21112,0.21318,0.21546,0.22,0.053853,0.00204,0.000457,0.05101,0.05225,0.05382,0.05559,0.05706,0.732558,0.00381,0.000853,0.72484,0.73036,0.73248,0.73493,0.73807,0.053853,0.00204,0.000457,0.05101,0.05225,0.05382,0.05559,0.05706,0.78641,0.00338,0.000756,0.78,0.78454,0.78682,0.78888,0.79163
23.0,0.212773,0.00337,0.000754,0.20759,0.21032,0.2124,0.21474,0.21908,0.051286,0.00195,0.000435,0.04842,0.04972,0.05123,0.05276,0.05425,0.735942,0.00371,0.000829,0.72844,0.73359,0.73606,0.73843,0.74118,0.051286,0.00195,0.000435,0.04842,0.04972,0.05123,0.05276,0.05425,0.787228,0.00337,0.000754,0.78092,0.78526,0.7876,0.78968,0.79241
23.25,0.212,0.00334,0.000746,0.20684,0.20955,0.2116,0.21389,0.21822,0.048926,0.00183,0.000409,0.04622,0.0476,0.04886,0.05022,0.05176,0.739074,0.00368,0.000824,0.7317,0.73689,0.73936,0.74132,0.74437,0.048926,0.00183,0.000409,0.04622,0.0476,0.04886,0.05022,0.05176,0.788,0.00334,0.000746,0.78178,0.78611,0.7884,0.79045,0.79316
23.5,0.211249,0.00331,0.000741,0.20616,0.20892,0.21079,0.21318,0.21737,0.046647,0.00178,0.000397,0.04401,0.04526,0.04668,0.04789,0.04962,0.742104,0.00369,0.000826,0.73473,0.74004,0.74246,0.74444,0.74749,0.046647,0.00178,0.000397,0.04401,0.04526,0.04668,0.04789,0.04962,0.788751,0.00331,0.000741,0.78263,0.78682,0.78921,0.79108,0.79384
23.75,0.210554,0.00331,0.00074,0.20547,0.20818,0.21015,0.21245,0.21667,0.044473,0.00164,0.000367,0.04221,0.04326,0.04427,0.0457,0.04728,0.744974,0.00363,0.000812,0.73786,0.74303,0.7451,0.74715,0.75046,0.044473,0.00164,0.000367,0.04221,0.04326,0.04427,0.0457,0.04728,0.789446,0.00331,0.00074,0.78333,0.78755,0.78984,0.79182,0.79453
24.0,0.209927,0.0033,0.000738,0.20479,0.20747,0.20962,0.21178,0.21595,0.042421,0.00156,0.000348,0.04025,0.04114,0.04234,0.04344,0.04525,0.747652,0.00362,0.000809,0.74063,0.74584,0.74777,0.74982,0.75309,0.042421,0.00156,0.000348,0.04025,0.04114,0.04234,0.04344,0.04525,0.790074,0.0033,0.000738,0.78405,0.78822,0.79038,0.79253,0.79521
24.25,0.209311,0.00328,0.000733,0.20417,0.20689,0.20905,0.21111,0.21529,0.040474,0.00149,0.000332,0.03848,0.03937,0.04029,0.04154,0.04323,0.750215,0.0036,0.000806,0.74335,0.74837,0.7505,0.75244,0.75557,0.040474,0.00149,0.000332,0.03848,0.03937,0.04029,0.04154,0.04323,0.790689,0.00328,0.000733,0.78471,0.78889,0.79095,0.79311,0.79583
24.5,0.208722,0.00324,0.000726,0.2036,0.20633,0.20848,0.21052,0.21463,0.038632,0.00146,0.000326,0.03671,0.03745,0.03836,0.03971,0.0415,0.752646,0.00359,0.000804,0.74585,0.75076,0.75288,0.75486,0.75801,0.038632,0.00146,0.000326,0.03671,0.03745,0.03836,0.03971,0.0415,0.791277,0.00324,0.000726,0.78537,0.78948,0.79152,0.79367,0.7964
24.75,0.208146,0.00324,0.000723,0.2031,0.20578,0.208,0.21004,0.21406,0.036898,0.0014,0.000314,0.03498,0.03586,0.03673,0.03788,0.03957,0.754956,0.00354,0.000792,0.7482,0.75323,0.75518,0.75721,0.76018,0.036898,0.0014,0.000314,0.03498,0.03586,0.03673,0.03788,0.03957,0.791854,0.00324,0.000723,0.78594,0.78996,0.792,0.79422,0.7969
25.0,0.207662,0.00325,0.000726,0.20256,0.20528,0.20762,0.20954,0.21352,0.035134,0.00133,0.000297,0.03328,0.0342,0.03488,0.03606,0.0376,0.757204,0.0035,0.000783,0.75055,0.75545,0.75745,0.7593,0.76254,0.035134,0.00133,0.000297,0.03328,0.0342,0.03488,0.03606,0.0376,0.792338,0.00325,0.000726,0.78648,0.79046,0.79238,0.79472,0.79744
25.25,0.2072,0.00324,0.000724,0.20214,0.20484,0.20722,0.20907,0.21302,0.033449,0.0013,0.000291,0.03157,0.03246,0.03338,0.03418,0.03584,0.75935,0.00349,0.000781,0.75268,0.75767,0.75964,0.76158,0.76479,0.033449,0.0013,0.000291,0.03157,0.03246,0.03338,0.03418,0.03584,0.792799,0.00324,0.000724,0.78698,0.79093,0.79279,0.79516,0.79786
25.5,0.206773,0.00323,0.000723,0.20173,0.20437,0.20678,0.20866,0.21259,0.031838,0.00123,0.000276,0.0301,0.0308,0.03162,0.0326,0.03418,0.76139,0.00346,0.000773,0.75492,0.75968,0.7616,0.76373,0.76683,0.031838,0.00123,0.000276,0.0301,0.0308,0.03162,0.0326,0.03418,0.793227,0.00323,0.000723,0.78741,0.79135,0.79322,0.79563,0.79827
25.75,0.206365,0.00321,0.000718,0.2014,0.20391,0.20636,0.20821,0.21212,0.030372,0.00116,0.00026,0.02884,0.02948,0.03014,0.03101,0.03264,0.763263,0.00346,0.000773,0.75672,0.76155,0.76336,0.76578,0.76866,0.030372,0.00116,0.00026,0.02884,0.02948,0.03014,0.03101,0.03264,0.793635,0.00321,0.000718,0.78788,0.79179,0.79364,0.79609,0.7986
26.0,0.205972,0.00319,0.000713,0.20105,0.20347,0.20605,0.20784,0.21165,0.028932,0.00116,0.000259,0.02744,0.02809,0.0287,0.02959,0.03124,0.765097,0.00345,0.000772,0.7585,0.76339,0.76518,0.76749,0.77045,0.028932,0.00116,0.000259,0.02744,0.02809,0.0287,0.02959,0.03124,0.794028,0.00319,0.000713,0.78835,0.79216,0.79395,0.79653,0.79895
26.25,0.205602,0.00317,0.000709,0.20069,0.20313,0.20571,0.20743,0.21124,0.027529,0.00111,0.000249,0.02614,0.02673,0.02726,0.02817,0.02976,0.76687,0.00344,0.000769,0.76026,0.76527,0.76699,0.76931,0.77232,0.027529,0.00111,0.000249,0.02614,0.02673,0.02726,0.02817,0.02976,0.794398,0.00317,0.000709,0.78876,0.79257,0.79428,0.79687,0.79931
26.5,0.205265,0.00317,0.000709,0.20038,0.2028,0.20544,0.20703,0.21097,0.0262,0.00109,0.000243,0.02473,0.02557,0.02581,0.02695,0.02835,0.768534,0.00345,0.000772,0.76191,0.76686,0.76864,0.77102,0.77402,0.0262,0.00109,0.000243,0.02473,0.02557,0.02581,0.02695,0.02835,0.794734,0.00317,0.000709,0.78903,0.79297,0.79456,0.7972,0.79962
26.75,0.20492,0.00316,0.000707,0.20011,0.20231,0.2051,0.20673,0.21061,0.02495,0.00107,0.000239,0.02351,0.02433,0.02473,0.02563,0.02714,0.770129,0.00346,0.000773,0.76349,0.76848,0.77042,0.77263,0.77564,0.02495,0.00107,0.000239,0.02351,0.02433,0.02473,0.02563,0.02714,0.79508,0.00316,0.000707,0.78939,0.79327,0.79489,0.79769,0.79989
27.0,0.204617,0.00318,0.000711,0.19977,0.20196,0.20488,0.20642,0.21033,0.023762,0.001,0.000225,0.0223,0.02318,0.02358,0.02443,0.02579,0.771621,0.00341,0.000764,0.76511,0.76987,0.77206,0.77406,0.77704,0.023762,0.001,0.000225,0.0223,0.02318,0.02358,0.02443,0.02579,0.795384,0.00318,0.000711,0.78967,0.79358,0.79513,0.79804,0.80023
27.25,0.204353,0.00317,0.000709,0.19953,0.20175,0.20464,0.20622,0.21005,0.022598,0.00096,0.000214,0.02129,0.02202,0.02242,0.02333,0.02451,0.77305,0.00339,0.000759,0.76663,0.77121,0.7735,0.77554,0.77848,0.022598,0.00096,0.000214,0.02129,0.02202,0.02242,0.02333,0.02451,0.795648,0.00317,0.000709,0.78995,0.79378,0.79536,0.79825,0.80047
27.5,0.204095,0.00316,0.000706,0.19927,0.20147,0.2044,0.206,0.20972,0.02145,0.00098,0.000219,0.0201,0.02083,0.02132,0.02222,0.02341,0.774454,0.00335,0.00075,0.76826,0.7726,0.77482,0.77691,0.77993,0.02145,0.00098,0.000219,0.0201,0.02083,0.02132,0.02222,0.02341,0.795904,0.00316,0.000706,0.79028,0.794,0.7956,0.79853,0.80073
27.75,0.203836,0.00314,0.000702,0.19905,0.2012,0.20414,0.2057,0.20943,0.020453,0.00091,0.000204,0.01918,0.01987,0.02032,0.02118,0.02219,0.775712,0.00332,0.000742,0.76963,0.77381,0.7761,0.77821,0.78116,0.020453,0.00091,0.000204,0.01918,0.01987,0.02032,0.02118,0.02219,0.796164,0.00314,0.000702,0.79057,0.7943,0.79586,0.7988,0.80095
28.0,0.203612,0.00313,0.0007,0.19885,0.20096,0.20393,0.20543,0.20919,0.019432,0.00085,0.000191,0.01816,0.01883,0.01934,0.02008,0.02107,0.776955,0.0033,0.000737,0.7709,0.77497,0.77732,0.77964,0.78229,0.019432,0.00085,0.000191,0.01816,0.01883,0.01934,0.02008,0.02107,0.796388,0.00313,0.0007,0.79081,0.79457,0.79606,0.79904,0.80115
28.25,0.203397,0.00314,0.000702,0.19862,0.20075,0.20376,0.20523,0.20896,0.018453,0.00085,0.000189,0.01718,0.01786,0.01835,0.0189,0.02002,0.778149,0.00329,0.000735,0.77204,0.7762,0.77846,0.78074,0.78338,0.018453,0.00085,0.000189,0.01718,0.01786,0.01835,0.0189,0.02002,0.796603,0.00314,0.000702,0.79104,0.79477,0.79624,0.79925,0.80138
28.5,0.20319,0.00312,0.000697,0.19847,0.20057,0.20357,0.20498,0.20874,0.01751,0.00077,0.000172,0.01636,0.01695,0.01748,0.01784,0.01895,0.779301,0.00327,0.000731,0.77319,0.77741,0.7796,0.78191,0.78449,0.01751,0.00077,0.000172,0.01636,0.01695,0.01748,0.01784,0.01895,0.796811,0.00312,0.000697,0.79126,0.79502,0.79643,0.79943,0.80153
28.75,0.202986,0.00311,0.000695,0.19824,0.20038,0.20338,0.20488,0.20846,0.016653,0.00076,0.000169,0.01548,0.01618,0.01656,0.01691,0.01802,0.780361,0.00327,0.000731,0.77416,0.77858,0.7806,0.78291,0.78555,0.016653,0.00076,0.000169,0.01548,0.01618,0.01656,0.01691,0.01802,0.797014,0.00311,0.000695,0.79154,0.79512,0.79662,0.79962,0.80176
29.0,0.202806,0.00309,0.000692,0.19807,0.2002,0.20321,0.20468,0.20824,0.015771,0.00071,0.000159,0.01461,0.01544,0.01561,0.01613,0.01702,0.781423,0.00322,0.000719,0.7754,0.77969,0.7816,0.78402,0.78654,0.015771,0.00071,0.000159,0.01461,0.01544,0.01561,0.01613,0.01702,0.797194,0.00309,0.000692,0.79176,0.79532,0.79679,0.7998,0.80193
29.25,0.202622,0.00308,0.00069,0.19789,0.20007,0.20299,0.2045,0.20805,0.014961,0.00071,0.000159,0.0138,0.01464,0.01484,0.01522,0.01623,0.782417,0.00321,0.000718,0.77633,0.78067,0.78264,0.78503,0.7874,0.014961,0.00071,0.000159,0.0138,0.01464,0.01484,0.01522,0.01623,0.797378,0.00308,0.00069,0.79195,0.7955,0.797,0.79993,0.80211
29.5,0.20246,0.00309,0.000691,0.19774,0.19988,0.20286,0.20438,0.2079,0.014201,0.00069,0.000153,0.01315,0.01382,0.01413,0.01443,0.01543,0.783338,0.00322,0.00072,0.77726,0.7816,0.78348,0.78593,0.78837,0.014201,0.00069,0.000153,0.01315,0.01382,0.01413,0.01443,0.01543,0.797539,0.00309,0.000691,0.7921,0.79562,0.79714,0.80011,0.80226
29.75,0.202313,0.00307,0.000687,0.1976,0.19972,0.20268,0.20426,0.20772,0.013513,0.00066,0.000147,0.01251,0.01318,0.01348,0.01371,0.01471,0.784174,0.00321,0.000717,0.77812,0.7824,0.7843,0.78674,0.78918,0.013513,0.00066,0.000147,0.01251,0.01318,0.01348,0.01371,0.01471,0.797687,0.00307,0.000687,0.79228,0.79574,0.79732,0.80028,0.8024
30.0,0.202175,0.00307,0.000687,0.19745,0.19958,0.20252,0.20413,0.20756,0.012796,0.00066,0.000147,0.01176,0.01251,0.01274,0.01303,0.01398,0.785028,0.00319,0.000714,0.77896,0.78329,0.78514,0.78759,0.79,0.012796,0.00066,0.000147,0.01176,0.01251,0.01274,0.01303,0.01398,0.797825,0.00307,0.000687,0.79244,0.79587,0.79748,0.80042,0.80255
30.25,0.202039,0.00308,0.000689,0.19734,0.19938,0.20242,0.20399,0.20741,0.012146,0.00064,0.000143,0.01113,0.01178,0.0121,0.01238,0.01327,0.785814,0.00317,0.000709,0.7798,0.7841,0.78598,0.78833,0.79068,0.012146,0.00064,0.000143,0.01113,0.01178,0.0121,0.01238,0.01327,0.797961,0.00308,0.000689,0.79259,0.79601,0.79758,0.80062,0.80266
30.5,0.201922,0.00309,0.00069,0.1972,0.19926,0.20234,0.20383,0.20732,0.011567,0.0006,0.000134,0.01063,0.01127,0.01156,0.01176,0.01264,0.786512,0.00316,0.000706,0.78058,0.78481,0.78662,0.78897,0.79142,0.011567,0.0006,0.000134,0.01063,0.01127,0.01156,0.01176,0.01264,0.798079,0.00309,0.00069,0.79268,0.79617,0.79766,0.80074,0.8028
30.75,0.201804,0.00309,0.00069,0.19709,0.19915,0.2022,0.20368,0.20723,0.010996,0.00058,0.000129,0.01002,0.0108,0.01094,0.01123,0.01204,0.787201,0.00315,0.000705,0.78127,0.7855,0.78722,0.78964,0.79209,0.010996,0.00058,0.000129,0.01002,0.0108,0.01094,0.01123,0.01204,0.798197,0.00309,0.00069,0.79277,0.79632,0.7978,0.80085,0.80291
31.0,0.201686,0.00308,0.000689,0.19697,0.19909,0.20202,0.20358,0.20712,0.010447,0.00056,0.000126,0.00948,0.01021,0.01044,0.01063,0.01145,0.787866,0.00314,0.000701,0.78205,0.78599,0.78778,0.79036,0.79274,0.010447,0.00056,0.000126,0.00948,0.01021,0.01044,0.01063,0.01145,0.798314,0.00308,0.000689,0.79288,0.79642,0.79798,0.80091,0.80303
31.25,0.201582,0.00307,0.000687,0.1969,0.19898,0.20191,0.20348,0.20701,0.00992,0.00056,0.000126,0.009,0.00965,0.00993,0.01012,0.01098,0.788498,0.00315,0.000704,0.78264,0.78655,0.78841,0.79099,0.79344,0.00992,0.00056,0.000126,0.009,0.00965,0.00993,0.01012,0.01098,0.798418,0.00307,0.000687,0.79299,0.79652,0.79809,0.80102,0.8031
31.5,0.201472,0.00307,0.000686,0.19679,0.19888,0.2018,0.20338,0.20689,0.00944,0.00053,0.000119,0.00854,0.00917,0.00944,0.00969,0.01037,0.789088,0.00314,0.000703,0.78325,0.78718,0.78907,0.79159,0.79405,0.00944,0.00053,0.000119,0.00854,0.00917,0.00944,0.00969,0.01037,0.798528,0.00307,0.000686,0.79311,0.79662,0.7982,0.80112,0.80321
31.75,0.201382,0.00306,0.000685,0.19672,0.19881,0.2017,0.20331,0.20678,0.008938,0.0005,0.000112,0.00806,0.00869,0.00896,0.0092,0.00983,0.78968,0.00312,0.000698,0.78384,0.7878,0.78968,0.79214,0.79458,0.008938,0.0005,0.000112,0.00806,0.00869,0.00896,0.0092,0.00983,0.798618,0.00306,0.000685,0.79322,0.79669,0.7983,0.80119,0.80328
32.0,0.201298,0.00306,0.000684,0.19666,0.19871,0.20161,0.20322,0.20669,0.008461,0.00046,0.000104,0.00767,0.00823,0.00841,0.0087,0.00937,0.790241,0.0031,0.000694,0.78444,0.78848,0.79019,0.79276,0.79505,0.008461,0.00046,0.000104,0.00767,0.00823,0.00841,0.0087,0.00937,0.798702,0.00306,0.000684,0.79331,0.79678,0.79839,0.80129,0.80334
32.25,0.20122,0.00306,0.000684,0.19658,0.19865,0.20152,0.20317,0.20662,0.008006,0.00045,0.000101,0.0072,0.00778,0.00802,0.00823,0.00885,0.790774,0.0031,0.000694,0.78501,0.78892,0.79074,0.79326,0.79555,0.008006,0.00045,0.000101,0.0072,0.00778,0.00802,0.00823,0.00885,0.79878,0.00306,0.000684,0.79338,0.79683,0.79848,0.80135,0.80342
32.5,0.201131,0.00305,0.000683,0.19651,0.19858,0.20144,0.20309,0.20652,0.007575,0.00043,9.6e-5,0.00682,0.00732,0.00767,0.00776,0.00832,0.791294,0.00309,0.000691,0.78557,0.78932,0.79126,0.79383,0.79604,0.007575,0.00043,9.6e-5,0.00682,0.00732,0.00767,0.00776,0.00832,0.79887,0.00305,0.000683,0.79348,0.79691,0.79856,0.80142,0.80349
32.75,0.201055,0.00305,0.000683,0.19645,0.19852,0.20136,0.203,0.20647,0.007166,0.00042,9.3e-5,0.00638,0.00689,0.00728,0.00736,0.0079,0.791779,0.0031,0.000693,0.78606,0.78974,0.79168,0.79431,0.79655,0.007166,0.00042,9.3e-5,0.00638,0.00689,0.00728,0.00736,0.0079,0.798946,0.00305,0.000683,0.79353,0.797,0.79864,0.80148,0.80355
33.0,0.200986,0.00305,0.000682,0.19638,0.19847,0.20126,0.20293,0.20642,0.006814,0.00037,8.4e-5,0.00616,0.00656,0.00684,0.00699,0.0075,0.7922,0.00309,0.000691,0.78651,0.79022,0.79208,0.7947,0.79695,0.006814,0.00037,8.4e-5,0.00616,0.00656,0.00684,0.00699,0.0075,0.799013,0.00305,0.000682,0.79358,0.79707,0.79874,0.80153,0.80362
33.25,0.200926,0.00304,0.00068,0.19632,0.19846,0.20121,0.20288,0.20632,0.006458,0.00038,8.6e-5,0.00579,0.00616,0.00652,0.00667,0.00716,0.792615,0.00309,0.00069,0.78698,0.79066,0.7925,0.79511,0.79739,0.006458,0.00038,8.6e-5,0.00579,0.00616,0.00652,0.00667,0.00716,0.799074,0.00304,0.00068,0.79368,0.79712,0.7988,0.80154,0.80368
33.5,0.200869,0.00304,0.00068,0.19627,0.19838,0.20114,0.20282,0.20628,0.006119,0.00036,8.1e-5,0.00547,0.0059,0.0061,0.00628,0.00682,0.793012,0.00308,0.000689,0.78736,0.79109,0.79288,0.79552,0.79775,0.006119,0.00036,8.1e-5,0.00547,0.0059,0.0061,0.00628,0.00682,0.799131,0.00304,0.00068,0.79372,0.79718,0.79886,0.80162,0.80373
33.75,0.200803,0.00304,0.000679,0.19621,0.19833,0.20108,0.20274,0.20622,0.005833,0.00036,8.1e-5,0.00516,0.00561,0.00587,0.00596,0.0065,0.793364,0.00307,0.000686,0.78773,0.79138,0.79332,0.79584,0.79806,0.005833,0.00036,8.1e-5,0.00516,0.00561,0.00587,0.00596,0.0065,0.799197,0.00304,0.000679,0.79378,0.79726,0.79892,0.80167,0.80379
34.0,0.200753,0.00304,0.000679,0.19615,0.19831,0.20104,0.20269,0.20617,0.005533,0.00037,8.4e-5,0.00482,0.00536,0.0055,0.00569,0.0062,0.793714,0.00309,0.00069,0.78806,0.79175,0.79364,0.7963,0.79839,0.005533,0.00037,8.4e-5,0.00482,0.00536,0.0055,0.00569,0.0062,0.799247,0.00304,0.000679,0.79383,0.79731,0.79896,0.80169,0.80385
34.25,0.2007,0.00304,0.00068,0.19609,0.19826,0.20098,0.20262,0.20613,0.005228,0.00036,7.9e-5,0.00457,0.00508,0.0052,0.00544,0.00584,0.794072,0.00308,0.000689,0.78842,0.79216,0.79402,0.79662,0.79871,0.005228,0.00036,7.9e-5,0.00457,0.00508,0.0052,0.00544,0.00584,0.799299,0.00304,0.00068,0.79387,0.79738,0.79902,0.80174,0.80391
34.5,0.20065,0.00305,0.000681,0.19602,0.19821,0.2009,0.20259,0.2061,0.004961,0.00034,7.6e-5,0.00434,0.0048,0.00494,0.00516,0.00551,0.79439,0.00309,0.000691,0.78869,0.7925,0.79434,0.79689,0.799,0.004961,0.00034,7.6e-5,0.00434,0.0048,0.00494,0.00516,0.00551,0.79935,0.00305,0.000681,0.7939,0.79741,0.7991,0.80179,0.80398
34.75,0.200601,0.00304,0.000681,0.19599,0.19814,0.20086,0.20254,0.20604,0.0047,0.00031,7.0e-5,0.00415,0.00458,0.00467,0.00487,0.00524,0.794698,0.00309,0.000691,0.78898,0.79287,0.79466,0.79728,0.79926,0.0047,0.00031,7.0e-5,0.00415,0.00458,0.00467,0.00487,0.00524,0.799399,0.00304,0.000681,0.79396,0.79746,0.79914,0.80186,0.80401
35.0,0.20056,0.00304,0.000679,0.19596,0.19811,0.2008,0.2025,0.206,0.004457,0.00031,6.9e-5,0.00392,0.00429,0.00443,0.0047,0.00495,0.794984,0.0031,0.000693,0.78929,0.79312,0.79492,0.7976,0.79954,0.004457,0.00031,6.9e-5,0.00392,0.00429,0.00443,0.0047,0.00495,0.79944,0.00304,0.000679,0.794,0.7975,0.7992,0.80189,0.80404
35.25,0.200524,0.00304,0.000679,0.19592,0.19808,0.20077,0.20244,0.20595,0.004212,0.00029,6.4e-5,0.00374,0.00403,0.00421,0.00445,0.00466,0.795264,0.0031,0.000692,0.78961,0.7934,0.79512,0.79789,0.79983,0.004212,0.00029,6.4e-5,0.00374,0.00403,0.00421,0.00445,0.00466,0.799476,0.00304,0.000679,0.79405,0.79756,0.79923,0.80192,0.80408
35.5,0.200492,0.00303,0.000678,0.19588,0.19805,0.20071,0.20243,0.2059,0.003983,0.00028,6.2e-5,0.00357,0.00376,0.00396,0.00429,0.00437,0.795525,0.00309,0.000691,0.78997,0.7936,0.79531,0.79814,0.80009,0.003983,0.00028,6.2e-5,0.00357,0.00376,0.00396,0.00429,0.00437,0.799507,0.00303,0.000678,0.7941,0.79757,0.79928,0.80195,0.80412
35.75,0.200461,0.00303,0.000678,0.19583,0.19804,0.20067,0.2024,0.20588,0.003777,0.00027,6.0e-5,0.0034,0.00356,0.00376,0.00404,0.00419,0.795762,0.00312,0.000697,0.79015,0.79383,0.79556,0.79844,0.80039,0.003777,0.00027,6.0e-5,0.0034,0.00356,0.00376,0.00404,0.00419,0.799539,0.00303,0.000678,0.79412,0.7976,0.79933,0.80196,0.80417
36.0,0.200429,0.00303,0.000677,0.19581,0.19801,0.20064,0.20237,0.20583,0.00358,0.00026,5.9e-5,0.00322,0.00338,0.00355,0.00383,0.00399,0.795991,0.00311,0.000695,0.79043,0.79405,0.79576,0.79863,0.80065,0.00358,0.00026,5.9e-5,0.00322,0.00338,0.00355,0.00383,0.00399,0.799571,0.00303,0.000677,0.79417,0.79763,0.79936,0.80199,0.80419
36.25,0.200403,0.00303,0.000677,0.19578,0.19796,0.2006,0.20234,0.20582,0.003393,0.00026,5.7e-5,0.00304,0.00318,0.00336,0.0036,0.00379,0.796204,0.0031,0.000693,0.7907,0.79432,0.79596,0.79884,0.80086,0.003393,0.00026,5.7e-5,0.00304,0.00318,0.00336,0.0036,0.00379,0.799597,0.00303,0.000677,0.79418,0.79766,0.7994,0.80204,0.80422
36.5,0.200373,0.00303,0.000677,0.19573,0.19792,0.20058,0.20232,0.20577,0.003219,0.00025,5.6e-5,0.00285,0.00303,0.00318,0.00342,0.00362,0.796409,0.00309,0.00069,0.79088,0.79454,0.79614,0.79902,0.80104,0.003219,0.00025,5.6e-5,0.00285,0.00303,0.00318,0.00342,0.00362,0.799627,0.00303,0.000677,0.79423,0.79768,0.79942,0.80208,0.80427
36.75,0.200351,0.00303,0.000677,0.1957,0.19792,0.20053,0.20232,0.20575,0.003048,0.00023,5.1e-5,0.00271,0.00289,0.00303,0.0032,0.00342,0.7966,0.00309,0.00069,0.7911,0.79479,0.79636,0.79919,0.80125,0.003048,0.00023,5.1e-5,0.00271,0.00289,0.00303,0.0032,0.00342,0.799649,0.00303,0.000677,0.79425,0.79768,0.79947,0.80208,0.8043
37.0,0.200328,0.00303,0.000678,0.19566,0.1979,0.2005,0.20229,0.20574,0.002872,0.00022,4.9e-5,0.00253,0.00274,0.00285,0.00301,0.00327,0.7968,0.00309,0.000691,0.79131,0.79496,0.7966,0.7994,0.80149,0.002872,0.00022,4.9e-5,0.00253,0.00274,0.00285,0.00301,0.00327,0.799672,0.00303,0.000678,0.79426,0.79771,0.7995,0.8021,0.80434
37.25,0.200305,0.00303,0.000678,0.19565,0.19787,0.20048,0.20226,0.20573,0.002736,0.00022,4.9e-5,0.00239,0.00256,0.00271,0.00288,0.00314,0.79696,0.0031,0.000693,0.79141,0.7951,0.79679,0.79952,0.80164,0.002736,0.00022,4.9e-5,0.00239,0.00256,0.00271,0.00288,0.00314,0.799695,0.00303,0.000678,0.79427,0.79774,0.79952,0.80213,0.80435
37.5,0.200282,0.00303,0.000677,0.19562,0.19786,0.20046,0.20222,0.2057,0.0026,0.0002,4.4e-5,0.00226,0.00244,0.00259,0.00274,0.00293,0.797118,0.00308,0.000689,0.79162,0.79524,0.79693,0.79964,0.80177,0.0026,0.0002,4.4e-5,0.00226,0.00244,0.00259,0.00274,0.00293,0.799718,0.00303,0.000677,0.7943,0.79778,0.79954,0.80214,0.80438
37.75,0.200262,0.00303,0.000678,0.19559,0.19784,0.20044,0.2022,0.20569,0.002461,0.00018,4.0e-5,0.00217,0.00234,0.00245,0.00262,0.00277,0.797276,0.00308,0.000689,0.79181,0.79537,0.79709,0.79981,0.80195,0.002461,0.00018,4.0e-5,0.00217,0.00234,0.00245,0.00262,0.00277,0.799738,0.00303,0.000678,0.79431,0.7978,0.79956,0.80216,0.80441
38.0,0.200245,0.00303,0.000678,0.19559,0.19784,0.20043,0.20219,0.20567,0.002324,0.00017,3.7e-5,0.00205,0.0022,0.00234,0.00244,0.00259,0.79743,0.00307,0.000687,0.79195,0.79553,0.79726,0.79995,0.80212,0.002324,0.00017,3.7e-5,0.00205,0.0022,0.00234,0.00244,0.00259,0.799755,0.00303,0.000678,0.79433,0.79781,0.79957,0.80216,0.80441
38.25,0.200227,0.00303,0.000677,0.19557,0.19783,0.2004,0.20216,0.20566,0.002213,0.00016,3.6e-5,0.00191,0.00212,0.00223,0.00232,0.00246,0.79756,0.00306,0.000685,0.79208,0.79568,0.79738,0.80008,0.80221,0.002213,0.00016,3.6e-5,0.00191,0.00212,0.00223,0.00232,0.00246,0.799772,0.00303,0.000677,0.79434,0.79784,0.7996,0.80217,0.80443
38.5,0.200208,0.00302,0.000676,0.19557,0.19782,0.20038,0.20213,0.20564,0.002094,0.00016,3.6e-5,0.00182,0.00197,0.00212,0.0022,0.00236,0.797697,0.00306,0.000683,0.7922,0.79579,0.79751,0.80017,0.80234,0.002094,0.00016,3.6e-5,0.00182,0.00197,0.00212,0.0022,0.00236,0.799791,0.00302,0.000676,0.79436,0.79787,0.79962,0.80218,0.80443
38.75,0.200192,0.00303,0.000676,0.19554,0.1978,0.20036,0.2021,0.20562,0.00199,0.00016,3.6e-5,0.00172,0.00184,0.002,0.0021,0.00224,0.797818,0.00306,0.000684,0.79232,0.79592,0.79764,0.8003,0.80247,0.00199,0.00016,3.6e-5,0.00172,0.00184,0.002,0.0021,0.00224,0.799808,0.00303,0.000676,0.79438,0.7979,0.79964,0.8022,0.80446
39.0,0.200178,0.00303,0.000677,0.19552,0.1978,0.20035,0.20209,0.20562,0.001872,0.00016,3.5e-5,0.00162,0.00176,0.00187,0.00196,0.00215,0.79795,0.00306,0.000685,0.79248,0.79603,0.79775,0.80039,0.80262,0.001872,0.00016,3.5e-5,0.00162,0.00176,0.00187,0.00196,0.00215,0.799822,0.00303,0.000677,0.79438,0.79791,0.79965,0.8022,0.80448
39.25,0.20017,0.00303,0.000677,0.19551,0.1978,0.20034,0.20207,0.20561,0.001764,0.00016,3.5e-5,0.00152,0.00167,0.0018,0.00188,0.00203,0.798066,0.00307,0.000686,0.79255,0.79616,0.79786,0.80049,0.80273,0.001764,0.00016,3.5e-5,0.00152,0.00167,0.0018,0.00188,0.00203,0.79983,0.00303,0.000677,0.79439,0.79793,0.79966,0.8022,0.80449
39.5,0.200158,0.00303,0.000677,0.1955,0.19778,0.20034,0.20207,0.20559,0.001664,0.00017,3.7e-5,0.00141,0.00152,0.0017,0.00178,0.00195,0.798178,0.00307,0.000685,0.79268,0.79622,0.79796,0.80058,0.80284,0.001664,0.00017,3.7e-5,0.00141,0.00152,0.0017,0.00178,0.00195,0.799842,0.00303,0.000677,0.79441,0.79793,0.79966,0.80221,0.8045
39.75,0.200146,0.00303,0.000677,0.19549,0.19777,0.20032,0.20206,0.20559,0.001571,0.00016,3.6e-5,0.00136,0.00142,0.0016,0.00169,0.00184,0.798283,0.00307,0.000687,0.79275,0.7963,0.7981,0.80066,0.80296,0.001571,0.00016,3.6e-5,0.00136,0.00142,0.0016,0.00169,0.00184,0.799854,0.00303,0.000677,0.79441,0.79794,0.79968,0.80223,0.80451
40.0,0.200136,0.00303,0.000678,0.19547,0.19777,0.2003,0.20206,0.20559,0.001493,0.00016,3.7e-5,0.00128,0.00133,0.00152,0.00161,0.00178,0.798371,0.00308,0.000688,0.79284,0.79637,0.7982,0.80071,0.80307,0.001493,0.00016,3.7e-5,0.00128,0.00133,0.00152,0.00161,0.00178,0.799864,0.00303,0.000678,0.79441,0.79794,0.7997,0.80223,0.80453
40.25,0.200128,0.00303,0.000677,0.19547,0.19776,0.20028,0.20205,0.20556,0.001401,0.00015,3.3e-5,0.00121,0.00126,0.00143,0.00152,0.00162,0.798471,0.00309,0.00069,0.79294,0.79643,0.79828,0.80082,0.80319,0.001401,0.00015,3.3e-5,0.00121,0.00126,0.00143,0.00152,0.00162,0.799872,0.00303,0.000677,0.79444,0.79795,0.79972,0.80224,0.80453
40.5,0.20012,0.00303,0.000677,0.19546,0.19776,0.20028,0.20203,0.20555,0.001312,0.00013,3.0e-5,0.00115,0.00119,0.0013,0.00142,0.00156,0.798568,0.00307,0.000687,0.79309,0.7965,0.79841,0.80088,0.8033,0.001312,0.00013,3.0e-5,0.00115,0.00119,0.0013,0.00142,0.00156,0.79988,0.00303,0.000677,0.79445,0.79797,0.79972,0.80224,0.80454
40.75,0.200108,0.00303,0.000677,0.19545,0.19775,0.20026,0.20202,0.20554,0.001248,0.00012,2.7e-5,0.00107,0.00116,0.00126,0.00132,0.00146,0.798644,0.00306,0.000685,0.79319,0.7966,0.79846,0.80093,0.80339,0.001248,0.00012,2.7e-5,0.00107,0.00116,0.00126,0.00132,0.00146,0.799892,0.00303,0.000677,0.79446,0.79798,0.79974,0.80225,0.80455
41.0,0.2001,0.00303,0.000678,0.19542,0.19774,0.20026,0.20202,0.20553,0.001181,0.00011,2.5e-5,0.00101,0.0011,0.00118,0.00126,0.00137,0.798719,0.00306,0.000685,0.79328,0.79665,0.79854,0.80098,0.80348,0.001181,0.00011,2.5e-5,0.00101,0.0011,0.00118,0.00126,0.00137,0.7999,0.00303,0.000678,0.79447,0.79798,0.79974,0.80226,0.80458
41.25,0.200094,0.00303,0.000677,0.19541,0.19774,0.20025,0.20202,0.20552,0.001109,0.0001,2.3e-5,0.00092,0.00105,0.00108,0.0012,0.00129,0.798797,0.00304,0.00068,0.79341,0.79678,0.79858,0.80105,0.80356,0.001109,0.0001,2.3e-5,0.00092,0.00105,0.00108,0.0012,0.00129,0.799906,0.00303,0.000677,0.79448,0.79798,0.79975,0.80226,0.80459
41.5,0.200087,0.00303,0.000677,0.19541,0.19774,0.20024,0.202,0.2055,0.001047,0.0001,2.3e-5,0.00085,0.00099,0.00102,0.00112,0.00124,0.798866,0.00304,0.000679,0.79348,0.79686,0.79866,0.80108,0.80364,0.001047,0.0001,2.3e-5,0.00085,0.00099,0.00102,0.00112,0.00124,0.799912,0.00303,0.000677,0.7945,0.798,0.79976,0.80226,0.80459
41.75,0.200085,0.00303,0.000677,0.19541,0.19773,0.20024,0.202,0.2055,0.000994,0.0001,2.3e-5,0.00079,0.00093,0.001,0.00107,0.00118,0.798922,0.00304,0.00068,0.7935,0.79692,0.79874,0.80115,0.80369,0.000994,0.0001,2.3e-5,0.00079,0.00093,0.001,0.00107,0.00118,0.799915,0.00303,0.000677,0.7945,0.798,0.79976,0.80227,0.80459
42.0,0.200078,0.00303,0.000677,0.19539,0.19772,0.20022,0.202,0.2055,0.000932,9.0e-5,2.1e-5,0.00077,0.00087,0.00092,0.001,0.0011,0.79899,0.00304,0.00068,0.79356,0.79701,0.79884,0.80122,0.80374,0.000932,9.0e-5,2.1e-5,0.00077,0.00087,0.00092,0.001,0.0011,0.799922,0.00303,0.000677,0.7945,0.798,0.79978,0.80228,0.80461
42.25,0.200073,0.00302,0.000676,0.19539,0.19772,0.20021,0.202,0.20549,0.000882,0.0001,2.1e-5,0.00074,0.00082,0.00086,0.00097,0.00104,0.799046,0.00304,0.000679,0.79366,0.79705,0.79891,0.80126,0.80381,0.000882,0.0001,2.1e-5,0.00074,0.00082,0.00086,0.00097,0.00104,0.799927,0.00302,0.000676,0.79451,0.798,0.79978,0.80228,0.80461
42.5,0.200065,0.00302,0.000676,0.19539,0.19772,0.20021,0.20199,0.20548,0.000838,0.0001,2.3e-5,0.00069,0.00076,0.00082,0.00092,0.00102,0.799097,0.00303,0.000677,0.79373,0.79713,0.79897,0.80129,0.80384,0.000838,0.0001,2.3e-5,0.00069,0.00076,0.00082,0.00092,0.00102,0.799935,0.00302,0.000676,0.79452,0.79801,0.7998,0.80228,0.80461
42.75,0.20006,0.00302,0.000675,0.19538,0.19772,0.2002,0.20198,0.20548,0.000788,0.0001,2.2e-5,0.00064,0.00072,0.00076,0.00087,0.00096,0.799151,0.00303,0.000678,0.79377,0.79718,0.79902,0.80137,0.80389,0.000788,0.0001,2.2e-5,0.00064,0.00072,0.00076,0.00087,0.00096,0.79994,0.00302,0.000675,0.79452,0.79802,0.7998,0.80228,0.80462
43.0,0.200054,0.00302,0.000675,0.19538,0.19772,0.20018,0.20198,0.20548,0.000742,0.0001,2.2e-5,0.00059,0.00068,0.00073,0.00079,0.00094,0.799204,0.00304,0.00068,0.79381,0.79723,0.79905,0.8014,0.80398,0.000742,0.0001,2.2e-5,0.00059,0.00068,0.00073,0.00079,0.00094,0.799946,0.00302,0.000675,0.79452,0.79802,0.79982,0.80228,0.80462
43.25,0.200052,0.00302,0.000676,0.19537,0.19771,0.20018,0.20198,0.20547,0.000698,0.0001,2.1e-5,0.00054,0.00064,0.00068,0.00075,0.00088,0.79925,0.00304,0.000679,0.79387,0.79728,0.7991,0.80145,0.80401,0.000698,0.0001,2.1e-5,0.00054,0.00064,0.00068,0.00075,0.00088,0.799948,0.00302,0.000676,0.79453,0.79802,0.79982,0.80229,0.80463
43.5,0.200049,0.00302,0.000676,0.19537,0.19771,0.20017,0.20198,0.20547,0.00066,0.0001,2.1e-5,0.0005,0.0006,0.00066,0.00073,0.00085,0.799291,0.00303,0.000679,0.79391,0.79735,0.79914,0.80148,0.80404,0.00066,0.0001,2.1e-5,0.0005,0.0006,0.00066,0.00073,0.00085,0.799952,0.00302,0.000676,0.79453,0.79802,0.79983,0.8023,0.80463
43.75,0.200044,0.00303,0.000677,0.19536,0.1977,0.20016,0.20198,0.20547,0.000626,9.0e-5,2.0e-5,0.00048,0.00055,0.00062,0.0007,0.00078,0.79933,0.00303,0.000678,0.79394,0.79738,0.7992,0.80153,0.80407,0.000626,9.0e-5,2.0e-5,0.00048,0.00055,0.00062,0.0007,0.00078,0.799956,0.00303,0.000677,0.79453,0.79802,0.79984,0.8023,0.80464
44.0,0.200043,0.00303,0.000677,0.19536,0.1977,0.20016,0.20197,0.20547,0.000587,8.0e-5,1.8e-5,0.00044,0.00053,0.0006,0.00064,0.00072,0.799371,0.00303,0.000678,0.79396,0.79743,0.79924,0.80158,0.80411,0.000587,8.0e-5,1.8e-5,0.00044,0.00053,0.0006,0.00064,0.00072,0.799958,0.00303,0.000677,0.79453,0.79803,0.79984,0.8023,0.80464
44.25,0.200035,0.00303,0.000677,0.19535,0.1977,0.20014,0.20197,0.20546,0.000564,8.0e-5,1.8e-5,0.00042,0.00051,0.00056,0.00062,0.0007,0.799401,0.00303,0.000677,0.794,0.79744,0.79928,0.80163,0.80413,0.000564,8.0e-5,1.8e-5,0.00042,0.00051,0.00056,0.00062,0.0007,0.799965,0.00303,0.000677,0.79454,0.79803,0.79986,0.8023,0.80465
44.5,0.200034,0.00303,0.000677,0.19535,0.1977,0.20014,0.20196,0.20546,0.000534,8.0e-5,1.8e-5,0.0004,0.00048,0.00054,0.0006,0.00067,0.799431,0.00302,0.000676,0.79403,0.79751,0.7993,0.80167,0.80416,0.000534,8.0e-5,1.8e-5,0.0004,0.00048,0.00054,0.0006,0.00067,0.799966,0.00303,0.000677,0.79454,0.79804,0.79986,0.8023,0.80465
44.75,0.200032,0.00303,0.000677,0.19534,0.19769,0.20014,0.20196,0.20546,0.000504,8.0e-5,1.7e-5,0.00038,0.00044,0.00052,0.00054,0.00062,0.799464,0.00302,0.000675,0.79407,0.79752,0.79933,0.80172,0.80419,0.000504,8.0e-5,1.7e-5,0.00038,0.00044,0.00052,0.00054,0.00062,0.799968,0.00303,0.000677,0.79454,0.79805,0.79986,0.80231,0.80466
45.0,0.200027,0.00303,0.000677,0.19534,0.19769,0.20014,0.20194,0.20546,0.000482,7.0e-5,1.7e-5,0.00036,0.00043,0.00048,0.00054,0.0006,0.799491,0.00302,0.000675,0.7941,0.79757,0.79935,0.80173,0.80422,0.000482,7.0e-5,1.7e-5,0.00036,0.00043,0.00048,0.00054,0.0006,0.799972,0.00303,0.000677,0.79454,0.79806,0.79986,0.80231,0.80466
45.25,0.200027,0.00303,0.000676,0.19534,0.19769,0.20014,0.20194,0.20546,0.000453,7.0e-5,1.7e-5,0.00033,0.00041,0.00045,0.00051,0.00057,0.79952,0.00302,0.000675,0.79411,0.79762,0.79938,0.80178,0.80424,0.000453,7.0e-5,1.7e-5,0.00033,0.00041,0.00045,0.00051,0.00057,0.799973,0.00303,0.000676,0.79454,0.79806,0.79986,0.80231,0.80466
45.5,0.200024,0.00303,0.000676,0.19534,0.19769,0.20014,0.20194,0.20546,0.00043,7.0e-5,1.6e-5,0.00033,0.00036,0.00042,0.00047,0.00056,0.799545,0.00301,0.000673,0.79414,0.79766,0.7994,0.80182,0.80425,0.00043,7.0e-5,1.6e-5,0.00033,0.00036,0.00042,0.00047,0.00056,0.799976,0.00303,0.000676,0.79454,0.79806,0.79986,0.80231,0.80466
45.75,0.200021,0.00302,0.000676,0.19534,0.19769,0.20013,0.20193,0.20546,0.000402,8.0e-5,1.7e-5,0.00029,0.00034,0.0004,0.00044,0.00054,0.799576,0.00301,0.000673,0.79418,0.7977,0.79943,0.80186,0.80428,0.000402,8.0e-5,1.7e-5,0.00029,0.00034,0.0004,0.00044,0.00054,0.799979,0.00302,0.000676,0.79454,0.79807,0.79987,0.80231,0.80466
46.0,0.20002,0.00302,0.000676,0.19534,0.19769,0.20013,0.20193,0.20546,0.000375,7.0e-5,1.6e-5,0.00026,0.00033,0.00037,0.00042,0.0005,0.799604,0.00301,0.000673,0.7942,0.79772,0.79947,0.80188,0.80432,0.000375,7.0e-5,1.6e-5,0.00026,0.00033,0.00037,0.00042,0.0005,0.79998,0.00302,0.000676,0.79454,0.79807,0.79987,0.80231,0.80466
46.25,0.200019,0.00302,0.000676,0.19534,0.19769,0.20012,0.20193,0.20546,0.000352,6.0e-5,1.4e-5,0.00025,0.0003,0.00035,0.00038,0.00046,0.799629,0.00301,0.000673,0.79422,0.79777,0.79952,0.80189,0.80433,0.000352,6.0e-5,1.4e-5,0.00025,0.0003,0.00035,0.00038,0.00046,0.799982,0.00302,0.000676,0.79454,0.79807,0.79988,0.80231,0.80466
46.5,0.200017,0.00303,0.000676,0.19533,0.19769,0.20012,0.20193,0.20546,0.000327,6.0e-5,1.2e-5,0.00024,0.00029,0.00032,0.00036,0.00042,0.799656,0.00301,0.000673,0.79423,0.79778,0.79954,0.80192,0.80435,0.000327,6.0e-5,1.2e-5,0.00024,0.00029,0.00032,0.00036,0.00042,0.799983,0.00303,0.000676,0.79454,0.79807,0.79988,0.80231,0.80467
46.75,0.200014,0.00303,0.000677,0.19533,0.19769,0.20012,0.20192,0.20546,0.000308,5.0e-5,1.2e-5,0.00022,0.00027,0.00031,0.00034,0.00041,0.799678,0.003,0.000672,0.79426,0.7978,0.79956,0.80193,0.80435,0.000308,5.0e-5,1.2e-5,0.00022,0.00027,0.00031,0.00034,0.00041,0.799986,0.00303,0.000677,0.79454,0.79808,0.79988,0.80231,0.80467
47.0,0.200014,0.00303,0.000677,0.19533,0.19769,0.20012,0.20192,0.20545,0.000292,5.0e-5,1.2e-5,0.00021,0.00025,0.0003,0.00032,0.00039,0.799694,0.003,0.000672,0.79427,0.79782,0.79956,0.80194,0.80437,0.000292,5.0e-5,1.2e-5,0.00021,0.00025,0.0003,0.00032,0.00039,0.799986,0.00303,0.000677,0.79455,0.79808,0.79988,0.80231,0.80467
47.25,0.200013,0.00303,0.000677,0.19533,0.19769,0.20012,0.20192,0.20545,0.000274,5.0e-5,1.2e-5,0.00019,0.00023,0.00027,0.00031,0.00037,0.799712,0.00301,0.000672,0.79428,0.79783,0.79958,0.80197,0.80438,0.000274,5.0e-5,1.2e-5,0.00019,0.00023,0.00027,0.00031,0.00037,0.799987,0.00303,0.000677,0.79455,0.79808,0.79988,0.80231,0.80467
47.5,0.200012,0.00303,0.000677,0.19533,0.19769,0.20012,0.20192,0.20545,0.000255,5.0e-5,1.2e-5,0.00016,0.00022,0.00025,0.00029,0.00035,0.799732,0.00301,0.000673,0.7943,0.79786,0.79959,0.80197,0.80441,0.000255,5.0e-5,1.2e-5,0.00016,0.00022,0.00025,0.00029,0.00035,0.799988,0.00303,0.000677,0.79455,0.79808,0.79988,0.80231,0.80467
47.75,0.200011,0.00303,0.000677,0.19533,0.19769,0.20011,0.20192,0.20545,0.00024,5.0e-5,1.2e-5,0.00014,0.00021,0.00024,0.00028,0.00034,0.799749,0.00302,0.000675,0.7943,0.79786,0.7996,0.802,0.80444,0.00024,5.0e-5,1.2e-5,0.00014,0.00021,0.00024,0.00028,0.00034,0.799989,0.00303,0.000677,0.79455,0.79808,0.79989,0.80231,0.80467
48.0,0.20001,0.00303,0.000677,0.19533,0.19769,0.2001,0.20192,0.20545,0.000226,5.0e-5,1.2e-5,0.00014,0.0002,0.00021,0.00026,0.00032,0.799764,0.00302,0.000676,0.79431,0.79787,0.79962,0.80202,0.80445,0.000226,5.0e-5,1.2e-5,0.00014,0.0002,0.00021,0.00026,0.00032,0.799989,0.00303,0.000677,0.79455,0.79808,0.7999,0.80231,0.80467
48.25,0.200009,0.00303,0.000677,0.19532,0.19769,0.2001,0.20192,0.20545,0.000212,6.0e-5,1.3e-5,0.00012,0.00018,0.0002,0.00025,0.00032,0.799779,0.00302,0.000675,0.79434,0.7979,0.79963,0.80204,0.80448,0.000212,6.0e-5,1.3e-5,0.00012,0.00018,0.0002,0.00025,0.00032,0.799991,0.00303,0.000677,0.79455,0.79808,0.7999,0.80231,0.80468
48.5,0.200008,0.00303,0.000677,0.19532,0.19768,0.20009,0.20192,0.20545,0.000202,6.0e-5,1.3e-5,0.00012,0.00016,0.00019,0.00025,0.00031,0.79979,0.00302,0.000676,0.79435,0.79791,0.79964,0.80206,0.80449,0.000202,6.0e-5,1.3e-5,0.00012,0.00016,0.00019,0.00025,0.00031,0.799992,0.00303,0.000677,0.79455,0.79808,0.79991,0.80231,0.80468
48.75,0.200008,0.00303,0.000677,0.19532,0.19768,0.20009,0.20192,0.20545,0.00019,6.0e-5,1.3e-5,0.00011,0.00015,0.00019,0.00022,0.00029,0.799802,0.00302,0.000675,0.79438,0.79793,0.79965,0.80209,0.80451,0.00019,6.0e-5,1.3e-5,0.00011,0.00015,0.00019,0.00022,0.00029,0.799992,0.00303,0.000677,0.79455,0.79808,0.79991,0.80231,0.80468
49.0,0.200007,0.00303,0.000677,0.19532,0.19768,0.20009,0.20192,0.20545,0.000177,5.0e-5,1.2e-5,0.0001,0.00014,0.00018,0.00021,0.00027,0.799816,0.00302,0.000676,0.79439,0.79794,0.79966,0.8021,0.80452,0.000177,5.0e-5,1.2e-5,0.0001,0.00014,0.00018,0.00021,0.00027,0.799993,0.00303,0.000677,0.79455,0.79808,0.79991,0.80232,0.80468
49.25,0.200006,0.00303,0.000677,0.19532,0.19768,0.20009,0.20192,0.20545,0.000171,5.0e-5,1.2e-5,9.0e-5,0.00014,0.00017,0.0002,0.00027,0.799823,0.00302,0.000676,0.7944,0.79794,0.79968,0.80212,0.80452,0.000171,5.0e-5,1.2e-5,9.0e-5,0.00014,0.00017,0.0002,0.00027,0.799995,0.00303,0.000677,0.79455,0.79808,0.79991,0.80232,0.80468
49.5,0.200005,0.00303,0.000677,0.19532,0.19768,0.20009,0.20192,0.20545,0.000165,5.0e-5,1.2e-5,9.0e-5,0.00013,0.00016,0.0002,0.00027,0.79983,0.00302,0.000676,0.7944,0.79794,0.79968,0.80213,0.80452,0.000165,5.0e-5,1.2e-5,9.0e-5,0.00013,0.00016,0.0002,0.00027,0.799995,0.00303,0.000677,0.79455,0.79808,0.79991,0.80232,0.80468
49.75,0.200004,0.00303,0.000677,0.19532,0.19768,0.20008,0.20192,0.20545,0.00016,5.0e-5,1.2e-5,9.0e-5,0.00012,0.00016,0.00019,0.00026,0.799836,0.00302,0.000676,0.7944,0.79796,0.7997,0.80213,0.80453,0.00016,5.0e-5,1.2e-5,9.0e-5,0.00012,0.00016,0.00019,0.00026,0.799996,0.00303,0.000677,0.79455,0.79808,0.79992,0.80232,0.80468
50.0,0.200003,0.00303,0.000677,0.19532,0.19767,0.20008,0.20192,0.20545,0.000154,5.0e-5,1.1e-5,9.0e-5,0.00012,0.00014,0.00019,0.00025,0.799842,0.00302,0.000676,0.79441,0.79796,0.7997,0.80214,0.80454,0.000154,5.0e-5,1.1e-5,9.0e-5,0.00012,0.00014,0.00019,0.00025,0.799997,0.00303,0.000677,0.79455,0.79808,0.79992,0.80233,0.80468
50.25,0.200003,0.00303,0.000677,0.19532,0.19767,0.20008,0.20192,0.20545,0.000148,5.0e-5,1.1e-5,7.0e-5,0.00012,0.00014,0.00018,0.00024,0.799849,0.00302,0.000675,0.79442,0.79797,0.79972,0.80214,0.80454,0.000148,5.0e-5,1.1e-5,7.0e-5,0.00012,0.00014,0.00018,0.00024,0.799997,0.00303,0.000677,0.79455,0.79808,0.79992,0.80233,0.80468
50.5,0.200002,0.00303,0.000677,0.19532,0.19766,0.20008,0.20192,0.20545,0.000134,5.0e-5,1.1e-5,5.0e-5,9.0e-5,0.00013,0.00017,0.00023,0.799863,0.00302,0.000674,0.79443,0.79799,0.79974,0.80216,0.80455,0.000134,5.0e-5,1.1e-5,5.0e-5,9.0e-5,0.00013,0.00017,0.00023,0.799998,0.00303,0.000677,0.79455,0.79808,0.79992,0.80234,0.80468
50.75,0.200002,0.00303,0.000677,0.19532,0.19766,0.20008,0.20192,0.20545,0.000126,4.0e-5,1.0e-5,4.0e-5,9.0e-5,0.00013,0.00016,0.0002,0.799872,0.00302,0.000675,0.79443,0.79799,0.79975,0.80217,0.80456,0.000126,4.0e-5,1.0e-5,4.0e-5,9.0e-5,0.00013,0.00016,0.0002,0.799998,0.00303,0.000677,0.79455,0.79808,0.79992,0.80234,0.80468
51.0,0.200001,0.00303,0.000678,0.19532,0.19765,0.20008,0.20192,0.20545,0.00012,4.0e-5,9.0e-6,4.0e-5,9.0e-5,0.00012,0.00014,0.00019,0.79988,0.00302,0.000675,0.79444,0.79799,0.79977,0.80218,0.80456,0.00012,4.0e-5,9.0e-6,4.0e-5,9.0e-5,0.00012,0.00014,0.00019,0.799999,0.00303,0.000678,0.79455,0.79808,0.79992,0.80235,0.80468
51.25,0.2,0.00303,0.000677,0.19532,0.19765,0.20008,0.20192,0.20544,0.000114,4.0e-5,9.0e-6,4.0e-5,9.0e-5,0.00011,0.00014,0.00019,0.799886,0.00302,0.000674,0.79444,0.798,0.79978,0.80219,0.80456,0.000114,4.0e-5,9.0e-6,4.0e-5,9.0e-5,0.00011,0.00014,0.00019,0.8,0.00303,0.000677,0.79456,0.79808,0.79992,0.80235,0.80468
51.5,0.2,0.00303,0.000677,0.19532,0.19765,0.20008,0.20192,0.20544,0.000104,4.0e-5,9.0e-6,4.0e-5,8.0e-5,0.0001,0.00012,0.00019,0.799895,0.00302,0.000675,0.79446,0.79801,0.79978,0.80222,0.80458,0.000104,4.0e-5,9.0e-6,4.0e-5,8.0e-5,0.0001,0.00012,0.00019,0.8,0.00303,0.000677,0.79456,0.79808,0.79992,0.80235,0.80468
51.75,0.2,0.00303,0.000677,0.19532,0.19764,0.20008,0.20192,0.20544,0.0001,4.0e-5,9.0e-6,3.0e-5,8.0e-5,0.0001,0.00011,0.00019,0.7999,0.00302,0.000675,0.79446,0.79801,0.79978,0.80222,0.80459,0.0001,4.0e-5,9.0e-6,3.0e-5,8.0e-5,0.0001,0.00011,0.00019,0.8,0.00303,0.000677,0.79456,0.79808,0.79992,0.80236,0.80468
52.0,0.199999,0.00303,0.000677,0.19532,0.19764,0.20008,0.20192,0.20544,9.5e-5,4.0e-5,8.0e-6,3.0e-5,7.0e-5,9.0e-5,0.00011,0.00017,0.799905,0.00302,0.000675,0.79447,0.79801,0.79979,0.80223,0.8046,9.5e-5,4.0e-5,8.0e-6,3.0e-5,7.0e-5,9.0e-5,0.00011,0.00017,0.8,0.00303,0.000677,0.79456,0.79808,0.79992,0.80236,0.80468
52.25,0.199999,0.00303,0.000677,0.19532,0.19764,0.20008,0.20192,0.20544,8.8e-5,3.0e-5,8.0e-6,3.0e-5,7.0e-5,9.0e-5,0.0001,0.00016,0.799912,0.00302,0.000675,0.79449,0.79801,0.7998,0.80223,0.8046,8.8e-5,3.0e-5,8.0e-6,3.0e-5,7.0e-5,9.0e-5,0.0001,0.00016,0.8,0.00303,0.000677,0.79456,0.79808,0.79992,0.80236,0.80468
52.5,0.199999,0.00303,0.000677,0.19532,0.19764,0.20008,0.20192,0.20544,8.0e-5,3.0e-5,7.0e-6,2.0e-5,7.0e-5,8.0e-5,9.0e-5,0.00015,0.79992,0.00302,0.000676,0.79449,0.79801,0.79982,0.80225,0.80462,8.0e-5,3.0e-5,7.0e-6,2.0e-5,7.0e-5,8.0e-5,9.0e-5,0.00015,0.8,0.00303,0.000677,0.79456,0.79808,0.79992,0.80236,0.80468
52.75,0.199999,0.00303,0.000677,0.19532,0.19764,0.20008,0.20192,0.20544,7.4e-5,3.0e-5,6.0e-6,2.0e-5,6.0e-5,7.0e-5,9.0e-5,0.00013,0.799927,0.00302,0.000676,0.7945,0.79802,0.79982,0.80225,0.80463,7.4e-5,3.0e-5,6.0e-6,2.0e-5,6.0e-5,7.0e-5,9.0e-5,0.00013,0.8,0.00303,0.000677,0.79456,0.79808,0.79992,0.80236,0.80468
53.0,0.199998,0.00303,0.000678,0.19532,0.19764,0.20008,0.20192,0.20544,7.0e-5,3.0e-5,6.0e-6,2.0e-5,5.0e-5,7.0e-5,9.0e-5,0.00012,0.799932,0.00302,0.000676,0.79451,0.79802,0.79983,0.80226,0.80464,7.0e-5,3.0e-5,6.0e-6,2.0e-5,5.0e-5,7.0e-5,9.0e-5,0.00012,0.800002,0.00303,0.000678,0.79456,0.79808,0.79992,0.80236,0.80468
53.25,0.199998,0.00303,0.000678,0.19532,0.19764,0.20007,0.20192,0.20544,6.7e-5,3.0e-5,6.0e-6,2.0e-5,5.0e-5,7.0e-5,8.0e-5,0.00012,0.799936,0.00303,0.000677,0.79451,0.79802,0.79984,0.80226,0.80464,6.7e-5,3.0e-5,6.0e-6,2.0e-5,5.0e-5,7.0e-5,8.0e-5,0.00012,0.800003,0.00303,0.000678,0.79456,0.79808,0.79993,0.80236,0.80468
53.5,0.199998,0.00303,0.000678,0.19532,0.19764,0.20007,0.20192,0.20544,6.3e-5,3.0e-5,6.0e-6,2.0e-5,4.0e-5,6.0e-5,8.0e-5,0.00011,0.79994,0.00303,0.000677,0.79452,0.79802,0.79984,0.80226,0.80464,6.3e-5,3.0e-5,6.0e-6,2.0e-5,4.0e-5,6.0e-5,8.0e-5,0.00011,0.800003,0.00303,0.000678,0.79456,0.79808,0.79993,0.80236,0.80468
53.75,0.199998,0.00303,0.000678,0.19532,0.19764,0.20007,0.20192,0.20544,6.0e-5,3.0e-5,6.0e-6,1.0e-5,4.0e-5,6.0e-5,8.0e-5,0.00011,0.799942,0.00302,0.000676,0.79453,0.79802,0.79984,0.80226,0.80465,6.0e-5,3.0e-5,6.0e-6,1.0e-5,4.0e-5,6.0e-5,8.0e-5,0.00011,0.800003,0.00303,0.000678,0.79456,0.79808,0.79993,0.80236,0.80468
54.0,0.199997,0.00303,0.000678,0.19532,0.19764,0.20006,0.20192,0.20544,5.6e-5,3.0e-5,6.0e-6,1.0e-5,4.0e-5,6.0e-5,7.0e-5,0.00011,0.799947,0.00302,0.000676,0.79454,0.79803,0.79986,0.80227,0.80465,5.6e-5,3.0e-5,6.0e-6,1.0e-5,4.0e-5,6.0e-5,7.0e-5,0.00011,0.800003,0.00303,0.000678,0.79456,0.79808,0.79994,0.80236,0.80468
54.25,0.199996,0.00303,0.000678,0.19532,0.19764,0.20006,0.20192,0.20544,5.3e-5,3.0e-5,6.0e-6,1.0e-5,3.0e-5,5.0e-5,7.0e-5,0.00011,0.799951,0.00302,0.000676,0.79454,0.79803,0.79986,0.80227,0.80465,5.3e-5,3.0e-5,6.0e-6,1.0e-5,3.0e-5,5.0e-5,7.0e-5,0.00011,0.800004,0.00303,0.000678,0.79456,0.79808,0.79994,0.80236,0.80468
54.5,0.199996,0.00303,0.000678,0.19532,0.19764,0.20006,0.20191,0.20544,5.0e-5,3.0e-5,6.0e-6,1.0e-5,3.0e-5,5.0e-5,7.0e-5,0.00011,0.799954,0.00302,0.000676,0.79454,0.79804,0.79987,0.80228,0.80465,5.0e-5,3.0e-5,6.0e-6,1.0e-5,3.0e-5,5.0e-5,7.0e-5,0.00011,0.800004,0.00303,0.000678,0.79456,0.79809,0.79994,0.80236,0.80468
54.75,0.199995,0.00303,0.000677,0.19532,0.19764,0.20006,0.20191,0.20544,4.8e-5,3.0e-5,6.0e-6,1.0e-5,3.0e-5,4.0e-5,6.0e-5,0.00011,0.799957,0.00302,0.000676,0.79454,0.79804,0.79988,0.80228,0.80466,4.8e-5,3.0e-5,6.0e-6,1.0e-5,3.0e-5,4.0e-5,6.0e-5,0.00011,0.800005,0.00303,0.000677,0.79456,0.79809,0.79994,0.80236,0.80468
55.0,0.199994,0.00303,0.000677,0.19532,0.19764,0.20006,0.20191,0.20544,4.5e-5,3.0e-5,6.0e-6,1.0e-5,2.0e-5,4.0e-5,6.0e-5,0.0001,0.79996,0.00303,0.000676,0.79454,0.79804,0.79988,0.80228,0.80466,4.5e-5,3.0e-5,6.0e-6,1.0e-5,2.0e-5,4.0e-5,6.0e-5,0.0001,0.800005,0.00303,0.000677,0.79456,0.79809,0.79994,0.80236,0.80468
55.25,0.199994,0.00303,0.000677,0.19532,0.19764,0.20006,0.20191,0.20544,4.0e-5,2.0e-5,5.0e-6,1.0e-5,2.0e-5,4.0e-5,5.0e-5,9.0e-5,0.799965,0.00303,0.000677,0.79454,0.79805,0.79988,0.8023,0.80466,4.0e-5,2.0e-5,5.0e-6,1.0e-5,2.0e-5,4.0e-5,5.0e-5,9.0e-5,0.800005,0.00303,0.000677,0.79456,0.79809,0.79994,0.80236,0.80468
55.5,0.199994,0.00303,0.000677,0.19532,0.19764,0.20006,0.20191,0.20544,3.5e-5,2.0e-5,5.0e-6,0.0,2.0e-5,4.0e-5,4.0e-5,9.0e-5,0.79997,0.00303,0.000677,0.79454,0.79806,0.7999,0.8023,0.80467,3.5e-5,2.0e-5,5.0e-6,0.0,2.0e-5,4.0e-5,4.0e-5,9.0e-5,0.800005,0.00303,0.000677,0.79456,0.79809,0.79994,0.80236,0.80468
55.75,0.199994,0.00303,0.000677,0.19532,0.19764,0.20006,0.20191,0.20544,3.4e-5,2.0e-5,5.0e-6,0.0,2.0e-5,3.0e-5,4.0e-5,8.0e-5,0.799972,0.00303,0.000677,0.79454,0.79806,0.7999,0.80231,0.80467,3.4e-5,2.0e-5,5.0e-6,0.0,2.0e-5,3.0e-5,4.0e-5,8.0e-5,0.800005,0.00303,0.000677,0.79456,0.79809,0.79994,0.80236,0.80468
56.0,0.199994,0.00303,0.000677,0.19532,0.19764,0.20006,0.20191,0.20544,3.3e-5,2.0e-5,5.0e-6,0.0,2.0e-5,3.0e-5,4.0e-5,8.0e-5,0.799973,0.00303,0.000677,0.79454,0.79806,0.7999,0.80231,0.80467,3.3e-5,2.0e-5,5.0e-6,0.0,2.0e-5,3.0e-5,4.0e-5,8.0e-5,0.800006,0.00303,0.000677,0.79456,0.79809,0.79994,0.80236,0.80468
56.25,0.199994,0.00303,0.000677,0.19532,0.19764,0.20006,0.20191,0.20544,3.3e-5,2.0e-5,5.0e-6,0.0,2.0e-5,4.0e-5,4.0e-5,8.0e-5,0.799973,0.00303,0.000677,0.79454,0.79806,0.7999,0.80231,0.80467,3.3e-5,2.0e-5,5.0e-6,0.0,2.0e-5,4.0e-5,4.0e-5,8.0e-5,0.800007,0.00303,0.000677,0.79456,0.79809,0.79994,0.80236,0.80468
56.5,0.199994,0.00303,0.000677,0.19532,0.19764,0.20006,0.20191,0.20544,3.1e-5,2.0e-5,5.0e-6,0.0,2.0e-5,3.0e-5,4.0e-5,7.0e-5,0.799976,0.00303,0.000678,0.79454,0.79806,0.7999,0.80231,0.80467,3.1e-5,2.0e-5,5.0e-6,0.0,2.0e-5,3.0e-5,4.0e-5,7.0e-5,0.800007,0.00303,0.000677,0.79456,0.79809,0.79994,0.80236,0.80468
56.75,0.199993,0.00303,0.000677,0.19532,0.19764,0.20006,0.20191,0.20544,3.0e-5,2.0e-5,4.0e-6,0.0,2.0e-5,3.0e-5,4.0e-5,7.0e-5,0.799978,0.00303,0.000678,0.79455,0.79806,0.7999,0.80232,0.80467,3.0e-5,2.0e-5,4.0e-6,0.0,2.0e-5,3.0e-5,4.0e-5,7.0e-5,0.800007,0.00303,0.000677,0.79456,0.79809,0.79994,0.80236,0.80468
57.0,0.199993,0.00303,0.000677,0.19532,0.19764,0.20006,0.20191,0.20544,2.7e-5,2.0e-5,4.0e-6,0.0,1.0e-5,3.0e-5,4.0e-5,6.0e-5,0.79998,0.00303,0.000677,0.79455,0.79806,0.7999,0.80232,0.80467,2.7e-5,2.0e-5,4.0e-6,0.0,1.0e-5,3.0e-5,4.0e-5,6.0e-5,0.800007,0.00303,0.000677,0.79456,0.79809,0.79994,0.80236,0.80468
57.25,0.199993,0.00303,0.000678,0.19532,0.19764,0.20006,0.20191,0.20544,2.6e-5,2.0e-5,4.0e-6,0.0,1.0e-5,2.0e-5,4.0e-5,7.0e-5,0.799982,0.00303,0.000677,0.79455,0.79806,0.79991,0.80232,0.80467,2.6e-5,2.0e-5,4.0e-6,0.0,1.0e-5,2.0e-5,4.0e-5,7.0e-5,0.800008,0.00303,0.000678,0.79456,0.79809,0.79994,0.80236,0.80468
57.5,0.199992,0.00303,0.000678,0.19532,0.19764,0.20006,0.20191,0.20544,2.3e-5,2.0e-5,5.0e-6,0.0,1.0e-5,2.0e-5,3.0e-5,7.0e-5,0.799985,0.00303,0.000677,0.79455,0.79806,0.79992,0.80232,0.80467,2.3e-5,2.0e-5,5.0e-6,0.0,1.0e-5,2.0e-5,3.0e-5,7.0e-5,0.800008,0.00303,0.000678,0.79456,0.79809,0.79994,0.80236,0.80468
57.75,0.199992,0.00303,0.000678,0.19532,0.19764,0.20006,0.20191,0.20544,2.2e-5,2.0e-5,4.0e-6,0.0,1.0e-5,2.0e-5,3.0e-5,6.0e-5,0.799987,0.00303,0.000677,0.79455,0.79806,0.79992,0.80233,0.80467,2.2e-5,2.0e-5,4.0e-6,0.0,1.0e-5,2.0e-5,3.0e-5,6.0e-5,0.800008,0.00303,0.000678,0.79456,0.79809,0.79994,0.80236,0.80468
58.0,0.199992,0.00303,0.000677,0.19532,0.19764,0.20006,0.20191,0.20543,2.1e-5,2.0e-5,4.0e-6,0.0,1.0e-5,2.0e-5,3.0e-5,6.0e-5,0.799988,0.00303,0.000678,0.79455,0.79806,0.79992,0.80233,0.80467,2.1e-5,2.0e-5,4.0e-6,0.0,1.0e-5,2.0e-5,3.0e-5,6.0e-5,0.800008,0.00303,0.000677,0.79457,0.79809,0.79994,0.80236,0.80468
58.25,0.199992,0.00303,0.000677,0.19532,0.19764,0.20006,0.20191,0.20543,1.9e-5,2.0e-5,4.0e-6,0.0,1.0e-5,2.0e-5,2.0e-5,6.0e-5,0.79999,0.00303,0.000678,0.79455,0.79807,0.79992,0.80234,0.80467,1.9e-5,2.0e-5,4.0e-6,0.0,1.0e-5,2.0e-5,2.0e-5,6.0e-5,0.800008,0.00303,0.000677,0.79457,0.79809,0.79994,0.80236,0.80468
58.5,0.199992,0.00303,0.000677,0.19532,0.19764,0.20006,0.20191,0.20543,1.7e-5,2.0e-5,4.0e-6,0.0,1.0e-5,1.0e-5,2.0e-5,6.0e-5,0.799992,0.00303,0.000677,0.79456,0.79808,0.79992,0.80234,0.80467,1.7e-5,2.0e-5,4.0e-6,0.0,1.0e-5,1.0e-5,2.0e-5,6.0e-5,0.800008,0.00303,0.000677,0.79457,0.79809,0.79994,0.80236,0.80468
58.75,0.199992,0.00303,0.000677,0.19532,0.19764,0.20006,0.20191,0.20543,1.4e-5,1.0e-5,3.0e-6,0.0,1.0e-5,1.0e-5,2.0e-5,5.0e-5,0.799994,0.00303,0.000677,0.79456,0.79808,0.79993,0.80235,0.80467,1.4e-5,1.0e-5,3.0e-6,0.0,1.0e-5,1.0e-5,2.0e-5,5.0e-5,0.800008,0.00303,0.000677,0.79457,0.79809,0.79994,0.80236,0.80468
59.0,0.199992,0.00303,0.000677,0.19532,0.19764,0.20006,0.20191,0.20543,1.4e-5,1.0e-5,3.0e-6,0.0,1.0e-5,1.0e-5,2.0e-5,5.0e-5,0.799994,0.00303,0.000677,0.79456,0.79808,0.79993,0.80235,0.80467,1.4e-5,1.0e-5,3.0e-6,0.0,1.0e-5,1.0e-5,2.0e-5,5.0e-5,0.800008,0.00303,0.000677,0.79457,0.79809,0.79994,0.80236,0.80468
59.25,0.199992,0.00303,0.000677,0.19532,0.19764,0.20006,0.20191,0.20543,1.4e-5,1.0e-5,3.0e-6,0.0,1.0e-5,1.0e-5,2.0e-5,5.0e-5,0.799994,0.00303,0.000677,0.79456,0.79808,0.79993,0.80235,0.80467,1.4e-5,1.0e-5,3.0e-6,0.0,1.0e-5,1.0e-5,2.0e-5,5.0e-5,0.800008,0.00303,0.000677,0.79457,0.79809,0.79994,0.80236,0.80468
59.5,0.199992,0.00303,0.000677,0.19532,0.19764,0.20006,0.20191,0.20543,1.3e-5,1.0e-5,3.0e-6,0.0,1.0e-5,1.0e-5,2.0e-5,4.0e-5,0.799995,0.00303,0.000677,0.79456,0.79808,0.79993,0.80235,0.80467,1.3e-5,1.0e-5,3.0e-6,0.0,1.0e-5,1.0e-5,2.0e-5,4.0e-5,0.800008,0.00303,0.000677,0.79457,0.79809,0.79994,0.80236,0.80468
59.75,0.199992,0.00303,0.000677,0.19532,0.19764,0.20006,0.20191,0.20543,1.3e-5,1.0e-5,3.0e-6,0.0,1.0e-5,1.0e-5,2.0e-5,4.0e-5,0.799995,0.00303,0.000677,0.79456,0.79808,0.79993,0.80235,0.80467,1.3e-5,1.0e-5,3.0e-6,0.0,1.0e-5,1.0e-5,2.0e-5,4.0e-5,0.800008,0.00303,0.000677,0.79457,0.79809,0.79994,0.80236,0.80468
60.0,0.199992,0.00303,0.000677,0.19532,0.19764,0.20006,0.20191,0.20543,1.3e-5,1.0e-5,3.0e-6,0.0,1.0e-5,1.0e-5,2.0e-5,4.0e-5,0.799995,0.00303,0.000677,0.79456,0.79808,0.79993,0.80235,0.80467,1.3e-5,1.0e-5,3.0e-6,0.0,1.0e-5,1.0e-5,2.0e-5,4.0e-5,0.800008,0.00303,0.000677,0.79457,0.79809,0.79994,0.80236,0.80468
