t,cond.S_lo.mean,cond.S_lo.sd,cond.S_lo.se,cond.S_lo.q025,cond.S_lo.q25,cond.S_lo.q50,cond.S_lo.q75,cond.S_lo.q975,cond.S_hi.mean,cond.S_hi.sd,cond.S_hi.se,cond.S_hi.q025,cond.S_hi.q25,cond.S_hi.q50,cond.S_hi.q75,cond.S_hi.q975,cond.I.mean,cond.I.sd,cond.I.se,cond.I.q025,cond.I.q25,cond.I.q50,cond.I.q75,cond.I.q975,cond.R.mean,cond.R.sd,cond.R.se,cond.R.q025,cond.R.q25,cond.R.q50,cond.R.q75,cond.R.q975,cond.infectious.mean,cond.infectious.sd,cond.infectious.se,cond.infectious.q025,cond.infectious.q25,cond.infectious.q50,cond.infectious.q75,cond.infectious.q975,cond.cumulative.mean,cond.cumulative.sd,cond.cumulative.se,cond.cumulative.q025,cond.cumulative.q25,cond.cumulative.q50,cond.cumulative.q75,cond.cumulative.q975
0.0,0.396049,0.00052,3.6e-5,0.3951,0.3957,0.396,0.3964,0.397,0.593951,0.00052,3.6e-5,0.593,0.5936,0.594,0.5943,0.5949,0.01,0.0,0.0,0.01,0.01,0.01,0.01,0.01,0.0,0.0,0.0,0.0,0.0,0.0,0.0,0.0,0.01,0.0,0.0,0.01,0.01,0.01,0.01,0.01,0.01,0.0,0.0,0.01,0.01,0.01,0.01,0.01
0.5,0.395649,0.00054,3.8e-5,0.3947,0.3953,0.3957,0.396,0.3968,0.590677,0.00093,6.6e-5,0.5888,0.59,0.5906,0.5914,0.5923,0.012303,0.00092,6.5e-5,0.0106,0.0117,0.0123,0.0129,0.0142,0.001372,0.00035,2.5e-5,0.0008,0.0011,0.0014,0.0016,0.0021,0.012303,0.00092,6.5e-5,0.0106,0.0117,0.0123,0.0129,0.0142,0.013674,0.00084,6.0e-5,0.0122,0.0131,0.0136,0.0142,0.0153
1.0,0.395128,0.00063,4.4e-5,0.3939,0.3947,0.3952,0.3955,0.3963,0.586648,0.00144,0.000102,0.5837,0.5858,0.58665,0.5876,0.5893,0.01517,0.00145,0.000102,0.0125,0.01418,0.01505,0.0161,0.0179,0.003054,0.00051,3.6e-5,0.002,0.0027,0.0031,0.0034,0.0039,0.01517,0.00145,0.000102,0.0125,0.01418,0.01505,0.0161,0.0179,0.018224,0.00149,0.000106,0.0158,0.0171,0.0181,0.0193,0.02121
1.5,0.394461,0.00072,5.1e-5,0.3931,0.3941,0.3945,0.3949,0.3957,0.581787,0.0022,0.000156,0.5774,0.58008,0.5819,0.58322,0.5859,0.018607,0.00219,0.000155,0.01459,0.01708,0.01855,0.0201,0.0231,0.005144,0.00072,5.1e-5,0.0038,0.00468,0.0051,0.0057,0.0067,0.018607,0.00219,0.000155,0.01459,0.01708,0.01855,0.0201,0.0231,0.023752,0.00235,0.000166,0.0198,0.022,0.0238,0.0254,0.02851
2.0,0.393594,0.00086,6.1e-5,0.3918,0.3931,0.3936,0.3942,0.395,0.575808,0.00316,0.000224,0.5695,0.57367,0.5759,0.578,0.58151,0.022881,0.00307,0.000217,0.01719,0.02078,0.0228,0.0247,0.02902,0.007717,0.00096,6.8e-5,0.0059,0.007,0.0077,0.0083,0.0097,0.022881,0.00307,0.000217,0.01719,0.02078,0.0228,0.0247,0.02902,0.030599,0.00347,0.000245,0.0247,0.02808,0.0303,0.0329,0.03801
2.5,0.39251,0.00098,6.9e-5,0.39049,0.3919,0.3926,0.3933,0.3942,0.568591,0.00434,0.000307,0.5589,0.5657,0.56925,0.57162,0.5761,0.027974,0.00402,0.000284,0.0211,0.0252,0.02775,0.03062,0.0367,0.010924,0.00128,9.1e-5,0.0086,0.01,0.0109,0.01182,0.0133,0.027974,0.00402,0.000284,0.0211,0.0252,0.02775,0.03062,0.0367,0.038899,0.00483,0.000341,0.03099,0.03575,0.03825,0.042,0.04911
3.0,0.391176,0.00117,8.3e-5,0.3889,0.3905,0.3913,0.3921,0.3931,0.560084,0.0058,0.00041,0.54828,0.55635,0.56025,0.5643,0.56971,0.033954,0.00522,0.000369,0.0253,0.0299,0.03395,0.0371,0.0458,0.014786,0.00174,0.000123,0.0115,0.01357,0.0146,0.01583,0.01821,0.033954,0.00522,0.000369,0.0253,0.0299,0.03395,0.0371,0.0458,0.04874,0.00653,0.000461,0.0376,0.04388,0.0486,0.0529,0.06224
3.5,0.389605,0.00138,9.7e-5,0.3867,0.3888,0.38975,0.3906,0.3921,0.550239,0.00727,0.000514,0.535,0.5454,0.55105,0.55572,0.5631,0.040658,0.00636,0.00045,0.0294,0.0356,0.0408,0.04493,0.05301,0.019498,0.00233,0.000165,0.0152,0.018,0.0193,0.02112,0.0245,0.040658,0.00636,0.00045,0.0294,0.0356,0.0408,0.04493,0.05301,0.060156,0.00824,0.000583,0.04688,0.0533,0.0596,0.0654,0.0774
4.0,0.387668,0.00167,0.000118,0.38419,0.3865,0.3879,0.3888,0.3905,0.538848,0.00896,0.000634,0.52058,0.5328,0.5393,0.546,0.55492,0.048391,0.00761,0.000538,0.0349,0.042,0.0489,0.0533,0.0639,0.025092,0.00312,0.000221,0.0197,0.02278,0.02485,0.0271,0.03152,0.048391,0.00761,0.000538,0.0349,0.042,0.0489,0.0533,0.0639,0.073484,0.01026,0.000725,0.05579,0.0652,0.07325,0.08005,0.09356
4.5,0.385487,0.002,0.000141,0.3811,0.3842,0.3856,0.3869,0.3887,0.52619,0.01072,0.000758,0.5042,0.51908,0.5265,0.53495,0.54611,0.056676,0.00886,0.000626,0.04008,0.04988,0.05685,0.0621,0.07343,0.031648,0.00407,0.000288,0.02508,0.0283,0.0314,0.03463,0.0407,0.056676,0.00886,0.000626,0.04008,0.04988,0.05685,0.0621,0.07343,0.088323,0.01234,0.000873,0.0653,0.07818,0.08805,0.09625,0.11195
5.0,0.382977,0.00227,0.000161,0.3785,0.3816,0.3831,0.3846,0.38691,0.512254,0.0123,0.000869,0.48857,0.5044,0.5119,0.52192,0.53326,0.065447,0.00974,0.000689,0.04855,0.05775,0.06655,0.0716,0.08453,0.039322,0.00516,0.000365,0.03059,0.03518,0.0389,0.04302,0.0504,0.065447,0.00974,0.000689,0.04855,0.05775,0.06655,0.0716,0.08453,0.104769,0.01422,0.001005,0.07986,0.09342,0.10545,0.11387,0.13172
5.5,0.380196,0.00269,0.00019,0.3745,0.3783,0.3802,0.3821,0.38481,0.497402,0.01378,0.000974,0.47068,0.48878,0.49675,0.50738,0.52076,0.074266,0.01063,0.000752,0.05558,0.06705,0.07455,0.08172,0.09471,0.048137,0.00626,0.000443,0.03749,0.04298,0.0476,0.05272,0.0611,0.074266,0.01063,0.000752,0.05558,0.06705,0.07455,0.08172,0.09471,0.122402,0.01611,0.001139,0.09503,0.11078,0.1236,0.13352,0.1527
6.0,0.377141,0.00304,0.000215,0.37069,0.3749,0.3773,0.37912,0.3829,0.481886,0.01494,0.001056,0.4536,0.47168,0.48175,0.49268,0.50898,0.083101,0.01095,0.000774,0.06239,0.07572,0.0836,0.09132,0.10292,0.057871,0.00749,0.00053,0.04539,0.05208,0.0575,0.06335,0.0722,0.083101,0.01095,0.000774,0.06239,0.07572,0.0836,0.09132,0.10292,0.140972,0.01763,0.001247,0.10872,0.12837,0.1417,0.15322,0.17426
6.5,0.373876,0.0034,0.00024,0.3672,0.3715,0.3739,0.3761,0.3805,0.466279,0.01613,0.001141,0.43698,0.4551,0.46605,0.4779,0.49692,0.091134,0.01132,0.000801,0.07038,0.08328,0.09165,0.09868,0.1119,0.06871,0.00865,0.000612,0.05349,0.06242,0.06875,0.07502,0.0852,0.091134,0.01132,0.000801,0.07038,0.08328,0.09165,0.09868,0.1119,0.159844,0.01917,0.001356,0.12297,0.1456,0.16035,0.17252,0.19565
7.0,0.370422,0.00376,0.000266,0.3635,0.3677,0.37055,0.3732,0.3777,0.450635,0.01678,0.001186,0.4192,0.43855,0.4505,0.46262,0.483,0.098416,0.01113,0.000787,0.07885,0.091,0.0983,0.1062,0.11802,0.080526,0.00988,0.000699,0.06324,0.07378,0.0804,0.0874,0.0991,0.098416,0.01113,0.000787,0.07885,0.091,0.0983,0.1062,0.11802,0.178942,0.02017,0.001426,0.14117,0.16475,0.1796,0.19225,0.21582
7.5,0.366888,0.00404,0.000286,0.35959,0.3643,0.3671,0.36975,0.3745,0.43529,0.01719,0.001215,0.40328,0.42252,0.4348,0.4474,0.46722,0.104521,0.01074,0.000759,0.0841,0.09748,0.1042,0.11192,0.12381,0.0933,0.01116,0.000789,0.0727,0.0856,0.09405,0.10155,0.1133,0.104521,0.01074,0.000759,0.0841,0.09748,0.1042,0.11192,0.12381,0.197822,0.02083,0.001473,0.15947,0.18315,0.19865,0.21232,0.23596
8.0,0.363259,0.00427,0.000302,0.35529,0.3603,0.36315,0.36582,0.3716,0.420654,0.01729,0.001222,0.39095,0.40658,0.42015,0.43245,0.45181,0.109464,0.01014,0.000717,0.09063,0.1032,0.10985,0.11662,0.1278,0.106623,0.01224,0.000866,0.0849,0.09788,0.1079,0.11505,0.12872,0.109464,0.01014,0.000717,0.09063,0.1032,0.10985,0.11662,0.1278,0.216087,0.02113,0.001494,0.17668,0.20165,0.217,0.23198,0.25294
8.5,0.359624,0.00446,0.000315,0.35129,0.3566,0.3595,0.36232,0.3687,0.406648,0.01714,0.001212,0.37847,0.39315,0.40605,0.41825,0.4376,0.113262,0.00962,0.00068,0.0959,0.10757,0.11395,0.11925,0.13082,0.120467,0.01307,0.000924,0.09739,0.1109,0.12155,0.12995,0.14461,0.113262,0.00962,0.00068,0.0959,0.10757,0.11395,0.11925,0.13082,0.233728,0.02115,0.001496,0.1934,0.21917,0.2345,0.24928,0.2689
9.0,0.355963,0.00449,0.000317,0.34718,0.3531,0.3559,0.35842,0.36482,0.393492,0.01702,0.001203,0.36517,0.38102,0.39235,0.40492,0.42454,0.115631,0.00893,0.000632,0.09846,0.11095,0.116,0.1214,0.13201,0.134913,0.01407,0.000995,0.10966,0.12478,0.1354,0.14598,0.16172,0.115631,0.00893,0.000632,0.09846,0.11095,0.116,0.1214,0.13201,0.250544,0.02105,0.001489,0.21009,0.23682,0.2515,0.26645,0.28771
9.5,0.35246,0.00454,0.000321,0.3436,0.3496,0.3524,0.35492,0.36132,0.38146,0.01663,0.001176,0.35329,0.3698,0.38035,0.39305,0.41243,0.11666,0.0082,0.00058,0.1005,0.11185,0.11735,0.12213,0.13068,0.14942,0.01484,0.001049,0.1221,0.13972,0.15,0.16042,0.17622,0.11666,0.0082,0.00058,0.1005,0.11185,0.11735,0.12213,0.13068,0.26608,0.02073,0.001466,0.22626,0.25218,0.26645,0.281,0.30014
10.0,0.349051,0.00465,0.000329,0.3402,0.3461,0.3492,0.3517,0.35861,0.370262,0.0161,0.001139,0.34346,0.3596,0.3697,0.38152,0.40074,0.11673,0.00748,0.000529,0.1012,0.1118,0.1168,0.12148,0.12965,0.163956,0.01557,0.001101,0.13499,0.15305,0.16445,0.17455,0.19039,0.11673,0.00748,0.000529,0.1012,0.1118,0.1168,0.12148,0.12965,0.280687,0.02028,0.001434,0.24117,0.26712,0.28155,0.29482,0.31511
10.5,0.345812,0.00471,0.000333,0.3371,0.3427,0.3457,0.34862,0.35493,0.36009,0.01566,0.001107,0.33417,0.34942,0.3596,0.37102,0.38937,0.115615,0.00714,0.000505,0.1002,0.11138,0.1157,0.12032,0.12871,0.178483,0.01611,0.001139,0.14839,0.16808,0.17985,0.19022,0.20725,0.115615,0.00714,0.000505,0.1002,0.11138,0.1157,0.12032,0.12871,0.294099,0.01989,0.001407,0.2542,0.28045,0.295,0.307,0.32794
11.0,0.342684,0.00485,0.000343,0.3334,0.33958,0.3427,0.3455,0.35282,0.350906,0.0151,0.001068,0.32586,0.33998,0.35115,0.36102,0.37904,0.113713,0.00682,0.000482,0.10009,0.10928,0.11395,0.11855,0.1258,0.192698,0.01641,0.00116,0.16279,0.18098,0.1942,0.2046,0.2237,0.113713,0.00682,0.000482,0.10009,0.10928,0.11395,0.11855,0.1258,0.306411,0.01947,0.001377,0.26818,0.29445,0.3066,0.31945,0.34224
11.5,0.339742,0.00476,0.000337,0.3306,0.337,0.3397,0.34242,0.34991,0.342486,0.01469,0.001039,0.31767,0.3322,0.3426,0.35198,0.3702,0.110897,0.00661,0.000467,0.09659,0.10665,0.1112,0.1157,0.12233,0.206876,0.01671,0.001181,0.17499,0.19505,0.20815,0.2188,0.23842,0.110897,0.00661,0.000467,0.09659,0.10665,0.1112,0.1157,0.12233,0.317772,0.01894,0.00134,0.281,0.30595,0.3179,0.33022,0.35232
12.0,0.337002,0.00472,0.000334,0.32858,0.3343,0.33695,0.33963,0.347,0.334954,0.01419,0.001004,0.31109,0.32515,0.3348,0.34383,0.36092,0.107535,0.00652,0.000461,0.09307,0.10357,0.10795,0.11192,0.1204,0.220509,0.01679,0.001187,0.18897,0.20887,0.22125,0.23225,0.25065,0.107535,0.00652,0.000461,0.09307,0.10357,0.10795,0.11192,0.1204,0.328044,0.01838,0.0013,0.29118,0.31695,0.32805,0.34032,0.36153
12.5,0.334503,0.00468,0.000331,0.3257,0.3318,0.3344,0.3371,0.3442,0.328309,0.01369,0.000968,0.30418,0.31902,0.3284,0.33748,0.35384,0.103492,0.00628,0.000444,0.0898,0.09985,0.104,0.10795,0.11501,0.233695,0.01686,0.001192,0.20128,0.22258,0.2344,0.2456,0.26428,0.103492,0.00628,0.000444,0.0898,0.09985,0.104,0.10795,0.11501,0.337187,0.01781,0.00126,0.30223,0.3264,0.33705,0.34922,0.37012
13.0,0.33214,0.00462,0.000327,0.3239,0.3295,0.3323,0.3348,0.3419,0.32217,0.01322,0.000935,0.29867,0.31348,0.32215,0.33138,0.34812,0.099322,0.00617,0.000436,0.08629,0.0953,0.1,0.10332,0.1104,0.246369,0.01672,0.001183,0.21399,0.23578,0.247,0.2581,0.27678,0.099322,0.00617,0.000436,0.08629,0.0953,0.1,0.10332,0.1104,0.345691,0.01729,0.001223,0.31053,0.33542,0.3457,0.35742,0.37912
13.5,0.330033,0.0046,0.000326,0.32139,0.32748,0.3303,0.33275,0.33941,0.316746,0.01288,0.000911,0.29347,0.3079,0.3165,0.3252,0.34291,0.094761,0.00618,0.000437,0.08208,0.09107,0.09525,0.09902,0.105,0.25846,0.01681,0.001188,0.22599,0.2486,0.2586,0.2704,0.28731,0.094761,0.00618,0.000437,0.08208,0.09107,0.09525,0.09902,0.105,0.353221,0.01693,0.001197,0.31827,0.3436,0.35345,0.36435,0.3866
14.0,0.327989,0.00456,0.000323,0.3196,0.3255,0.328,0.33072,0.33741,0.311846,0.01254,0.000887,0.28849,0.30352,0.31145,0.3204,0.33714,0.090286,0.00606,0.000428,0.07809,0.08628,0.0907,0.09452,0.1002,0.269879,0.01665,0.001177,0.2384,0.25968,0.26935,0.28118,0.29909,0.090286,0.00606,0.000428,0.07809,0.08628,0.0907,0.09452,0.1002,0.360166,0.01651,0.001167,0.3256,0.3501,0.3605,0.37142,0.39162
14.5,0.326133,0.0046,0.000325,0.3174,0.32348,0.3262,0.3289,0.33561,0.307554,0.0122,0.000863,0.28488,0.29932,0.30715,0.3158,0.33282,0.085466,0.00597,0.000422,0.0723,0.08168,0.0861,0.0895,0.09631,0.280848,0.01655,0.00117,0.25028,0.27102,0.28075,0.29268,0.31072,0.085466,0.00597,0.000422,0.0723,0.08168,0.0861,0.0895,0.09631,0.366314,0.0162,0.001146,0.33238,0.35695,0.3666,0.3771,0.39702
15.0,0.324387,0.00459,0.000325,0.31539,0.3215,0.3244,0.32705,0.33382,0.303719,0.01187,0.000839,0.28159,0.29568,0.30325,0.31142,0.32746,0.08065,0.00594,0.00042,0.0686,0.07697,0.0811,0.08452,0.092,0.291244,0.01653,0.001169,0.26017,0.28118,0.2911,0.3029,0.32139,0.08065,0.00594,0.00042,0.0686,0.07697,0.0811,0.08452,0.092,0.371894,0.01583,0.00112,0.33926,0.3624,0.3718,0.3825,0.4023
15.5,0.322803,0.00458,0.000324,0.3139,0.32008,0.32275,0.3255,0.33241,0.300282,0.01161,0.000821,0.27819,0.29265,0.29995,0.30782,0.32337,0.075877,0.00587,0.000415,0.06469,0.07158,0.07635,0.0801,0.08611,0.301038,0.01629,0.001152,0.27045,0.29198,0.30115,0.31132,0.33048,0.075877,0.00587,0.000415,0.06469,0.07158,0.07635,0.0801,0.08611,0.376915,0.01557,0.001101,0.34524,0.3672,0.3773,0.3871,0.4072
16.0,0.321374,0.00453,0.00032,0.3126,0.31868,0.3215,0.32422,0.33071,0.29721,0.01137,0.000804,0.2756,0.29015,0.29685,0.30442,0.31988,0.07113,0.00549,0.000388,0.0612,0.0669,0.0715,0.0751,0.08201,0.310286,0.01599,0.001131,0.28008,0.30068,0.31015,0.32058,0.34052,0.07113,0.00549,0.000388,0.0612,0.0669,0.0715,0.0751,0.08201,0.381415,0.01527,0.00108,0.35203,0.37228,0.3819,0.39102,0.4118
16.5,0.32009,0.00453,0.00032,0.31159,0.3172,0.3202,0.323,0.329,0.29447,0.01111,0.000786,0.27279,0.2874,0.29435,0.30173,0.31697,0.066608,0.00533,0.000377,0.05688,0.0627,0.06705,0.07023,0.07611,0.318832,0.01585,0.001121,0.28905,0.30873,0.31855,0.32895,0.3496,0.066608,0.00533,0.000377,0.05688,0.0627,0.06705,0.07023,0.07611,0.38544,0.01499,0.00106,0.35578,0.37597,0.3855,0.3947,0.41511
17.0,0.318865,0.00449,0.000318,0.31029,0.31605,0.3189,0.3219,0.3277,0.292102,0.01095,0.000775,0.27078,0.285,0.2918,0.2995,0.31501,0.062261,0.00521,0.000368,0.05308,0.0587,0.0621,0.0663,0.07221,0.326773,0.01567,0.001108,0.29663,0.3168,0.3264,0.3368,0.35684,0.062261,0.00521,0.000368,0.05308,0.0587,0.0621,0.0663,0.07221,0.389034,0.01478,0.001045,0.36124,0.3802,0.3895,0.39848,0.41792
17.5,0.317757,0.00449,0.000317,0.3091,0.31498,0.31785,0.32065,0.3268,0.289947,0.01078,0.000762,0.2686,0.2827,0.2897,0.29702,0.31145,0.057995,0.00507,0.000359,0.04889,0.0539,0.0579,0.0617,0.0673,0.3343,0.01558,0.001102,0.30364,0.3248,0.33415,0.34468,0.36432,0.057995,0.00507,0.000359,0.04889,0.0539,0.0579,0.0617,0.0673,0.392295,0.0146,0.001032,0.36511,0.38348,0.39235,0.4019,0.42091
18.0,0.316758,0.00446,0.000315,0.3083,0.3139,0.31685,0.31972,0.32552,0.288,0.01063,0.000752,0.26728,0.2807,0.28755,0.29482,0.30816,0.054022,0.00504,0.000356,0.0453,0.0502,0.0537,0.05753,0.0636,0.341219,0.01547,0.001094,0.31063,0.33202,0.34175,0.35195,0.37104,0.054022,0.00504,0.000356,0.0453,0.0502,0.0537,0.05753,0.0636,0.395241,0.01443,0.00102,0.36871,0.38638,0.39565,0.4043,0.42311
18.5,0.315842,0.00441,0.000312,0.3077,0.31305,0.31605,0.3186,0.32491,0.286276,0.01049,0.000742,0.26618,0.27918,0.2864,0.29328,0.30578,0.050112,0.00493,0.000348,0.0412,0.04678,0.04995,0.0533,0.05941,0.34777,0.01519,0.001074,0.31802,0.3381,0.348,0.35818,0.37654,0.050112,0.00493,0.000348,0.0412,0.04678,0.04995,0.0533,0.05941,0.397882,0.01424,0.001007,0.37248,0.38868,0.3979,0.40688,0.4252
19.0,0.314989,0.00439,0.00031,0.3068,0.31217,0.31515,0.3177,0.32381,0.284694,0.01037,0.000733,0.26499,0.2777,0.2849,0.29205,0.30408,0.046516,0.00473,0.000335,0.03799,0.0432,0.0462,0.04958,0.0559,0.3538,0.01498,0.001059,0.32518,0.3445,0.35385,0.3639,0.38225,0.046516,0.00473,0.000335,0.03799,0.0432,0.0462,0.04958,0.0559,0.400316,0.01409,0.000996,0.37506,0.39082,0.40015,0.4095,0.42711
19.5,0.31422,0.00439,0.00031,0.30648,0.3112,0.31445,0.317,0.3233,0.283284,0.0103,0.000729,0.26389,0.2766,0.28315,0.29002,0.30288,0.043015,0.0046,0.000325,0.0346,0.0397,0.0428,0.0459,0.05192,0.359481,0.01475,0.001043,0.33119,0.35028,0.3594,0.36952,0.38871,0.043015,0.0046,0.000325,0.0346,0.0397,0.0428,0.0459,0.05192,0.402496,0.01401,0.000991,0.37744,0.39335,0.40265,0.41198,0.42892
20.0,0.313542,0.0044,0.000311,0.3052,0.31055,0.31365,0.31652,0.3226,0.282027,0.01021,0.000722,0.26298,0.27535,0.28195,0.28895,0.30139,0.039832,0.00439,0.00031,0.03139,0.03678,0.0395,0.04245,0.0489,0.364598,0.01456,0.001029,0.33697,0.3558,0.36475,0.3743,0.39265,0.039832,0.00439,0.00031,0.03139,0.03678,0.0395,0.04245,0.0489,0.40443,0.01391,0.000984,0.38032,0.3948,0.40445,0.41418,0.43092
20.5,0.312902,0.00441,0.000311,0.3046,0.30985,0.313,0.31583,0.3219,0.280919,0.01011,0.000715,0.26218,0.2744,0.281,0.28772,0.30076,0.036802,0.00416,0.000294,0.0291,0.03398,0.03635,0.03963,0.04483,0.369378,0.01439,0.001018,0.34159,0.36068,0.36975,0.37868,0.39724,0.036802,0.00416,0.000294,0.0291,0.03398,0.03635,0.03963,0.04483,0.406179,0.01383,0.000978,0.38143,0.39672,0.40635,0.41568,0.43261
21.0,0.312336,0.00441,0.000312,0.3042,0.3093,0.3125,0.31533,0.3214,0.279917,0.01005,0.000711,0.26148,0.27375,0.27995,0.28702,0.29974,0.033952,0.00389,0.000275,0.027,0.03167,0.03375,0.03645,0.04251,0.373794,0.0143,0.001011,0.3459,0.3647,0.37415,0.3833,0.40174,0.033952,0.00389,0.000275,0.027,0.03167,0.03375,0.03645,0.04251,0.407746,0.01378,0.000974,0.38266,0.3983,0.40755,0.41682,0.43401
21.5,0.311796,0.00441,0.000312,0.30379,0.30898,0.3119,0.3149,0.3206,0.279042,0.00999,0.000707,0.26019,0.27282,0.27915,0.28592,0.29861,0.03126,0.00369,0.000261,0.0247,0.0288,0.0311,0.03328,0.03931,0.377903,0.0142,0.001004,0.35086,0.36848,0.3783,0.3879,0.40565,0.03126,0.00369,0.000261,0.0247,0.0288,0.0311,0.03328,0.03931,0.409162,0.01372,0.00097,0.3843,0.39952,0.409,0.41775,0.43553
22.0,0.311297,0.00444,0.000314,0.30319,0.3086,0.3114,0.31422,0.3201,0.27826,0.00998,0.000706,0.25919,0.27205,0.2785,0.28507,0.29771,0.02876,0.00344,0.000243,0.02269,0.0265,0.02865,0.0308,0.0364,0.381682,0.01412,0.000998,0.356,0.37225,0.3817,0.3917,0.40905,0.02876,0.00344,0.000243,0.02269,0.0265,0.02865,0.0308,0.0364,0.410443,0.01373,0.000971,0.3859,0.40068,0.41055,0.41908,0.43771
22.5,0.310874,0.00445,0.000314,0.3027,0.30808,0.31095,0.31362,0.3198,0.277557,0.00992,0.000702,0.25849,0.27148,0.27775,0.2841,0.29671,0.026505,0.00323,0.000229,0.0209,0.02418,0.02635,0.0284,0.0339,0.385064,0.014,0.00099,0.35999,0.37628,0.3849,0.3945,0.41226,0.026505,0.00323,0.000229,0.0209,0.02418,0.02635,0.0284,0.0339,0.411569,0.01367,0.000967,0.3874,0.40178,0.4118,0.42058,0.43872
23.0,0.310476,0.00444,0.000314,0.3024,0.3076,0.3107,0.31352,0.31921,0.276902,0.00994,0.000703,0.25778,0.2708,0.2769,0.28352,0.29582,0.024395,0.00314,0.000222,0.0188,0.0221,0.0242,0.02615,0.0318,0.388229,0.01387,0.00098,0.3632,0.3794,0.38825,0.39722,0.41475,0.024395,0.00314,0.000222,0.0188,0.0221,0.0242,0.02615,0.0318,0.412623,0.01367,0.000966,0.38822,0.40282,0.4128,0.42138,0.4404
23.5,0.310103,0.00444,0.000314,0.3021,0.3073,0.3102,0.31305,0.31851,0.276334,0.00994,0.000703,0.25708,0.27015,0.2762,0.28285,0.29453,0.022383,0.00298,0.000211,0.017,0.02038,0.0222,0.02412,0.0292,0.391181,0.01383,0.000978,0.3663,0.38217,0.39115,0.4005,0.41861,0.022383,0.00298,0.000211,0.017,0.02038,0.0222,0.02412,0.0292,0.413563,0.01366,0.000966,0.38915,0.40358,0.4134,0.42242,0.4413
24.0,0.309777,0.00441,0.000312,0.3017,0.30708,0.30995,0.3128,0.31821,0.275791,0.00991,0.000701,0.25677,0.26958,0.27555,0.2826,0.29393,0.02058,0.00278,0.000196,0.016,0.01857,0.0204,0.0223,0.02652,0.393853,0.01377,0.000973,0.3684,0.3847,0.39405,0.4029,0.42112,0.02058,0.00278,0.000196,0.016,0.01857,0.0204,0.0223,0.02652,0.414432,0.01359,0.000961,0.38967,0.4046,0.4143,0.42332,0.44161
24.5,0.309504,0.00441,0.000312,0.30139,0.3066,0.3097,0.3125,0.31772,0.275304,0.00991,0.000701,0.25627,0.26915,0.27485,0.2822,0.29363,0.018769,0.00263,0.000186,0.0141,0.0169,0.0187,0.0206,0.0238,0.396423,0.01365,0.000965,0.37148,0.38762,0.39665,0.40512,0.42402,0.018769,0.00263,0.000186,0.0141,0.0169,0.0187,0.0206,0.0238,0.415192,0.01359,0.000961,0.39018,0.40522,0.4148,0.4241,0.44212
25.0,0.30926,0.00439,0.00031,0.301,0.3062,0.3095,0.3123,0.31742,0.274856,0.00986,0.000697,0.25597,0.26882,0.2744,0.2814,0.29207,0.017198,0.00256,0.000181,0.0126,0.0155,0.0172,0.01862,0.022,0.398687,0.01362,0.000963,0.37367,0.3896,0.39895,0.4076,0.42571,0.017198,0.00256,0.000181,0.0126,0.0155,0.0172,0.01862,0.022,0.415884,0.01351,0.000955,0.39119,0.40598,0.4153,0.425,0.44301
25.5,0.309008,0.00439,0.00031,0.301,0.3059,0.30915,0.31192,0.31722,0.274468,0.00982,0.000695,0.25567,0.2684,0.27385,0.281,0.29128,0.015807,0.0025,0.000177,0.0113,0.0139,0.01585,0.01742,0.0206,0.400718,0.01357,0.000959,0.37517,0.39208,0.40075,0.40938,0.42713,0.015807,0.0025,0.000177,0.0113,0.0139,0.01585,0.01742,0.0206,0.416524,0.01347,0.000952,0.39189,0.40648,0.4162,0.4254,0.44331
26.0,0.308795,0.00438,0.00031,0.3007,0.3056,0.3089,0.31172,0.31711,0.274155,0.0098,0.000693,0.25537,0.26828,0.2737,0.28068,0.29078,0.014443,0.00233,0.000165,0.0101,0.0127,0.0143,0.016,0.01931,0.402607,0.01353,0.000957,0.37717,0.39345,0.4028,0.41132,0.42892,0.014443,0.00233,0.000165,0.0101,0.0127,0.0143,0.016,0.01931,0.41705,0.01343,0.00095,0.39277,0.40718,0.4169,0.426,0.444
26.5,0.308604,0.00439,0.00031,0.3006,0.30548,0.30875,0.3116,0.31701,0.273844,0.00978,0.000691,0.25507,0.268,0.27325,0.2804,0.29,0.013192,0.00227,0.000161,0.0089,0.0115,0.0131,0.01472,0.01811,0.40436,0.0135,0.000954,0.37888,0.39478,0.4044,0.41308,0.4315,0.013192,0.00227,0.000161,0.0089,0.0115,0.0131,0.01472,0.01811,0.417552,0.01342,0.000949,0.39327,0.40768,0.41775,0.4265,0.44431
27.0,0.30841,0.0044,0.000311,0.3005,0.3052,0.3085,0.31142,0.31691,0.273518,0.00978,0.000691,0.25458,0.26765,0.2728,0.27992,0.28971,0.012079,0.00212,0.00015,0.0081,0.0106,0.0121,0.0133,0.0168,0.405994,0.01349,0.000954,0.3803,0.39618,0.40565,0.41472,0.43251,0.012079,0.00212,0.00015,0.0081,0.0106,0.0121,0.0133,0.0168,0.418072,0.01343,0.00095,0.39357,0.40798,0.41835,0.427,0.44492
27.5,0.308265,0.0044,0.000311,0.3005,0.3051,0.3084,0.31122,0.31681,0.273266,0.00976,0.00069,0.25409,0.26728,0.2724,0.2797,0.28941,0.011023,0.00198,0.00014,0.0072,0.0096,0.01095,0.0122,0.01541,0.407446,0.01348,0.000953,0.38193,0.39778,0.4067,0.41625,0.43381,0.011023,0.00198,0.00014,0.0072,0.0096,0.01095,0.0122,0.01541,0.418469,0.01342,0.000949,0.39378,0.40855,0.4188,0.42738,0.44551
28.0,0.308114,0.00438,0.00031,0.3003,0.3048,0.3083,0.311,0.3167,0.273029,0.00975,0.000689,0.25398,0.26708,0.27205,0.27935,0.2892,0.010105,0.00188,0.000133,0.0065,0.0089,0.01,0.0112,0.014,0.408752,0.01346,0.000952,0.38286,0.39898,0.4079,0.41722,0.43552,0.010105,0.00188,0.000133,0.0065,0.0089,0.01,0.0112,0.014,0.418857,0.01338,0.000946,0.39399,0.40918,0.4191,0.4277,0.44581
28.5,0.307981,0.00438,0.000309,0.3002,0.30468,0.3082,0.3109,0.3166,0.272803,0.00971,0.000686,0.25368,0.26688,0.27165,0.27912,0.28891,0.009248,0.00173,0.000122,0.006,0.008,0.0092,0.0102,0.01291,0.409968,0.01343,0.00095,0.38417,0.4002,0.4089,0.4186,0.43701,0.009248,0.00173,0.000122,0.006,0.008,0.0092,0.0102,0.01291,0.419216,0.01334,0.000943,0.39419,0.40928,0.4194,0.42802,0.4461
29.0,0.30785,0.00438,0.00031,0.3001,0.3046,0.3081,0.3108,0.3166,0.272596,0.00969,0.000685,0.25368,0.26655,0.2715,0.2788,0.28871,0.008486,0.00166,0.000117,0.0054,0.0074,0.0085,0.0094,0.01231,0.411069,0.01336,0.000945,0.38549,0.4016,0.41005,0.41962,0.43811,0.008486,0.00166,0.000117,0.0054,0.0074,0.0085,0.0094,0.01231,0.419555,0.01333,0.000942,0.39429,0.40988,0.42,0.42825,0.44611
29.5,0.307734,0.00438,0.00031,0.29999,0.30448,0.30785,0.31072,0.3165,0.272422,0.00968,0.000685,0.25368,0.26645,0.27125,0.27855,0.28852,0.007752,0.00155,0.000109,0.005,0.0068,0.00765,0.00863,0.0116,0.412092,0.01336,0.000944,0.38699,0.40235,0.4112,0.42115,0.43882,0.007752,0.00155,0.000109,0.005,0.0068,0.00765,0.00863,0.0116,0.419844,0.01332,0.000942,0.39448,0.4101,0.42025,0.4286,0.44622
30.0,0.307637,0.00439,0.00031,0.29989,0.30435,0.3077,0.31062,0.3165,0.272273,0.00968,0.000684,0.25368,0.2663,0.27115,0.27853,0.28832,0.007078,0.00149,0.000105,0.0045,0.00608,0.007,0.0079,0.0103,0.413012,0.01333,0.000943,0.38798,0.40318,0.41245,0.42205,0.43942,0.007078,0.00149,0.000105,0.0045,0.00608,0.007,0.0079,0.0103,0.420091,0.01332,0.000942,0.39469,0.41037,0.42035,0.42875,0.44622
30.5,0.307538,0.0044,0.000311,0.29979,0.30425,0.3076,0.31038,0.3165,0.272139,0.00967,0.000684,0.25368,0.26608,0.2711,0.27832,0.28802,0.006474,0.0014,9.9e-5,0.0039,0.0055,0.0065,0.0073,0.0092,0.413848,0.01332,0.000942,0.38888,0.40382,0.4135,0.42282,0.44031,0.006474,0.0014,9.9e-5,0.0039,0.0055,0.0065,0.0073,0.0092,0.420322,0.01332,0.000942,0.39479,0.41068,0.4205,0.42885,0.44632
31.0,0.307458,0.0044,0.000311,0.29969,0.30425,0.30745,0.31032,0.3164,0.272002,0.00966,0.000683,0.25339,0.2659,0.2711,0.27822,0.28802,0.005945,0.00138,9.8e-5,0.0035,0.005,0.0059,0.0068,0.0088,0.414595,0.01332,0.000942,0.38997,0.40462,0.41455,0.4238,0.44091,0.005945,0.00138,9.8e-5,0.0035,0.005,0.0059,0.0068,0.0088,0.42054,0.01332,0.000942,0.3949,0.41095,0.4206,0.42898,0.44662
31.5,0.307382,0.0044,0.000311,0.29959,0.3041,0.3074,0.3103,0.3163,0.271885,0.00964,0.000682,0.25329,0.2658,0.2711,0.2781,0.28801,0.005418,0.00131,9.3e-5,0.0031,0.00448,0.0053,0.0062,0.0082,0.415315,0.0133,0.00094,0.39067,0.40538,0.4155,0.42432,0.44131,0.005418,0.00131,9.3e-5,0.0031,0.00448,0.0053,0.0062,0.0082,0.420732,0.01329,0.00094,0.3951,0.41118,0.42075,0.42905,0.44672
32.0,0.307314,0.0044,0.000311,0.29939,0.30408,0.3074,0.3103,0.31611,0.271769,0.00963,0.000681,0.25319,0.2657,0.2709,0.27782,0.28801,0.004926,0.00125,8.9e-5,0.0028,0.004,0.0049,0.0056,0.0076,0.415992,0.0133,0.00094,0.39128,0.40617,0.41605,0.4249,0.4423,0.004926,0.00125,8.9e-5,0.0028,0.004,0.0049,0.0056,0.0076,0.420918,0.0133,0.00094,0.39539,0.41142,0.421,0.42915,0.44692
32.5,0.307255,0.0044,0.000311,0.2993,0.304,0.30735,0.3103,0.31601,0.271664,0.00962,0.000681,0.25319,0.26565,0.2706,0.27772,0.288,0.004484,0.00121,8.5e-5,0.00249,0.0036,0.0044,0.0052,0.00691,0.416598,0.0133,0.00094,0.39159,0.4068,0.4169,0.42552,0.44271,0.004484,0.00121,8.5e-5,0.00249,0.0036,0.0044,0.0052,0.00691,0.421081,0.01328,0.000939,0.39548,0.41158,0.42115,0.42932,0.44693
33.0,0.307194,0.0044,0.000311,0.2992,0.30398,0.30725,0.31012,0.31591,0.271574,0.00962,0.000681,0.25309,0.26558,0.27045,0.27765,0.28791,0.004083,0.00116,8.2e-5,0.0021,0.00327,0.004,0.0048,0.0067,0.417149,0.01328,0.000939,0.3919,0.40722,0.4176,0.4261,0.44311,0.004083,0.00116,8.2e-5,0.0021,0.00327,0.004,0.0048,0.0067,0.421232,0.01327,0.000939,0.39558,0.4118,0.4213,0.42935,0.44693
33.5,0.307137,0.00439,0.000311,0.2992,0.3039,0.30725,0.31012,0.31562,0.271504,0.00963,0.000681,0.25289,0.26552,0.2704,0.2776,0.28781,0.003719,0.00108,7.6e-5,0.002,0.0029,0.0037,0.00442,0.0062,0.41764,0.01327,0.000939,0.39239,0.4077,0.41825,0.4265,0.4438,0.003719,0.00108,7.6e-5,0.002,0.0029,0.0037,0.00442,0.0062,0.421359,0.01328,0.000939,0.39569,0.412,0.42145,0.42935,0.44723
34.0,0.307094,0.0044,0.000311,0.2992,0.30388,0.3072,0.31,0.31562,0.271439,0.00962,0.00068,0.25279,0.26545,0.2704,0.2776,0.28781,0.003363,0.00102,7.2e-5,0.0018,0.0026,0.0033,0.00402,0.0056,0.418104,0.01326,0.000937,0.39259,0.4083,0.4187,0.42672,0.44401,0.003363,0.00102,7.2e-5,0.0018,0.0026,0.0033,0.00402,0.0056,0.421466,0.01326,0.000938,0.39569,0.41218,0.42165,0.4295,0.44733
34.5,0.307046,0.00439,0.00031,0.2992,0.30388,0.3072,0.31,0.31552,0.271378,0.00962,0.00068,0.25269,0.26528,0.2704,0.27745,0.28781,0.003094,0.00098,6.9e-5,0.0016,0.0024,0.003,0.0037,0.00541,0.418482,0.01325,0.000937,0.39299,0.40875,0.419,0.42702,0.44422,0.003094,0.00098,6.9e-5,0.0016,0.0024,0.003,0.0037,0.00541,0.421576,0.01326,0.000938,0.39578,0.41235,0.42175,0.4297,0.44753
35.0,0.307008,0.00439,0.00031,0.2992,0.3038,0.3072,0.31,0.31542,0.271321,0.00961,0.00068,0.25269,0.26518,0.27025,0.27745,0.28781,0.002814,0.00093,6.6e-5,0.0013,0.0022,0.0027,0.0033,0.0051,0.418857,0.01327,0.000938,0.39329,0.4091,0.41935,0.42725,0.44452,0.002814,0.00093,6.6e-5,0.0013,0.0022,0.0027,0.0033,0.0051,0.42167,0.01325,0.000937,0.39588,0.4125,0.42185,0.4297,0.44753
35.5,0.306972,0.00439,0.000311,0.2992,0.3038,0.30715,0.30982,0.31542,0.271272,0.00961,0.000679,0.25269,0.26518,0.27025,0.27745,0.2878,0.002547,0.00088,6.2e-5,0.0012,0.0019,0.0024,0.003,0.0048,0.41921,0.01325,0.000937,0.3934,0.40948,0.41975,0.4276,0.44482,0.002547,0.00088,6.2e-5,0.0012,0.0019,0.0024,0.003,0.0048,0.421757,0.01325,0.000937,0.39608,0.41252,0.4219,0.4297,0.44753
36.0,0.306944,0.00439,0.00031,0.2992,0.3038,0.30715,0.30975,0.31542,0.27123,0.00961,0.000679,0.25269,0.26518,0.2702,0.27745,0.2878,0.002312,0.00084,6.0e-5,0.0011,0.0018,0.0022,0.0028,0.00441,0.419514,0.01325,0.000937,0.3936,0.41002,0.41995,0.4281,0.44512,0.002312,0.00084,6.0e-5,0.0011,0.0018,0.0022,0.0028,0.00441,0.421825,0.01325,0.000937,0.39618,0.41252,0.42205,0.4297,0.44753
36.5,0.306918,0.00439,0.00031,0.2992,0.3037,0.30715,0.30975,0.31532,0.271187,0.0096,0.000679,0.25269,0.26518,0.2702,0.27742,0.2878,0.002115,0.00082,5.8e-5,0.001,0.0015,0.002,0.0025,0.0041,0.419779,0.01326,0.000938,0.39418,0.4104,0.42,0.4282,0.44552,0.002115,0.00082,5.8e-5,0.001,0.0015,0.002,0.0025,0.0041,0.421894,0.01324,0.000936,0.39637,0.41265,0.4221,0.42982,0.44753
37.0,0.306895,0.00439,0.00031,0.2992,0.3037,0.30715,0.30972,0.31532,0.271148,0.00961,0.000679,0.25259,0.2651,0.2702,0.27732,0.2878,0.001931,0.00078,5.5e-5,0.0009,0.0014,0.0018,0.0023,0.00371,0.420026,0.01326,0.000938,0.39419,0.41058,0.4201,0.42832,0.44572,0.001931,0.00078,5.5e-5,0.0009,0.0014,0.0018,0.0023,0.00371,0.421958,0.01324,0.000936,0.39647,0.41265,0.4221,0.4299,0.44763
37.5,0.30687,0.00438,0.00031,0.2992,0.30368,0.3071,0.30972,0.31532,0.271121,0.0096,0.000679,0.25259,0.2651,0.2702,0.27725,0.2877,0.001756,0.00073,5.1e-5,0.0007,0.0012,0.0017,0.0021,0.0037,0.420253,0.01327,0.000938,0.39439,0.4109,0.4203,0.42852,0.44582,0.001756,0.00073,5.1e-5,0.0007,0.0012,0.0017,0.0021,0.0037,0.422008,0.01324,0.000936,0.39657,0.41265,0.42215,0.4299,0.44763
38.0,0.306852,0.00439,0.00031,0.2992,0.3036,0.3071,0.3097,0.31532,0.271093,0.00961,0.000679,0.25258,0.2651,0.2702,0.27725,0.2877,0.001586,0.00068,4.8e-5,0.0006,0.00118,0.0015,0.0019,0.0034,0.420468,0.01327,0.000939,0.39468,0.4111,0.4204,0.42858,0.44652,0.001586,0.00068,4.8e-5,0.0006,0.00118,0.0015,0.0019,0.0034,0.422055,0.01325,0.000937,0.39657,0.4127,0.4222,0.4299,0.44764
38.5,0.306832,0.00439,0.00031,0.2991,0.3036,0.3071,0.3097,0.31532,0.271065,0.00961,0.000679,0.25258,0.265,0.2702,0.27725,0.2875,0.001445,0.00064,4.5e-5,0.0004,0.00108,0.0013,0.0017,0.00311,0.420658,0.01325,0.000937,0.39488,0.41138,0.42055,0.42875,0.44672,0.001445,0.00064,4.5e-5,0.0004,0.00108,0.0013,0.0017,0.00311,0.422103,0.01325,0.000937,0.39658,0.41278,0.4222,0.42992,0.44764
39.0,0.306812,0.00438,0.00031,0.2991,0.3036,0.3071,0.3097,0.31532,0.271042,0.00961,0.000679,0.25248,0.265,0.27015,0.27725,0.2875,0.001322,0.00061,4.3e-5,0.0004,0.0009,0.0012,0.00163,0.0029,0.420823,0.01326,0.000938,0.39537,0.4115,0.42095,0.42885,0.44673,0.001322,0.00061,4.3e-5,0.0004,0.0009,0.0012,0.00163,0.0029,0.422145,0.01324,0.000936,0.39668,0.41285,0.4223,0.42992,0.44764
39.5,0.306794,0.00438,0.00031,0.2991,0.30358,0.3071,0.30962,0.31532,0.271017,0.00961,0.000679,0.25248,0.265,0.27015,0.27718,0.28741,0.0012,0.00057,4.0e-5,0.0003,0.0008,0.0011,0.0015,0.0026,0.420989,0.01325,0.000937,0.39557,0.4117,0.42125,0.4289,0.44674,0.0012,0.00057,4.0e-5,0.0003,0.0008,0.0011,0.0015,0.0026,0.422189,0.01324,0.000936,0.39668,0.41285,0.4224,0.42995,0.44764
40.0,0.30678,0.00438,0.00031,0.2991,0.3035,0.307,0.3096,0.31532,0.270997,0.00961,0.000679,0.25248,0.265,0.27015,0.27703,0.28741,0.001088,0.00055,3.9e-5,0.0003,0.0007,0.001,0.0013,0.0025,0.421134,0.01325,0.000937,0.39558,0.41185,0.4214,0.42912,0.44683,0.001088,0.00055,3.9e-5,0.0003,0.0007,0.001,0.0013,0.0025,0.422222,0.01323,0.000936,0.39668,0.41285,0.4224,0.42995,0.44764
40.5,0.30677,0.00438,0.00031,0.2991,0.3035,0.30695,0.3096,0.31532,0.270978,0.0096,0.000679,0.25248,0.265,0.27015,0.2769,0.28741,0.000991,0.0005,3.6e-5,0.0002,0.0007,0.0009,0.00122,0.0022,0.421261,0.01325,0.000937,0.39558,0.4121,0.4214,0.4292,0.44684,0.000991,0.0005,3.6e-5,0.0002,0.0007,0.0009,0.00122,0.0022,0.422251,0.01324,0.000936,0.39668,0.41285,0.4224,0.42995,0.44764
41.0,0.306757,0.00438,0.00031,0.2991,0.3035,0.30695,0.30952,0.31532,0.270961,0.0096,0.000679,0.25248,0.265,0.27015,0.2769,0.2874,0.000908,0.00049,3.4e-5,0.0002,0.0006,0.0008,0.0011,0.002,0.421373,0.01325,0.000937,0.39569,0.41212,0.42145,0.42922,0.44694,0.000908,0.00049,3.4e-5,0.0002,0.0006,0.0008,0.0011,0.002,0.422281,0.01324,0.000936,0.39678,0.41288,0.4224,0.42995,0.44764
41.5,0.306748,0.00438,0.00031,0.2991,0.3035,0.30695,0.30952,0.31532,0.270942,0.0096,0.000679,0.25248,0.26498,0.2701,0.2769,0.2874,0.000827,0.00046,3.2e-5,0.0002,0.0005,0.00075,0.00103,0.0019,0.421483,0.01327,0.000938,0.39569,0.41225,0.42175,0.4294,0.44704,0.000827,0.00046,3.2e-5,0.0002,0.0005,0.00075,0.00103,0.0019,0.42231,0.01324,0.000936,0.39678,0.41295,0.42245,0.43002,0.44764
42.0,0.306738,0.00438,0.00031,0.2991,0.3035,0.30695,0.30952,0.31532,0.270924,0.0096,0.000679,0.25248,0.26498,0.2701,0.2769,0.2874,0.00075,0.00044,3.1e-5,0.0001,0.0005,0.0007,0.0009,0.00171,0.421588,0.01325,0.000937,0.39579,0.41225,0.4218,0.4295,0.44704,0.00075,0.00044,3.1e-5,0.0001,0.0005,0.0007,0.0009,0.00171,0.422337,0.01323,0.000936,0.39687,0.41305,0.42245,0.4301,0.44765
42.5,0.306729,0.00439,0.00031,0.2991,0.30348,0.30695,0.30952,0.31532,0.27091,0.0096,0.000679,0.25248,0.26498,0.2701,0.2769,0.2874,0.000692,0.00044,3.1e-5,0.0001,0.0004,0.0006,0.0009,0.0018,0.421669,0.01325,0.000937,0.39599,0.41225,0.42185,0.42952,0.44704,0.000692,0.00044,3.1e-5,0.0001,0.0004,0.0006,0.0009,0.0018,0.422361,0.01323,0.000936,0.39687,0.41305,0.42245,0.43012,0.44765
43.0,0.306719,0.00439,0.00031,0.2991,0.30348,0.30695,0.30952,0.31522,0.270896,0.0096,0.000679,0.25247,0.26498,0.2701,0.2769,0.2874,0.000633,0.00042,3.0e-5,0.0001,0.0003,0.0005,0.0008,0.0016,0.421751,0.01325,0.000937,0.39609,0.41225,0.42195,0.4297,0.44714,0.000633,0.00042,3.0e-5,0.0001,0.0003,0.0005,0.0008,0.0016,0.422384,0.01323,0.000936,0.39687,0.41315,0.42245,0.43015,0.44784
43.5,0.306714,0.00439,0.00031,0.2991,0.30348,0.3069,0.30952,0.31522,0.270883,0.00959,0.000678,0.25247,0.26498,0.2701,0.2769,0.2874,0.000583,0.00039,2.8e-5,0.0001,0.0003,0.0005,0.0008,0.0015,0.42182,0.01324,0.000936,0.39618,0.41227,0.42215,0.4297,0.44724,0.000583,0.00039,2.8e-5,0.0001,0.0003,0.0005,0.0008,0.0015,0.422404,0.01322,0.000935,0.39687,0.41325,0.4225,0.43015,0.44784
44.0,0.306703,0.00438,0.00031,0.299,0.30348,0.3069,0.30952,0.31522,0.27087,0.00959,0.000678,0.25247,0.2649,0.2701,0.2769,0.2874,0.000533,0.00038,2.7e-5,0.0,0.0003,0.0005,0.0007,0.0014,0.421894,0.01324,0.000937,0.39619,0.4123,0.42215,0.4297,0.44724,0.000533,0.00038,2.7e-5,0.0,0.0003,0.0005,0.0007,0.0014,0.422426,0.01322,0.000935,0.39687,0.41325,0.4225,0.43022,0.44804
44.5,0.306698,0.00439,0.00031,0.29899,0.30348,0.30685,0.30952,0.31522,0.27086,0.00959,0.000678,0.25247,0.2649,0.2701,0.2769,0.2874,0.000483,0.00036,2.5e-5,0.0,0.0002,0.0004,0.0007,0.0013,0.421958,0.01323,0.000936,0.39638,0.4123,0.42215,0.42982,0.44725,0.000483,0.00036,2.5e-5,0.0,0.0002,0.0004,0.0007,0.0013,0.422441,0.01323,0.000935,0.39687,0.41325,0.42255,0.43022,0.44815
45.0,0.306694,0.00438,0.00031,0.29899,0.30348,0.30685,0.30952,0.31522,0.270853,0.00959,0.000678,0.25247,0.2649,0.2701,0.2769,0.2874,0.000439,0.00033,2.3e-5,0.0,0.0002,0.0004,0.0006,0.0012,0.422014,0.01323,0.000935,0.39638,0.4127,0.4222,0.42982,0.44725,0.000439,0.00033,2.3e-5,0.0,0.0002,0.0004,0.0006,0.0012,0.422452,0.01323,0.000935,0.39687,0.41325,0.4226,0.43022,0.44815
45.5,0.306688,0.00438,0.00031,0.29899,0.3034,0.3068,0.30952,0.31522,0.270844,0.00959,0.000678,0.25247,0.2649,0.2701,0.2769,0.2874,0.000401,0.00031,2.2e-5,0.0,0.0002,0.0003,0.0005,0.0012,0.422068,0.01323,0.000936,0.39638,0.4127,0.4222,0.42992,0.44744,0.000401,0.00031,2.2e-5,0.0,0.0002,0.0003,0.0005,0.0012,0.422468,0.01322,0.000935,0.39687,0.41328,0.42265,0.43022,0.44815
46.0,0.306681,0.00438,0.00031,0.29899,0.3034,0.3068,0.30952,0.31522,0.270838,0.00958,0.000678,0.25246,0.2649,0.2701,0.2769,0.2874,0.000368,0.0003,2.1e-5,0.0,0.0002,0.0003,0.0005,0.0012,0.422112,0.01323,0.000936,0.39648,0.41282,0.42225,0.42992,0.44755,0.000368,0.0003,2.1e-5,0.0,0.0002,0.0003,0.0005,0.0012,0.42248,0.01322,0.000935,0.39687,0.41328,0.42265,0.43022,0.44815
46.5,0.306676,0.00438,0.00031,0.29899,0.3034,0.3068,0.30952,0.31522,0.270832,0.00958,0.000678,0.25246,0.2649,0.2701,0.2769,0.2874,0.000334,0.00029,2.1e-5,0.0,0.0001,0.0003,0.0004,0.0012,0.422158,0.01324,0.000936,0.39658,0.41288,0.42225,0.42992,0.44764,0.000334,0.00029,2.1e-5,0.0,0.0001,0.0003,0.0004,0.0012,0.422491,0.01321,0.000934,0.39687,0.41328,0.42265,0.43022,0.44815
47.0,0.306671,0.00438,0.00031,0.29899,0.3034,0.3068,0.30952,0.31522,0.270828,0.00958,0.000677,0.25246,0.2649,0.2701,0.2769,0.2874,0.000305,0.00029,2.1e-5,0.0,0.0001,0.0002,0.0004,0.0012,0.422196,0.01323,0.000936,0.39658,0.41302,0.4223,0.43,0.44774,0.000305,0.00029,2.1e-5,0.0,0.0001,0.0002,0.0004,0.0012,0.422501,0.01321,0.000934,0.39687,0.41328,0.42265,0.4303,0.44815
47.5,0.306667,0.00438,0.00031,0.29899,0.3034,0.3068,0.30952,0.31522,0.270826,0.00958,0.000677,0.25246,0.2649,0.2701,0.2769,0.2874,0.00027,0.00027,1.9e-5,0.0,0.0001,0.0002,0.0004,0.0011,0.422236,0.01323,0.000935,0.39658,0.4131,0.4223,0.43,0.44775,0.00027,0.00027,1.9e-5,0.0,0.0001,0.0002,0.0004,0.0011,0.422507,0.01321,0.000934,0.39687,0.41328,0.42275,0.4303,0.44815
48.0,0.306662,0.00438,0.00031,0.29899,0.3034,0.3068,0.30952,0.31522,0.270819,0.00957,0.000677,0.25246,0.2649,0.2701,0.2769,0.2874,0.000252,0.00026,1.9e-5,0.0,0.0001,0.0002,0.0003,0.001,0.422267,0.01323,0.000935,0.39658,0.41315,0.42235,0.43,0.44775,0.000252,0.00026,1.9e-5,0.0,0.0001,0.0002,0.0003,0.001,0.422519,0.0132,0.000934,0.39687,0.41328,0.4228,0.4303,0.44815
48.5,0.306659,0.00438,0.00031,0.29899,0.3034,0.3068,0.30952,0.31522,0.270816,0.00958,0.000677,0.25246,0.2649,0.2701,0.2769,0.2874,0.000228,0.00025,1.8e-5,0.0,0.0001,0.0002,0.0003,0.001,0.422297,0.01322,0.000935,0.39658,0.41318,0.4224,0.43002,0.44775,0.000228,0.00025,1.8e-5,0.0,0.0001,0.0002,0.0003,0.001,0.422525,0.01321,0.000934,0.39687,0.41328,0.42285,0.4303,0.44815
49.0,0.306655,0.00438,0.00031,0.2989,0.3034,0.30675,0.30952,0.31522,0.270814,0.00958,0.000677,0.25246,0.2649,0.2701,0.2769,0.2874,0.000203,0.00023,1.6e-5,0.0,0.0001,0.0001,0.0003,0.0009,0.422328,0.01321,0.000934,0.39668,0.41318,0.4225,0.43005,0.44775,0.000203,0.00023,1.6e-5,0.0,0.0001,0.0001,0.0003,0.0009,0.42253,0.01321,0.000934,0.39687,0.41328,0.42285,0.43035,0.44815
49.5,0.306654,0.00438,0.00031,0.2989,0.3034,0.30675,0.30952,0.31522,0.270811,0.00958,0.000677,0.25246,0.2649,0.2701,0.2769,0.2874,0.000182,0.00021,1.5e-5,0.0,0.0,0.0001,0.0002,0.0008,0.422352,0.01321,0.000934,0.39668,0.41318,0.4226,0.43005,0.44775,0.000182,0.00021,1.5e-5,0.0,0.0,0.0001,0.0002,0.0008,0.422534,0.01321,0.000934,0.39687,0.41328,0.42285,0.43035,0.44815
50.0,0.306653,0.00438,0.00031,0.2989,0.3034,0.30675,0.30952,0.31522,0.27081,0.00958,0.000677,0.25246,0.2649,0.2701,0.2769,0.2874,0.000166,0.0002,1.4e-5,0.0,0.0,0.0001,0.0002,0.0007,0.422371,0.01321,0.000934,0.39668,0.4132,0.4226,0.43005,0.44775,0.000166,0.0002,1.4e-5,0.0,0.0,0.0001,0.0002,0.0007,0.422536,0.0132,0.000934,0.39687,0.41328,0.42285,0.43035,0.44815
50.5,0.30665,0.00438,0.00031,0.2989,0.3034,0.30675,0.30952,0.31522,0.27081,0.00958,0.000677,0.25246,0.2649,0.2701,0.2769,0.2874,0.000146,0.00018,1.2e-5,0.0,0.0,0.0001,0.0002,0.0006,0.422393,0.01321,0.000934,0.39668,0.4132,0.4226,0.43012,0.44775,0.000146,0.00018,1.2e-5,0.0,0.0,0.0001,0.0002,0.0006,0.422539,0.0132,0.000934,0.39687,0.41328,0.42285,0.43035,0.44815
51.0,0.306648,0.00438,0.00031,0.2989,0.3034,0.30675,0.30952,0.31522,0.270809,0.00958,0.000677,0.25246,0.2649,0.2701,0.2769,0.2874,0.000136,0.00017,1.2e-5,0.0,0.0,0.0001,0.0002,0.0006,0.422407,0.01321,0.000934,0.39668,0.4132,0.4226,0.43012,0.44795,0.000136,0.00017,1.2e-5,0.0,0.0,0.0001,0.0002,0.0006,0.422542,0.0132,0.000934,0.39687,0.41328,0.42285,0.43035,0.44815
51.5,0.306646,0.00438,0.00031,0.2989,0.3034,0.30675,0.30952,0.31522,0.270807,0.00958,0.000677,0.25246,0.2649,0.2701,0.2769,0.2874,0.000127,0.00017,1.2e-5,0.0,0.0,0.0001,0.0002,0.0006,0.422419,0.01321,0.000934,0.39668,0.4132,0.4226,0.4302,0.44795,0.000127,0.00017,1.2e-5,0.0,0.0,0.0001,0.0002,0.0006,0.422546,0.01321,0.000934,0.39687,0.41328,0.42285,0.43035,0.44815
52.0,0.306644,0.00438,0.00031,0.2989,0.3034,0.30675,0.30952,0.31522,0.270804,0.00957,0.000677,0.25246,0.2649,0.2701,0.2769,0.2874,0.000117,0.00016,1.2e-5,0.0,0.0,0.0001,0.0002,0.0006,0.422435,0.01321,0.000934,0.39668,0.4132,0.4226,0.4302,0.44795,0.000117,0.00016,1.2e-5,0.0,0.0,0.0001,0.0002,0.0006,0.422552,0.0132,0.000934,0.39687,0.41328,0.42285,0.43035,0.44815
52.5,0.306643,0.00438,0.00031,0.2989,0.3034,0.30675,0.30952,0.31522,0.270804,0.00957,0.000677,0.25246,0.2649,0.2701,0.2769,0.2874,0.000106,0.00015,1.1e-5,0.0,0.0,0.0001,0.0001,0.0005,0.422447,0.01321,0.000934,0.39668,0.4132,0.4226,0.4302,0.44805,0.000106,0.00015,1.1e-5,0.0,0.0,0.0001,0.0001,0.0005,0.422553,0.0132,0.000934,0.39687,0.41328,0.42285,0.43035,0.44815
53.0,0.306642,0.00438,0.00031,0.2989,0.3034,0.30675,0.30952,0.31522,0.270802,0.00957,0.000677,0.25246,0.2649,0.2701,0.2769,0.2874,9.7e-5,0.00015,1.0e-5,0.0,0.0,0.0,0.0001,0.0005,0.422458,0.0132,0.000934,0.39668,0.4132,0.4226,0.4302,0.44805,9.7e-5,0.00015,1.0e-5,0.0,0.0,0.0,0.0001,0.0005,0.422555,0.0132,0.000934,0.39687,0.41328,0.42285,0.43035,0.44815
53.5,0.30664,0.00438,0.00031,0.2989,0.3034,0.30675,0.30952,0.31522,0.270802,0.00957,0.000677,0.25246,0.2649,0.2701,0.2769,0.2874,8.6e-5,0.00014,1.0e-5,0.0,0.0,0.0,0.0001,0.0005,0.422472,0.01321,0.000934,0.39668,0.4132,0.4226,0.43022,0.44805,8.6e-5,0.00014,1.0e-5,0.0,0.0,0.0,0.0001,0.0005,0.422558,0.0132,0.000934,0.39687,0.41328,0.42285,0.43035,0.44815
54.0,0.30664,0.00438,0.00031,0.2989,0.3034,0.30675,0.30952,0.31522,0.2708,0.00958,0.000677,0.25246,0.2649,0.2701,0.2769,0.2874,7.9e-5,0.00013,9.0e-6,0.0,0.0,0.0,0.0001,0.0005,0.422482,0.0132,0.000934,0.39668,0.4132,0.4226,0.43033,0.44805,7.9e-5,0.00013,9.0e-6,0.0,0.0,0.0,0.0001,0.0005,0.42256,0.01321,0.000934,0.39687,0.41328,0.42285,0.43035,0.44815
54.5,0.306639,0.00438,0.00031,0.2989,0.3034,0.30675,0.30952,0.31522,0.270797,0.00958,0.000677,0.25246,0.2649,0.2701,0.2769,0.2874,7.2e-5,0.00013,9.0e-6,0.0,0.0,0.0,0.0001,0.0004,0.42249,0.0132,0.000933,0.39668,0.4132,0.4226,0.43033,0.44805,7.2e-5,0.00013,9.0e-6,0.0,0.0,0.0,0.0001,0.0004,0.422563,0.0132,0.000934,0.39687,0.41328,0.42285,0.43035,0.44815
55.0,0.306638,0.00438,0.00031,0.2989,0.3034,0.30675,0.30952,0.31522,0.270797,0.00958,0.000677,0.25246,0.2649,0.2701,0.2769,0.2874,6.4e-5,0.00012,8.0e-6,0.0,0.0,0.0,0.0001,0.0004,0.4225,0.0132,0.000934,0.39668,0.4132,0.42265,0.43033,0.44805,6.4e-5,0.00012,8.0e-6,0.0,0.0,0.0,0.0001,0.0004,0.422564,0.0132,0.000934,0.39687,0.41328,0.42285,0.43035,0.44815
55.5,0.306637,0.00438,0.000309,0.2989,0.3034,0.30675,0.30952,0.31522,0.270796,0.00958,0.000677,0.25246,0.2649,0.2701,0.2769,0.2874,5.8e-5,0.00011,8.0e-6,0.0,0.0,0.0,0.0001,0.0004,0.422508,0.0132,0.000934,0.39668,0.4132,0.42265,0.43035,0.44805,5.8e-5,0.00011,8.0e-6,0.0,0.0,0.0,0.0001,0.0004,0.422566,0.0132,0.000934,0.39687,0.41335,0.42285,0.43035,0.44815
56.0,0.306637,0.00438,0.000309,0.2989,0.3034,0.30675,0.30952,0.31522,0.270795,0.00958,0.000677,0.25246,0.2649,0.2701,0.2769,0.2874,5.6e-5,0.00011,8.0e-6,0.0,0.0,0.0,0.0001,0.0004,0.422512,0.01321,0.000934,0.39668,0.4132,0.42265,0.43035,0.44805,5.6e-5,0.00011,8.0e-6,0.0,0.0,0.0,0.0001,0.0004,0.422568,0.0132,0.000934,0.39687,0.41335,0.42285,0.43035,0.44815
56.5,0.306637,0.00438,0.000309,0.2989,0.3034,0.30675,0.30952,0.31522,0.270793,0.00958,0.000677,0.25246,0.2649,0.2701,0.2769,0.2874,5.1e-5,0.0001,7.0e-6,0.0,0.0,0.0,0.0001,0.0003,0.422518,0.01321,0.000934,0.39668,0.4132,0.4227,0.43035,0.44805,5.1e-5,0.0001,7.0e-6,0.0,0.0,0.0,0.0001,0.0003,0.42257,0.0132,0.000934,0.39687,0.41335,0.42285,0.43035,0.44815
57.0,0.306636,0.00437,0.000309,0.2989,0.3034,0.30675,0.30952,0.31522,0.270793,0.00958,0.000677,0.25246,0.2649,0.2701,0.2769,0.2874,4.5e-5,9.0e-5,7.0e-6,0.0,0.0,0.0,0.0001,0.0003,0.422525,0.0132,0.000934,0.39668,0.4132,0.4227,0.43035,0.44805,4.5e-5,9.0e-5,7.0e-6,0.0,0.0,0.0,0.0001,0.0003,0.42257,0.0132,0.000934,0.39687,0.41335,0.42285,0.43035,0.44815
57.5,0.306635,0.00437,0.000309,0.2989,0.3034,0.30675,0.30952,0.31522,0.270793,0.00958,0.000677,0.25246,0.2649,0.2701,0.2769,0.2874,3.9e-5,8.0e-5,6.0e-6,0.0,0.0,0.0,0.0001,0.0003,0.422532,0.0132,0.000933,0.39678,0.41328,0.42275,0.43035,0.44805,3.9e-5,8.0e-5,6.0e-6,0.0,0.0,0.0,0.0001,0.0003,0.422571,0.0132,0.000933,0.39687,0.41335,0.42285,0.43035,0.44815
58.0,0.306634,0.00437,0.000309,0.2989,0.3034,0.30675,0.30952,0.31522,0.270792,0.00958,0.000677,0.25246,0.2649,0.2701,0.2769,0.2874,3.5e-5,8.0e-5,6.0e-6,0.0,0.0,0.0,0.0,0.0003,0.422538,0.0132,0.000933,0.39678,0.41328,0.42275,0.43035,0.44805,3.5e-5,8.0e-5,6.0e-6,0.0,0.0,0.0,0.0,0.0003,0.422573,0.0132,0.000933,0.39687,0.41335,0.42285,0.43035,0.44815
58.5,0.306634,0.00437,0.000309,0.2989,0.3034,0.30675,0.30952,0.31522,0.270792,0.00958,0.000677,0.25246,0.2649,0.2701,0.2769,0.2874,3.1e-5,8.0e-5,5.0e-6,0.0,0.0,0.0,0.0,0.0003,0.422542,0.0132,0.000933,0.39678,0.41328,0.42275,0.43035,0.44805,3.1e-5,8.0e-5,5.0e-6,0.0,0.0,0.0,0.0,0.0003,0.422573,0.0132,0.000933,0.39687,0.41335,0.42285,0.43035,0.44815
59.0,0.306634,0.00437,0.000309,0.2989,0.3034,0.30675,0.30952,0.31522,0.270791,0.00958,0.000677,0.25246,0.2649,0.2701,0.2769,0.2874,3.0e-5,8.0e-5,5.0e-6,0.0,0.0,0.0,0.0,0.0003,0.422544,0.0132,0.000933,0.39687,0.41328,0.42275,0.43035,0.44805,3.0e-5,8.0e-5,5.0e-6,0.0,0.0,0.0,0.0,0.0003,0.422574,0.0132,0.000933,0.39687,0.41335,0.42285,0.43035,0.44815
59.5,0.306634,0.00437,0.000309,0.2989,0.3034,0.30675,0.30952,0.31522,0.270791,0.00958,0.000677,0.25246,0.2649,0.2701,0.2769,0.2874,2.6e-5,7.0e-5,5.0e-6,0.0,0.0,0.0,0.0,0.0002,0.422549,0.0132,0.000933,0.39687,0.41328,0.4228,0.43035,0.44805,2.6e-5,7.0e-5,5.0e-6,0.0,0.0,0.0,0.0,0.0002,0.422575,0.0132,0.000933,0.39687,0.41335,0.42285,0.43035,0.44815
60.0,0.306633,0.00437,0.000309,0.2989,0.3034,0.30675,0.30952,0.31522,0.270791,0.00958,0.000677,0.25246,0.2649,0.2701,0.2769,0.2874,2.2e-5,6.0e-5,4.0e-6,0.0,0.0,0.0,0.0,0.0002,0.422554,0.0132,0.000933,0.39687,0.41328,0.4228,0.43035,0.44805,2.2e-5,6.0e-5,4.0e-6,0.0,0.0,0.0,0.0,0.0002,0.422575,0.0132,0.000933,0.39687,0.41335,0.42285,0.43035,0.44815
