run,final_size,peak_t,peak_value,major,realised.erased_fraction,realised.excess_degree,realised.mean_degree
1,0.8861,12.637812,0.2524,1,0.0,7.67415,8.0466
2,0.889,12.126361,0.2523,1,0.0,7.63848,8.0078
3,0.8803,12.059553,0.2432,1,0.0,7.65771,8.0108
4,0.8646,13.055672,0.2297,1,0.0,7.64907,8.0364
5,0.8789,12.953551,0.2354,1,0.0,7.65361,8.0234
6,0.8779,12.91754,0.2407,1,0.0,7.6436,8.0196
7,0.8656,13.408994,0.2322,1,0.0,7.66609,8.0266
8,0.8748,11.745887,0.2431,1,0.0,7.62392,8.0036
9,0.8923,12.377918,0.2481,1,0.0,7.64194,8.0238
10,0.8722,12.386768,0.2397,1,0.0,7.57349,7.9534
11,0.8781,13.28013,0.2269,1,0.0,7.59351,7.9632
12,0.8811,13.126834,0.2409,1,0.0,7.62607,8.002
13,0.8707,11.293446,0.2342,1,0.0,7.63749,8.0102
14,0.869,12.376826,0.2372,1,0.0,7.62873,8.0034
15,0.8784,12.020408,0.2382,1,0.0,7.57206,7.9362
16,0.8738,13.662663,0.2375,1,0.0,7.60095,7.9694
17,0.8864,11.974185,0.2441,1,0.0,7.59455,7.9912
18,0.8807,11.836416,0.2416,1,0.0,7.58651,7.9722
19,0.8712,12.13966,0.2378,1,0.0,7.60583,7.9788
20,0.8801,12.822977,0.248,1,0.0,7.61623,7.9882
21,0.8727,12.433295,0.2397,1,0.0,7.63053,7.991
22,0.8799,13.808886,0.2419,1,0.0,7.58662,7.9684
23,0.8762,12.952174,0.2376,1,0.0,7.6488,8.0246
24,0.8781,12.242344,0.2516,1,0.0,7.56856,7.9534
25,0.878,12.276741,0.2395,1,0.0,7.67611,8.044
26,0.8819,13.31004,0.2486,1,0.0,7.62806,8.0152
27,0.876,11.301107,0.2419,1,0.0,7.60927,7.9952
28,0.8816,12.545183,0.2514,1,0.0,7.61059,7.9828
29,0.8829,12.746033,0.2516,1,0.0,7.60207,7.9658
30,0.8796,12.324161,0.2429,1,0.0,7.58873,7.9636
31,0.8833,12.288664,0.2552,1,0.0,7.64211,8.0226
32,0.8807,12.697551,0.2455,1,0.0,7.55489,7.9544
33,0.8781,14.521058,0.2357,1,0.0,7.57639,7.9582
34,0.8742,12.369058,0.2494,1,0.0,7.64931,8.0162
35,0.8872,12.103253,0.2499,1,0.0,7.54711,7.9234
36,0.8768,13.779136,0.2298,1,0.0,7.58471,7.9626
37,0.8731,12.98433,0.2285,1,0.0,7.62774,7.9992
38,0.8878,12.752586,0.2495,1,0.0,7.62284,8.0066
39,0.8826,12.852524,0.246,1,0.0,7.57266,7.9656
40,0.8801,14.026689,0.2277,1,0.0,7.59433,7.965
41,0.8823,13.6413,0.2433,1,0.0,7.59694,7.963
42,0.8768,12.760924,0.2366,1,0.0,7.6544,8.0232
43,0.888,12.500227,0.2612,1,0.0,7.68924,8.0642
44,0.884,13.053785,0.2476,1,0.0,7.6496,8.0228
45,0.8787,13.135996,0.2416,1,0.0,7.52181,7.9178
46,0.8742,12.36336,0.2402,1,0.0,7.60774,7.9866
47,0.8792,12.77986,0.2349,1,0.0,7.60628,7.988
48,0.8774,13.259775,0.2401,1,0.0,7.58665,7.9666
49,0.873,12.438043,0.2357,1,0.0,7.59294,7.9846
50,0.8776,11.943752,0.2431,1,0.0,7.63253,8.0034
51,0.884,11.689146,0.2486,1,0.0,7.6605,8.02
52,0.8812,11.872302,0.2407,1,0.0,7.64133,8.0112
53,0.8753,12.712301,0.2344,1,0.0,7.66917,8.0344
54,0.8811,13.436821,0.2404,1,0.0,7.60266,7.9786
55,0.8742,12.863997,0.2406,1,0.0,7.61187,7.988
56,0.8788,12.540208,0.244,1,0.0,7.63726,7.997
57,0.8848,13.298125,0.2536,1,0.0,7.61299,7.9978
58,0.8805,12.492788,0.2314,1,0.0,7.57879,7.9442
59,0.8785,11.968827,0.2367,1,0.0,7.58839,7.9682
60,0.8743,13.591379,0.2357,1,0.0,7.56236,7.9468
61,0.8737,13.671289,0.2422,1,0.0,7.62606,7.9906
62,0.8789,11.66561,0.2396,1,0.0,7.62126,8.0054
63,0.8804,12.804129,0.2493,1,0.0,7.63985,8.0206
64,0.866,12.234478,0.2385,1,0.0,7.63264,8.0184
65,0.8863,12.909004,0.2432,1,0.0,7.61017,7.9916
66,0.8719,12.724362,0.2341,1,0.0,7.64911,8.0294
67,0.8711,12.313209,0.2305,1,0.0,7.58131,7.962
68,0.8754,12.705842,0.2359,1,0.0,7.61715,8.0032
69,0.8777,13.215858,0.2345,1,0.0,7.61634,7.995
70,0.8785,12.617513,0.2347,1,0.0,7.60241,7.9706
71,0.8875,13.420741,0.2389,1,0.0,7.61612,8.0026
72,0.8962,12.81187,0.2591,1,0.0,7.69227,8.059
73,0.8795,12.707589,0.2557,1,0.0,7.6221,8.0032
74,0.8859,13.599752,0.2408,1,0.0,7.66133,8.0344
75,0.8848,12.109617,0.2594,1,0.0,7.64432,8.0168
76,0.8783,12.786301,0.2484,1,0.0,7.64233,8.014
77,0.8787,11.865065,0.2442,1,0.0,7.64394,8.0296
78,0.8724,11.894022,0.2461,1,0.0,7.58792,7.964
79,0.8739,13.526652,0.228,1,0.0,7.5796,7.9638
80,0.8842,12.512315,0.2387,1,0.0,7.63739,8.0186
81,0.8759,12.435556,0.2285,1,0.0,7.6419,8.0128
82,0.8805,12.595411,0.2361,1,0.0,7.67415,8.059
83,0.8832,12.040273,0.2542,1,0.0,7.63793,7.9984
84,0.8799,12.918865,0.2503,1,0.0,7.70869,8.0746
85,0.8837,13.090121,0.2411,1,0.0,7.62673,8.0082
86,0.8822,13.296768,0.2435,1,0.0,7.65624,8.0248
87,0.8761,13.094941,0.2512,1,0.0,7.67119,8.0398
88,0.8729,13.12673,0.2319,1,0.0,7.62774,7.9938
89,0.8831,12.882614,0.2511,1,0.0,7.63982,8.001
90,0.8697,13.112508,0.2406,1,0.0,7.61891,7.9992
91,0.8875,12.779323,0.2562,1,0.0,7.63039,8.009
92,0.8813,13.709752,0.2399,1,0.0,7.58567,7.9704
93,0.8772,12.419289,0.2366,1,0.0,7.64359,8.0212
94,0.8852,12.975404,0.2488,1,0.0,7.61497,7.9922
95,0.8768,11.803227,0.2413,1,0.0,7.62908,7.9968
96,0.8806,13.391638,0.2328,1,0.0,7.62419,8.0052
97,0.8763,11.731716,0.2523,1,0.0,7.62174,8.0014
98,0.8743,12.074434,0.2391,1,0.0,7.60907,7.9994
99,0.8781,12.573811,0.2306,1,0.0,7.65092,8.0274
100,0.8761,12.019865,0.2385,1,0.0,7.6238,7.999
101,0.8816,11.586542,0.2438,1,0.0,7.62313,7.9964
102,0.8775,12.303919,0.244,1,0.0,7.61981,7.997
103,0.8769,12.903505,0.2384,1,0.0,7.55745,7.9552
104,0.8775,12.292403,0.2227,1,0.0,7.57238,7.957
105,0.8757,12.572717,0.239,1,0.0,7.63622,7.9872
106,0.8891,12.755409,0.2569,1,0.0,7.65982,8.0352
107,0.8741,13.159522,0.2314,1,0.0,7.60681,7.987
108,0.877,13.712276,0.2263,1,0.0,7.64077,8.0176
109,0.8825,12.983347,0.2344,1,0.0,7.6068,7.9796
110,0.8803,12.587138,0.257,1,0.0,7.58589,7.9612
111,0.8731,12.820536,0.2475,1,0.0,7.6174,7.9984
112,0.8848,11.871548,0.2562,1,0.0,7.63279,7.9862
113,0.8697,12.038619,0.2258,1,0.0,7.54792,7.93
114,0.886,13.3623,0.2468,1,0.0,7.61717,7.9984
115,0.8869,12.206314,0.2553,1,0.0,7.60377,7.9762
116,0.8772,12.894531,0.2405,1,0.0,7.62137,8.0046
117,0.8672,12.114646,0.2364,1,0.0,7.62197,7.985
118,0.8735,12.750848,0.2325,1,0.0,7.60583,7.9762
119,0.8799,12.262855,0.256,1,0.0,7.65701,8.0172
120,0.8765,12.563433,0.2482,1,0.0,7.67155,8.0286
121,0.8805,12.854621,0.2357,1,0.0,7.62028,7.999
122,0.8802,12.668321,0.2417,1,0.0,7.60938,7.9874
123,0.8781,12.225797,0.2409,1,0.0,7.58692,7.9554
124,0.8659,13.594505,0.2239,1,0.0,7.62312,7.9792
125,0.8851,13.332446,0.2426,1,0.0,7.57986,7.9578
126,0.8781,12.155246,0.2341,1,0.0,7.54588,7.923
127,0.88,12.365294,0.249,1,0.0,7.63266,8.009
128,0.8815,12.375502,0.2504,1,0.0,7.63564,8.0074
129,0.8754,13.524118,0.2505,1,0.0,7.57397,7.9576
130,0.8735,12.955777,0.2378,1,0.0,7.58931,7.9568
131,0.8872,13.507188,0.2514,1,0.0,7.67127,8.0352
132,0.8771,11.837392,0.245,1,0.0,7.61188,7.9914
133,0.8748,12.802637,0.2361,1,0.0,7.6077,7.978
134,0.875,12.063083,0.2427,1,0.0,7.59644,7.9824
135,0.8734,14.266317,0.2337,1,0.0,7.54425,7.9442
136,0.8891,12.842775,0.2523,1,0.0,7.62782,8.001
137,0.8813,12.489613,0.2475,1,0.0,7.65467,8.0214
138,0.8857,13.098072,0.2514,1,0.0,7.6471,8.0294
139,0.8729,12.818589,0.2308,1,0.0,7.62329,7.9944
140,0.8761,11.903216,0.2277,1,0.0,7.64539,8.023
141,0.8798,13.547972,0.241,1,0.0,7.55701,7.932
142,0.8689,13.000552,0.2391,1,0.0,7.57818,7.955
143,0.8737,12.082243,0.2408,1,0.0,7.60002,7.9854
144,0.8791,13.06477,0.2407,1,0.0,7.62261,7.9896
145,0.887,12.248874,0.2474,1,0.0,7.66783,8.0574
146,0.8739,12.51167,0.2432,1,0.0,7.63647,8.0038
147,0.8684,12.21773,0.2421,1,0.0,7.61024,7.986
148,0.8876,13.573123,0.2349,1,0.0,7.56286,7.9548
149,0.8771,12.737841,0.2411,1,0.0,7.63868,8.0184
150,0.8802,12.400432,0.2376,1,0.0,7.63986,8.0158
151,0.8783,13.576162,0.2326,1,0.0,7.6001,7.9834
152,0.8738,12.053051,0.2503,1,0.0,7.63188,8.0034
153,0.8732,12.372667,0.2447,1,0.0,7.64003,8.0352
154,0.8727,12.353583,0.2384,1,0.0,7.66665,8.036
155,0.8824,13.19276,0.2445,1,0.0,7.58051,7.9572
156,0.8765,13.476736,0.2335,1,0.0,7.62468,8.0012
157,0.8787,12.157587,0.2505,1,0.0,7.71687,8.1016
158,0.8711,12.495862,0.2501,1,0.0,7.56626,7.9596
159,0.8775,11.614073,0.2454,1,0.0,7.56529,7.9552
160,0.8841,13.137109,0.2422,1,0.0,7.62443,8.005
161,0.8823,13.627111,0.2319,1,0.0,7.6202,7.9968
162,0.8705,12.99039,0.2452,1,0.0,7.71467,8.0918
163,0.8721,11.800557,0.2391,1,0.0,7.61135,7.9964
164,0.8765,12.089196,0.2398,1,0.0,7.62689,7.9938
165,0.8909,12.706715,0.2493,1,0.0,7.65701,8.0066
166,0.881,12.854721,0.2481,1,0.0,7.62443,8.0006
167,0.8652,12.706654,0.2452,1,0.0,7.63442,8.0186
168,0.8791,12.959447,0.2378,1,0.0,7.60686,7.9818
169,0.8674,12.40268,0.2379,1,0.0,7.6082,7.9836
170,0.8662,12.164134,0.2399,1,0.0,7.63043,8.0098
171,0.8876,12.223956,0.2579,1,0.0,7.63408,8.0176
172,0.8877,12.783493,0.2494,1,0.0,7.63189,7.9982
173,0.8762,13.634315,0.2439,1,0.0,7.57587,7.9476
174,0.8887,12.384139,0.2564,1,0.0,7.69965,8.0726
175,0.8722,12.823658,0.239,1,0.0,7.66166,8.0214
176,0.8833,13.439303,0.2389,1,0.0,7.6129,7.9866
177,0.8673,12.613018,0.2515,1,0.0,7.60856,7.9798
178,0.8779,12.436435,0.252,1,0.0,7.61183,7.994
179,0.8739,12.225787,0.2483,1,0.0,7.64219,8.0082
180,0.8713,12.956411,0.2413,1,0.0,7.59399,7.947
181,0.8887,13.400802,0.2472,1,0.0,7.61647,7.9936
182,0.8722,12.059581,0.2363,1,0.0,7.57585,7.966
183,0.8726,12.891646,0.2381,1,0.0,7.57364,7.9538
184,0.8669,12.037768,0.2391,1,0.0,7.56764,7.9484
185,0.8767,12.70273,0.2353,1,0.0,7.57275,7.9546
186,0.8902,12.800522,0.2433,1,0.0,7.60423,7.9784
187,0.8825,13.409805,0.2376,1,0.0,7.65631,8.0234
188,0.8725,13.277814,0.2376,1,0.0,7.65099,8.025
189,0.883,12.814874,0.2423,1,0.0,7.62759,8.0068
190,0.8792,12.870831,0.2469,1,0.0,7.57722,7.9554
191,0.8744,12.763157,0.2399,1,0.0,7.61009,7.986
192,0.8809,12.290099,0.2436,1,0.0,7.61768,7.9944
193,0.8774,13.786466,0.2443,1,0.0,7.5969,7.9852
194,0.8699,12.361963,0.2436,1,0.0,7.60644,7.9866
195,0.8913,12.805335,0.2426,1,0.0,7.69641,8.055
196,0.8699,12.397085,0.2268,1,0.0,7.60606,7.9768
197,0.8708,12.683239,0.2336,1,0.0,7.54265,7.934
198,0.8848,13.834373,0.2469,1,0.0,7.57993,7.9692
199,0.8656,13.749969,0.2215,1,0.0,7.58945,7.9732
200,0.8741,14.437143,0.2296,1,0.0,7.61683,7.9918
