run,final_size,peak_t,peak_value,major,shift,realised.clustering,realised.erased_fraction,realised.excess_degree,realised.mean_degree
1,0.7887,18.986984,0.2124,1,-0.243969,0.000482874,0.0,4.986,4.9842
2,0.7924,19.605857,0.2335,1,0.775593,0.000526089,0.0,5.00854,5.0096
3,0.788,20.454769,0.2233,1,0.404585,0.000420095,0.0,4.93821,4.9168
4,0.8119,19.482683,0.2452,1,-0.016102,0.000468904,0.0,5.06003,5.0576
5,0.8029,18.91517,0.2164,1,-0.193529,0.000543465,0.0,5.03721,5.041
6,0.8027,20.627526,0.2276,1,2.13691,0.000337138,0.0,4.98651,4.9966
7,0.7986,17.366147,0.2284,1,-0.984804,0.000532001,0.0,4.98714,4.9752
8,0.7979,18.559521,0.23,1,-0.4988,0.00040397,0.0,5.02736,5.0224
9,0.7966,17.613912,0.2339,1,-1.138465,0.000601039,0.0,4.99896,4.9924
10,0.8054,18.179037,0.2327,1,-1.297096,0.000476467,0.0,5.02121,5.0158
11,0.8016,20.1773,0.2225,1,0.751428,0.000549009,0.0,5.01701,5.0102
12,0.7908,22.367975,0.2126,1,3.492752,0.000606477,0.0,4.97706,4.9694
13,0.8003,19.459196,0.2246,1,1.0708,0.000719183,0.0,4.99689,5.0088
14,0.8087,19.202474,0.2246,1,0.398429,0.000491604,0.0,5.0625,5.0628
15,0.7906,18.127321,0.2263,1,-0.894801,0.000436692,0.0,4.98476,4.9614
16,0.7966,17.480176,0.2304,1,-1.020693,0.000429273,0.0,5.01171,5.02
17,0.8007,15.865827,0.2399,1,-1.761159,0.000457412,0.0,4.99836,4.9862
18,0.8071,18.388558,0.2319,1,-0.600623,0.000380252,0.0,5.02156,5.0276
19,0.7879,19.47356,0.2169,1,-0.087731,0.000503807,0.0,4.99932,5.0026
20,0.8038,17.863861,0.2528,1,-0.945922,0.000380117,0.0,5.04402,5.007
21,0.7948,20.679147,0.2182,1,0.819876,0.000572943,0.0,5.01404,5.0126
22,0.79,20.034749,0.212,1,0.051439,0.000446488,0.0,5.05256,5.0534
23,0.813,19.7712,0.253,1,0.749243,0.000548738,0.0,5.01328,5.0164
24,0.7839,18.530157,0.2208,1,-1.282526,0.000543456,0.0,4.92138,4.9354
25,0.7859,16.050093,0.2293,1,-1.521079,0.000509569,0.0,4.97121,4.974
26,0.7965,19.806672,0.2373,1,0.26958,0.000440198,0.0,4.95164,4.9548
27,0.7878,18.467904,0.2309,1,-0.467349,0.000380084,0.0,5.03822,5.0132
28,0.7883,20.839694,0.2284,1,2.117278,0.000604907,0.0,4.98476,4.9746
29,0.7909,18.963591,0.2214,1,-0.720241,0.000511003,0.0,4.95845,4.9728
30,0.8005,23.093251,0.2272,1,2.828052,0.000548507,0.0,5.0106,5.0212
31,0.7921,19.360832,0.23,1,0.412782,0.000361353,0.0,4.99206,4.9892
32,0.8028,20.350689,0.2256,1,-0.412832,0.000576023,0.0,4.998,5.0018
33,0.7995,21.048882,0.2265,1,1.508301,0.000400254,0.0,5.0453,5.051
34,0.8007,17.006436,0.2318,1,-2.004866,0.000480277,0.0,4.98734,5.0098
35,0.8022,17.630247,0.239,1,-1.032019,0.000450767,0.0,5.01849,5.0394
36,0.7946,19.872155,0.2248,1,0.197892,0.000502192,0.0,5.02343,4.9946
37,0.7984,19.847518,0.2233,1,0.540079,0.000363536,0.0,4.98085,4.9704
38,0.8067,18.845494,0.2346,1,0.050187,0.000522884,0.0,5.0256,5.0232
39,0.7896,17.844335,0.2274,1,-1.854397,0.000559697,0.0,4.96121,4.9698
40,0.7975,16.832834,0.2277,1,-1.063066,0.000565322,0.0,5.0436,5.0504
41,0.8007,18.773675,0.2368,1,-0.039003,0.000382546,0.0,5.01339,5.0056
42,0.7843,18.423482,0.2139,1,-1.255978,0.000479896,0.0,5.01231,4.9888
43,0.803,17.038057,0.2376,1,-0.784847,0.000637303,0.0,5.03877,5.0448
44,0.7951,18.659085,0.2368,1,0.733114,0.000438771,0.0,4.96574,4.9568
45,0.8042,19.918316,0.2357,1,2.095132,0.000427953,0.0,5.02837,5.0188
46,0.7992,20.986554,0.2296,1,1.452899,0.000487037,0.0,4.9589,4.9686
47,0.8051,24.749746,0.2293,1,5.655822,0.000257581,0.0,5.07145,5.0524
48,0.7937,21.942275,0.2243,1,2.621437,0.000724212,0.0,4.98588,4.985
49,0.7946,20.37487,0.2341,1,2.134651,0.000627706,0.0,4.98204,4.9884
50,0.7902,17.967207,0.2176,1,-1.078125,0.000339866,0.0,4.96616,4.9768
51,0.7944,19.629757,0.2259,1,-0.137957,0.000398024,0.0,5.06035,5.0642
52,0.8076,19.025522,0.239,1,0.585869,0.000685579,0.0,5.03571,5.04
53,0.8045,16.801676,0.2328,1,-2.475512,0.000383834,0.0,5.00657,4.9956
54,0.8027,17.076789,0.2383,1,-1.164678,0.000519019,0.0,5.05036,5.0358
55,0.7877,20.479495,0.2294,1,1.728385,0.000499097,0.0,5.0252,5.0238
56,0.7851,19.191439,0.2255,1,0.378894,0.000555466,0.0,4.99457,4.9742
57,0.792,21.743513,0.2269,1,2.473812,0.000779164,0.0,4.95831,4.9698
58,0.7937,26.664869,0.2235,1,7.981929,0.000524617,0.0,5.024,5.0082
59,0.8002,18.832528,0.2167,1,0.144393,0.000505732,0.0,4.99647,4.9864
60,0.8007,22.101171,0.2344,1,2.647931,0.000378881,0.0,5.03593,5.0314
61,0.8076,17.110098,0.2289,1,-1.987522,0.000501006,0.0,5.01404,5.0158
62,0.781,22.948159,0.2044,1,2.668752,0.000342555,0.0,4.94946,4.9544
63,0.7897,17.033161,0.2186,1,-1.361244,0.000615072,0.0,4.93552,4.9412
64,0.7999,18.988749,0.2349,1,0.600211,0.000429249,0.0,5.02521,5.0068
65,0.8026,21.595602,0.2262,1,2.161199,0.000672264,0.0,4.99844,4.9996
66,0.7991,19.840048,0.2351,1,1.562638,0.000520948,0.0,5.03465,5.0328
67,0.8018,17.101506,0.2318,1,-1.451397,0.000605444,0.0,4.98294,4.972
68,0.8032,16.842827,0.224,1,-0.795328,0.000571193,0.0,5.017,5.025
69,0.7893,19.521572,0.2246,1,0.104535,0.000575825,0.0,5.00212,4.9994
70,0.7912,18.116716,0.2196,1,-1.479822,0.000510138,0.0,4.97286,4.9668
71,0.795,19.545518,0.2184,1,-0.362196,0.000509095,0.0,4.97104,4.9788
72,0.792,20.457251,0.2287,1,2.371471,0.000353321,0.0,5.04268,5.0514
73,0.7985,17.718365,0.2374,1,-0.602161,0.000463226,0.0,4.94614,4.9756
74,0.7831,20.799653,0.218,1,1.5446,0.000359715,0.0,5.00056,5.0034
75,0.8028,17.555664,0.2369,1,0.133168,0.00042081,0.0,5.06029,5.0718
76,0.7953,19.968577,0.2281,1,1.598496,0.000425485,0.0,5.03008,5.0462
77,0.7949,16.235528,0.2303,1,-1.818394,0.000524526,0.0,5.02849,5.0046
78,0.7954,28.692724,0.2223,1,10.101443,0.000401205,0.0,5.04212,5.0422
79,0.7943,25.241486,0.2289,1,6.808564,0.000589099,0.0,5.0423,5.0498
80,0.7987,17.140243,0.2315,1,-0.974642,0.000376988,0.0,5.03958,5.053
81,0.7902,27.057614,0.2264,1,8.253784,0.000529674,0.0,4.98779,4.9964
82,0.795,19.866689,0.2117,1,1.523629,0.000506468,0.0,4.97942,4.9962
83,0.7976,21.645614,0.2308,1,2.569006,0.000556232,0.0,4.97929,4.9826
84,0.781,20.743937,0.2183,1,2.284969,0.000385647,0.0,4.99522,4.9834
85,0.7846,19.927021,0.2151,1,0.069089,0.00055292,0.0,5.00048,4.9912
86,0.7893,17.523657,0.2136,1,-1.531054,0.000581072,0.0,4.97926,4.977
87,0.803,19.064405,0.2222,1,0.114247,0.000505862,0.0,4.98399,4.9976
88,0.7982,18.260863,0.2276,1,0.446069,0.000649846,0.0,4.99159,4.9942
89,0.8117,16.386576,0.2343,1,-2.055397,0.000521983,0.0,5.03328,5.0242
90,0.793,18.736541,0.2172,1,-0.705105,0.000645434,0.0,5.01527,5.0046
91,0.7893,19.672178,0.2244,1,1.254596,0.000713329,0.0,5.03106,5.0156
92,0.7957,18.270219,0.2393,1,-0.207457,0.000602448,0.0,4.98546,4.9942
93,0.797,16.697425,0.2334,1,-1.466462,0.000379984,0.0,5.0285,5.0242
94,0.7969,17.580118,0.2187,1,-0.64324,0.00033703,0.0,4.98173,5.003
95,0.7982,19.708382,0.2287,1,0.576341,0.000508151,0.0,4.98448,4.9746
96,0.8055,19.189327,0.2392,1,1.42194,0.000447294,0.0,5.04565,5.0512
97,0.8002,18.270218,0.24,1,0.404807,0.000468809,0.0,5.07169,5.047
98,0.7895,18.593236,0.2172,1,-0.100821,0.000441844,0.0,4.94677,4.9412
99,0.7901,20.581133,0.2252,1,1.644384,0.000568267,0.0,5.03241,5.0354
100,0.8104,19.082201,0.2239,1,-0.773701,0.000453558,0.0,5.00111,5.0258
101,0.7999,19.705887,0.2346,1,0.758158,0.000533489,0.0,4.98124,4.9672
102,0.7908,21.578658,0.233,1,0.961859,0.000661257,0.0,4.95386,4.9454
103,0.788,16.702793,0.2208,1,-1.520564,0.000440256,0.0,4.956,4.9498
104,0.7923,17.515383,0.2171,1,-1.611129,0.000501968,0.0,5.01462,5.0056
105,0.8005,20.520667,0.2411,1,2.476649,0.000590844,0.0,5.05242,5.0248
106,0.7882,22.009503,0.2232,1,4.265769,0.000405838,0.0,5.01661,5.01
107,0.7883,19.18202,0.2312,1,0.326871,0.00037984,0.0,5.03041,5.0242
108,0.8012,20.087979,0.2392,1,0.088594,0.000602318,0.0,4.98096,4.9998
109,0.7922,18.136761,0.222,1,-0.956118,0.000441768,0.0,4.93424,4.9546
110,0.7957,16.105203,0.2283,1,-1.191763,0.000505927,0.0,4.99074,4.9902
111,0.7956,17.536939,0.2299,1,-0.282675,0.000359012,0.0,5.01236,5.0014
112,0.7888,20.57522,0.2249,1,1.503023,0.000406887,0.0,5.00687,5.0068
113,0.7855,18.58858,0.2227,1,-1.075693,0.000443477,0.0,4.93175,4.938
114,0.805,17.064914,0.2302,1,-1.377499,0.000381883,0.0,5.01328,5.0144
115,0.7983,19.742941,0.2277,1,0.365603,0.000527363,0.0,4.99804,5.008
116,0.7829,20.189846,0.2144,1,0.992627,0.000575719,0.0,5.00665,4.9958
117,0.789,16.549875,0.2324,1,-2.096636,0.000331442,0.0,5.04414,5.0244
118,0.7984,22.218816,0.2269,1,3.349875,0.000604517,0.0,4.97,4.9926
119,0.7866,23.434696,0.2117,1,3.831469,0.000527992,0.0,4.99528,5.0048
120,0.7913,18.56189,0.2206,1,-1.056234,0.000439951,0.0,4.95363,4.9556
121,0.804,17.395572,0.2305,1,-0.520829,0.000614987,0.0,5.02544,5.0476
122,0.8008,21.399274,0.2315,1,1.991262,0.000330111,0.0,5.04881,5.04
123,0.797,15.846611,0.2395,1,-1.907328,0.000727728,0.0,5.05618,5.055
124,0.8011,17.741137,0.2329,1,-0.320665,0.000573609,0.0,5.01542,5.0054
125,0.7943,18.675772,0.2176,1,-0.454457,0.000428323,0.0,5.00349,5.0394
126,0.7977,18.037289,0.2303,1,-1.230857,0.00047459,0.0,5.03705,5.0198
127,0.7828,20.063533,0.2175,1,1.587373,0.00056356,0.0,4.95412,4.9428
128,0.8002,18.637052,0.2306,1,-0.013865,0.000456482,0.0,4.99093,5.0038
129,0.8011,19.635783,0.2223,1,1.593019,0.00047125,0.0,5.04581,5.0466
130,0.786,17.168431,0.2257,1,-2.050724,0.000704744,0.0,5.06047,5.0472
131,0.8019,18.044268,0.2286,1,-0.691597,0.000544817,0.0,5.04574,5.02
132,0.7921,21.303216,0.2175,1,0.801294,0.000574722,0.0,5.00431,5.0068
133,0.8045,19.850423,0.233,1,0.63118,0.000421266,0.0,5.0622,5.0644
134,0.7967,20.949727,0.2234,1,1.206852,0.000442004,0.0,5.08911,5.068
135,0.7962,22.190787,0.2164,1,2.366319,0.000604234,0.0,4.9851,4.9798
136,0.8019,20.105893,0.2208,1,1.50515,0.000553914,0.0,4.98851,4.9942
137,0.7881,25.768498,0.2294,1,6.456113,0.000487242,0.0,4.96741,4.958
138,0.8116,16.597852,0.2486,1,-0.863897,0.000485093,0.0,5.09522,5.0978
139,0.8024,16.144764,0.2302,1,-2.562167,0.000432086,0.0,5.01887,4.9802
140,0.7985,17.613763,0.2294,1,-0.844345,0.000511397,0.0,4.96022,4.9672
141,0.8042,16.403207,0.2367,1,-2.163075,0.00054489,0.0,5.03884,5.0262
142,0.7809,16.994969,0.2194,1,-1.620369,0.000532894,0.0,4.98981,4.9642
143,0.7901,18.118349,0.2281,1,-1.18073,0.000585909,0.0,4.96489,4.9502
144,0.8058,19.103948,0.2415,1,0.982378,0.000522263,0.0,5.03077,5.024
145,0.7905,17.948994,0.2195,1,-0.981901,0.000647182,0.0,5.00092,5.0054
146,0.7926,16.948597,0.232,1,-0.940137,0.000755968,0.0,4.96172,4.9588
147,0.7996,37.328586,0.226,1,17.186778,0.000609191,0.0,4.96087,4.9634
148,0.8003,25.271969,0.2299,1,5.883944,0.00042337,0.0,5.04322,5.0582
149,0.7852,20.322037,0.2195,1,1.557006,0.000411108,0.0,4.97095,4.9912
150,0.803,20.752684,0.2293,1,2.064666,0.00042941,0.0,5.00155,5.0286
151,0.7965,24.996948,0.2253,1,4.784219,0.000628657,0.0,4.97251,4.9904
152,0.8051,17.755421,0.2288,1,-1.307225,0.000484371,0.0,4.98038,4.9744
153,0.8101,21.551154,0.2369,1,2.895547,0.000612769,0.0,5.04522,5.046
154,0.7891,17.372693,0.2305,1,-1.494501,0.000556452,0.0,4.97632,4.9836
155,0.8103,18.666846,0.2343,1,0.390982,0.000468333,0.0,5.057,5.0668
156,0.7995,21.327104,0.2333,1,2.562925,0.000544284,0.0,5.03743,5.0332
157,0.8046,18.779604,0.2345,1,-1.419023,0.000476467,0.0,5.02342,5.0136
158,0.7979,18.245844,0.2232,1,-1.379287,0.000308705,0.0,5.03764,5.0156
159,0.8013,18.687685,0.2272,1,0.585204,0.00050162,0.0,5.00889,5.0148
160,0.7941,18.613711,0.2154,1,0.050761,0.00051421,0.0,4.94962,4.9506
161,0.7849,20.902601,0.2113,1,0.29726,0.0007491,0.0,4.9855,4.9804
162,0.7921,21.089395,0.2359,1,2.732938,0.000532615,0.0,4.98399,4.9726
163,0.7966,20.504653,0.2218,1,2.988734,0.000510336,0.0,4.97253,4.9652
164,0.7974,17.044529,0.2301,1,-1.865682,0.000407446,0.0,5.0066,5.0002
165,0.8081,18.944029,0.2276,1,0.221279,0.00051646,0.0,5.0579,5.0532
166,0.7815,19.893667,0.2124,1,0.526914,0.000593731,0.0,4.91337,4.9362
167,0.7951,20.040426,0.2225,1,0.751073,0.000478339,0.0,5.01596,5.0014
168,0.8046,19.212217,0.2185,1,-1.233369,0.000698139,0.0,4.98687,4.9978
169,0.8083,19.347061,0.2327,1,0.342994,0.000522772,0.0,5.02868,5.0212
170,0.7909,20.52844,0.2227,1,0.857044,0.000559207,0.0,4.97898,4.9564
171,0.7959,20.921517,0.2281,1,1.05364,0.000598463,0.0,4.99705,5.0158
172,0.7946,18.018914,0.2267,1,-0.825589,0.000333728,0.0,5.01998,5.014
173,0.8004,20.712644,0.2393,1,1.367931,0.000572669,0.0,5.02065,5.0084
174,0.8078,20.368486,0.2308,1,0.879636,0.000665647,0.0,5.01303,5.0346
175,0.8044,17.887944,0.2317,1,-0.676993,0.000781904,0.0,5.03696,5.0274
176,0.7953,18.858392,0.226,1,-1.048437,0.000342994,0.0,4.94612,4.9514
177,0.8159,19.903214,0.2498,1,1.182001,0.000366191,0.0,5.13451,5.1058
178,0.7916,18.584466,0.2226,1,-0.26645,0.000526249,0.0,5.0271,4.9896
179,0.7877,18.804204,0.2175,1,0.068117,0.000467658,0.0,4.93298,4.9416
180,0.7993,20.636942,0.2166,1,0.79748,0.000590133,0.0,5.03746,5.0458
181,0.8007,18.749846,0.2328,1,-0.232679,0.000264298,0.0,5.00256,4.9918
182,0.7888,16.363925,0.2323,1,-1.897123,0.000358551,0.0,5.01839,5.0018
183,0.7902,16.109351,0.2259,1,-2.279101,0.000354356,0.0,5.04814,5.0312
184,0.7966,17.452721,0.2357,1,-0.018786,0.000495345,0.0,5.04558,5.0414
185,0.7907,16.919108,0.2319,1,-2.034669,0.000692979,0.0,5.01418,5.0076
186,0.8019,18.392933,0.2334,1,0.626065,0.00049933,0.0,5.02305,5.0236
187,0.8009,20.549295,0.2268,1,1.92912,0.000434056,0.0,4.9933,4.983
188,0.7968,22.027754,0.2222,1,2.074118,0.000380072,0.0,5.03617,5.0154
189,0.7989,18.885682,0.2257,1,0.233865,0.000696814,0.0,4.99176,5.0024
190,0.7932,19.000715,0.2208,1,0.262992,0.000524801,0.0,5.00784,5.0226
191,0.782,27.242242,0.2133,1,7.426624,0.000431455,0.0,5.01877,4.9876
192,0.7937,17.536275,0.237,1,-1.810568,0.000355086,0.0,5.03696,5.032
193,0.8074,17.855973,0.2421,1,-0.738362,0.000456029,0.0,5.00689,4.9928
194,0.7917,20.478726,0.2185,1,1.320347,0.000651141,0.0,4.99346,4.9824
195,0.7857,23.483184,0.2093,1,2.446179,0.000640794,0.0,4.9281,4.94
196,0.7962,17.878522,0.2295,1,-1.291148,0.000745301,0.0,5.08797,5.0632
197,0.7949,20.363507,0.2292,1,0.84455,0.000501748,0.0,5.00522,5.0172
198,0.7929,18.571866,0.2179,1,0.172237,0.00031642,0.0,4.96431,4.9656
199,0.8012,23.780657,0.2393,1,4.849033,0.000528766,0.0,4.98658,5.0062
200,0.7927,18.409183,0.2316,1,0.446104,0.000341189,0.0,4.96647,4.9572
201,0.8043,20.957845,0.2322,1,1.355094,0.000501102,0.0,5.00052,5.0284
202,0.8094,24.093448,0.2307,1,4.959731,0.000413995,0.0,4.95356,4.9738
203,0.7807,19.995565,0.2108,1,1.270346,0.000417147,0.0,4.94135,4.9484
204,0.8023,23.095541,0.2262,1,4.402971,0.000536712,0.0,4.95312,4.9654
205,0.7958,17.461865,0.2193,1,-0.613642,0.000426513,0.0,5.04515,5.019
206,0.7785,16.098802,0.2196,1,-1.839112,0.000567369,0.0,4.93183,4.9318
207,0.7985,16.148877,0.2297,1,-1.109342,0.000589118,0.0,5.04594,5.046
208,0.803,20.843908,0.2333,1,1.159039,0.000456947,0.0,4.98545,5.0042
209,0.7955,21.814114,0.2257,1,1.665319,0.000558045,0.0,4.97029,4.9754
210,0.8054,19.362964,0.2405,1,1.049996,0.00072696,0.0,5.04416,5.0724
211,0.8028,19.40901,0.2271,1,-0.406295,0.000448632,0.0,5.04299,5.0388
212,0.7935,17.384103,0.231,1,-1.364553,0.000480338,0.0,4.99368,5.0028
213,0.8014,20.687261,0.2213,1,1.234743,0.000506158,0.0,4.98267,4.996
214,0.7956,18.260062,0.223,1,-0.286185,0.000478499,0.0,5.00587,5.0098
215,0.799,20.578879,0.2246,1,0.645078,0.000469248,0.0,4.93043,4.9274
216,0.7974,22.032914,0.2202,1,2.315289,0.000433123,0.0,5.00345,4.9836
217,0.7902,19.878124,0.2219,1,0.838626,0.000410212,0.0,4.99361,4.9794
218,0.7898,20.836403,0.2247,1,1.814415,0.000530508,0.0,5.00217,4.9742
219,0.7978,18.81978,0.2351,1,-0.132603,0.000671329,0.0,5.01182,4.9932
220,0.7997,20.696314,0.2302,1,2.150084,0.000478305,0.0,5.01331,5.0044
221,0.7997,20.510524,0.2388,1,0.577592,0.000457273,0.0,4.99868,4.9874
222,0.7776,21.095822,0.2166,1,2.241807,0.00063775,0.0,4.93862,4.953
223,0.802,20.416488,0.2223,1,0.422445,0.000553031,0.0,4.99468,4.996
224,0.8035,15.782459,0.2329,1,-1.925609,0.000676012,0.0,5.07396,5.0728
225,0.7904,17.159242,0.2263,1,-1.353263,0.000698689,0.0,4.98754,4.9932
226,0.7974,17.055813,0.2385,1,-1.539825,0.000429212,0.0,5.02645,5.006
227,0.7945,17.918925,0.2303,1,-0.581821,0.000490834,0.0,5.07224,5.061
228,0.787,17.925804,0.2225,1,-0.402838,0.000412758,0.0,4.976,4.9662
229,0.7898,19.842318,0.2238,1,0.770358,0.000702514,0.0,4.97713,4.9764
230,0.7991,18.073261,0.2225,1,-0.253578,0.000478908,0.0,5.0096,5.0018
231,0.8092,19.284553,0.2292,1,-0.313382,0.000719729,0.0,5.00448,4.9974
232,0.7975,18.571934,0.2274,1,-0.282163,0.000637996,0.0,5.05213,5.026
233,0.7824,18.247146,0.2414,1,0.643392,0.000530342,0.0,5.00354,4.9744
234,0.8137,19.802205,0.239,1,2.401551,0.000614914,0.0,5.04081,5.0328
235,0.7935,17.347136,0.2287,1,-1.494692,0.000478393,0.0,5.01119,5.0056
236,0.7897,17.741333,0.2126,1,-1.745537,0.000554903,0.0,4.97802,4.9958
237,0.8121,17.557285,0.2401,1,-0.063837,0.000524438,0.0,5.01271,5.0212
238,0.788,17.864124,0.2122,1,-0.357389,0.000511596,0.0,4.96568,4.9598
239,0.7957,18.945837,0.2143,1,-0.737158,0.000503738,0.0,5.0006,5.002
240,0.805,16.781766,0.2361,1,-1.61567,0.000707898,0.0,5.04312,5.042
241,0.7996,21.905209,0.2288,1,3.142189,0.000519211,0.0,5.03669,5.0476
242,0.803,18.181338,0.2435,1,0.343121,0.000476641,0.0,5.01378,5.0214
243,0.7971,23.340552,0.2141,1,4.158599,0.000548682,0.0,5.018,5.0122
244,0.7998,25.826385,0.2345,1,6.694716,0.000383212,0.0,4.98992,5.0204
245,0.7981,22.080212,0.2201,1,2.931786,0.000534681,0.0,4.97052,4.9668
246,0.795,19.994546,0.2181,1,0.705753,0.000508524,0.0,4.96943,4.986
247,0.8018,16.440403,0.2317,1,-2.265829,0.000658627,0.0,5.07009,5.031
248,0.8092,17.096809,0.241,1,-1.764009,0.000420165,0.0,5.07266,5.0672
249,0.7955,17.934897,0.2309,1,-1.052495,0.000769971,0.0,4.99159,4.9956
250,0.8001,18.79928,0.2238,1,-0.523665,0.00058243,0.0,4.96605,4.9786
251,0.8065,20.529026,0.239,1,0.900693,0.000549897,0.0,5.00351,5.0156
252,0.7851,20.784458,0.218,1,0.006375,0.000593359,0.0,4.91904,4.9336
253,0.8005,20.225281,0.2308,1,1.080499,0.00040055,0.0,5.04098,5.0516
254,0.7979,19.215302,0.2226,1,-0.425418,0.0005377,0.0,4.94242,4.967
255,0.7981,32.807357,0.2302,1,14.28741,0.000267612,0.0,4.9601,4.9722
256,0.8028,19.129261,0.2309,1,-0.293704,0.000430536,0.0,4.99681,5.0202
257,0.7998,19.448366,0.2231,1,0.500645,0.000583837,0.0,4.96226,4.9704
258,0.7924,19.815511,0.2149,1,0.129369,0.000552495,0.0,5.00072,4.9948
259,0.8143,18.53269,0.2385,1,0.138692,0.000436808,0.0,4.97481,4.97
260,0.801,22.274961,0.2228,1,3.39346,0.00044526,0.0,5.0515,5.0684
261,0.7976,15.679173,0.2337,1,-2.336903,0.000601917,0.0,4.99447,4.9896
262,0.8075,21.244113,0.2425,1,2.913577,0.000570926,0.0,5.02935,5.015
263,0.8061,18.249617,0.2441,1,-0.381214,0.000545368,0.0,5.03262,5.028
264,0.7903,21.447164,0.2253,1,1.26384,0.00062439,0.0,4.99249,5.0044
265,0.7884,18.595701,0.2314,1,-0.380186,0.000376964,0.0,5.04629,5.0466
266,0.7828,17.958484,0.2182,1,-0.985315,0.00053625,0.0,4.9512,4.9716
267,0.798,19.026686,0.2348,1,0.053115,0.000616386,0.0,5.02617,5.0354
268,0.7802,20.899121,0.2131,1,0.666277,0.000659169,0.0,4.96533,4.9496
269,0.7997,14.638603,0.2279,1,-2.965857,0.000509507,0.0,4.96662,4.9792
270,0.8008,20.664402,0.2317,1,1.067992,0.000547302,0.0,5.00866,5.0342
271,0.7964,21.456894,0.2221,1,1.896549,0.000361542,0.0,5.0045,4.9742
272,0.8026,20.752955,0.2226,1,0.762687,0.000604161,0.0,4.99132,4.9742
273,0.8001,18.250727,0.2279,1,-1.023375,0.000429618,0.0,5.02129,5.0064
274,0.7991,18.149542,0.2354,1,-0.125839,0.000592286,0.0,5.03912,5.0258
275,0.8027,17.805923,0.2248,1,-1.377948,0.000692874,0.0,5.01474,5.0078
276,0.7992,17.899587,0.2279,1,-1.276379,0.000463418,0.0,4.96384,4.9558
277,0.7984,24.559859,0.2282,1,5.115152,0.000527409,0.0,5.0002,5.0054
278,0.8161,19.087222,0.2429,1,0.122396,0.000374701,0.0,5.06733,5.056
279,0.7774,21.462171,0.2183,1,2.21281,0.000337106,0.0,4.99539,4.9882
280,0.7977,18.76682,0.2306,1,0.420582,0.000480108,0.0,4.9891,5.0098
281,0.8033,17.436059,0.2346,1,-1.385039,0.00042954,0.0,5.0108,5.0178
282,0.7871,25.189902,0.2256,1,4.517423,0.000579976,0.0,4.98686,4.9788
283,0.7808,21.517365,0.2185,1,2.212624,0.00034435,0.0,4.94042,4.9376
284,0.809,15.412802,0.2446,1,-1.987634,0.000566675,0.0,5.03914,5.0428
285,0.8007,20.249082,0.2428,1,1.398817,0.000618969,0.0,5.02536,5.0152
286,0.779,17.588709,0.2087,1,-1.865999,0.000390666,0.0,4.97478,4.9396
287,0.8038,22.603077,0.2249,1,3.748254,0.000612259,0.0,5.05664,5.0388
288,0.0008,0.311178,0.0007,0,0.0,0.000628227,0.0,4.9857,4.9806
289,0.8065,21.50939,0.2301,1,2.367957,0.000785933,0.0,5.01773,5.0208
290,0.7892,18.162922,0.2275,1,-0.086231,0.000407778,0.0,4.99772,5.005
291,0.7872,20.712108,0.2286,1,1.41377,0.000397499,0.0,4.91293,4.9158
292,0.7944,22.06543,0.2214,1,2.237667,0.00048345,0.0,4.96392,5.0004
293,0.7888,17.256128,0.2333,1,-0.477079,0.000788549,0.0,5.01226,5.0096
294,0.794,18.817384,0.2307,1,0.295059,0.000411267,0.0,4.97281,4.9874
295,0.8009,17.718296,0.2466,1,-0.979998,0.00055947,0.0,4.96222,4.9708
296,0.7931,20.232084,0.2271,1,2.257671,0.000500879,0.0,5.02132,5.0098
297,0.7957,18.951369,0.22,1,0.143673,0.00048811,0.0,4.95717,4.9594
298,0.7936,22.992579,0.2349,1,3.157475,0.000389335,0.0,4.96384,4.9674
299,0.7907,19.427618,0.225,1,0.513343,0.000611317,0.0,4.95401,4.953
300,0.7888,18.783868,0.2325,1,-0.439782,0.000292058,0.0,4.95869,4.9716
301,0.8093,20.942626,0.236,1,1.512162,0.000530449,0.0,4.9817,4.9952
302,0.7922,18.877043,0.2331,1,-0.193757,0.000266099,0.0,4.97688,4.9836
303,0.8098,18.500044,0.2447,1,0.141034,0.000740859,0.0,5.01378,5.0074
304,0.7931,20.995665,0.227,1,0.775406,0.000371085,0.0,4.92071,4.9288
305,0.806,18.670824,0.2305,1,-0.213014,0.000483372,0.0,4.98386,4.9812
306,0.8013,19.287424,0.2264,1,-0.194562,0.00067037,0.0,5.00295,5.0092
307,0.8073,17.595729,0.2312,1,-1.604589,0.000523677,0.0,5.0208,5.0204
308,0.7876,18.175505,0.2317,1,0.053019,0.000362103,0.0,4.98892,4.982
309,0.7964,24.669907,0.2173,1,5.144692,0.000522868,0.0,5.02056,5.0284
310,0.7941,18.361487,0.2331,1,-0.724632,0.000462291,0.0,4.97073,4.961
311,0.8035,20.908857,0.2239,1,0.901536,0.000449793,0.0,5.03957,5.0292
312,0.7904,23.070958,0.2234,1,4.165083,0.000406948,0.0,5.00891,5.004
313,0.7886,20.323661,0.2185,1,0.563146,0.000387703,0.0,4.97253,4.9796
314,0.7999,18.080124,0.2284,1,-1.344416,0.000457236,0.0,4.98927,4.9972
315,0.7891,20.085916,0.2215,1,0.652417,0.000610844,0.0,4.95504,4.9558
316,0.7869,18.466676,0.2239,1,0.719838,0.000619166,0.0,5.03461,5.0044
317,0.797,17.712796,0.2306,1,-1.635989,0.000524642,0.0,5.0312,5.0008
318,0.7853,19.721057,0.2146,1,0.783102,0.000467961,0.0,4.94198,4.9294
319,0.7994,19.519908,0.2131,1,0.166799,0.000593636,0.0,5.01907,5.0344
320,0.8003,18.534341,0.2239,1,-0.507469,0.000480573,0.0,4.99984,4.9942
321,0.8027,24.767093,0.2296,1,6.531882,0.000384421,0.0,4.99652,4.998
322,0.8027,20.177499,0.2299,1,1.675294,0.000669104,0.0,5.01282,5.0088
323,0.8072,18.751894,0.2396,1,-0.111731,0.000520833,0.0,5.03416,5.0344
324,0.7848,19.938245,0.2196,1,1.495694,0.000477677,0.0,5.02311,5.0012
325,0.8047,18.497283,0.2266,1,-0.412192,0.000543232,0.0,4.91684,4.942
326,0.7878,20.189372,0.2276,1,1.02873,0.000511355,0.0,4.96322,4.9646
327,0.8081,15.241245,0.2296,1,-2.834005,0.000397559,0.0,5.07549,5.055
328,0.7994,17.553136,0.238,1,-1.043164,0.000402828,0.0,5.04262,5.0214
329,0.7982,17.217043,0.2264,1,-0.988852,0.000671656,0.0,4.99876,5.0038
330,0.7979,17.281037,0.2425,1,-1.002265,0.000543628,0.0,5.04652,5.0302
331,0.7932,19.168642,0.2213,1,-1.014438,0.000532847,0.0,4.97222,4.9822
332,0.7944,18.135912,0.2279,1,-1.003686,0.000561176,0.0,5.06902,5.0622
333,0.7983,23.109448,0.2317,1,2.984408,0.00055875,0.0,4.95586,4.9836
334,0.7867,18.664827,0.2134,1,-0.7362,0.000405351,0.0,5.01323,5.0194
335,0.8038,16.609018,0.2369,1,-1.451892,0.000425747,0.0,5.0256,5.0476
336,0.7949,17.138461,0.2373,1,-1.112125,0.000489853,0.0,5.07277,5.0706
337,0.8062,19.208313,0.234,1,0.152706,0.000509758,0.0,4.96736,4.976
338,0.7984,18.197551,0.2302,1,-0.214365,0.000549963,0.0,5.0067,5.0118
339,0.7936,16.876969,0.2307,1,-0.977215,0.000431793,0.0,4.99242,5.01
340,0.7917,18.987701,0.2277,1,-0.289598,0.000449094,0.0,4.91265,4.8952
341,0.8131,20.969449,0.2248,1,2.12009,0.000579804,0.0,5.08127,5.0914
342,0.7899,26.046808,0.2216,1,7.386092,0.000508466,0.0,4.99544,4.9606
343,0.8101,19.266592,0.2372,1,0.586598,0.000501289,0.0,5.00821,5.0188
344,0.809,19.620107,0.2318,1,0.003754,0.000577048,0.0,4.99472,4.9962
345,0.8015,17.073456,0.2349,1,-1.29934,0.000579146,0.0,4.9842,4.9886
346,0.7951,18.014481,0.2294,1,-0.769595,0.000504545,0.0,5.00923,4.9854
347,0.7918,19.596709,0.225,1,0.915843,0.000528385,0.0,5.00176,4.9946
348,0.7928,21.940271,0.2336,1,2.188245,0.000311788,0.0,5.0002,5.0032
349,0.8007,18.201891,0.2286,1,-0.555928,0.000498986,0.0,5.03052,5.0196
350,0.79,19.193153,0.2217,1,0.088469,0.000461774,0.0,4.96469,4.9726
351,0.8077,16.053663,0.2455,1,-1.963113,0.000465044,0.0,5.07473,5.0848
352,0.7989,17.084206,0.237,1,-1.532067,0.000632732,0.0,4.95518,4.9756
353,0.7997,19.416449,0.2291,1,0.053481,0.000586276,0.0,4.95377,4.9582
354,0.8,20.015519,0.2247,1,1.093709,0.000192822,0.0,4.99306,4.9856
355,0.8072,17.212593,0.231,1,-1.081868,0.000694129,0.0,5.01328,5.0002
356,0.8155,17.809943,0.2371,1,-0.817929,0.000451153,0.0,5.0154,5.0382
357,0.8028,18.608436,0.241,1,0.002653,0.00033673,0.0,4.99896,4.9902
358,0.7985,20.511617,0.2343,1,1.662421,0.000367305,0.0,4.94207,4.958
359,0.7931,20.108635,0.2202,1,1.53227,0.000410248,0.0,4.98656,4.986
360,0.7963,19.109558,0.2305,1,0.350666,0.000616265,0.0,5.03497,5.0276
361,0.7966,19.945997,0.2323,1,0.161605,0.000194415,0.0,4.9771,4.9606
362,0.7914,22.659378,0.2115,1,3.831394,0.000516321,0.0,4.94657,4.9334
363,0.8003,18.864899,0.2175,1,-0.27608,0.00038444,0.0,4.98909,5.0052
364,0.7875,18.45915,0.2199,1,0.02085,0.000623272,0.0,5.00244,5.0034
365,0.8048,17.905921,0.2351,1,-0.520571,0.000401768,0.0,5.04848,5.0288
366,0.8076,16.571459,0.2297,1,-2.537448,0.000569584,0.0,5.02177,5.0344
367,0.8012,18.137363,0.231,1,0.01694,0.000577562,0.0,5.00169,4.9848
368,0.8043,16.600439,0.2342,1,-2.495717,0.000440993,0.0,4.93495,4.9626
369,0.7833,19.903305,0.2203,1,0.816529,0.000414904,0.0,4.95126,4.9652
370,0.7928,18.369886,0.2235,1,-0.977841,0.000400657,0.0,5.04863,5.0426
371,0.7965,17.905278,0.2301,1,-1.067224,0.000580015,0.0,5.09564,5.0752
372,0.7994,19.983723,0.2272,1,1.454365,0.000790369,0.0,5.00972,5.0006
373,0.7895,17.857222,0.2258,1,-0.492335,0.000362918,0.0,4.98312,4.9766
374,0.7922,23.749752,0.2257,1,4.019693,0.00038177,0.0,5.01456,5.0146
375,0.8053,18.048566,0.2172,1,-0.994429,0.000551925,0.0,4.99748,5.0032
376,0.7865,17.430186,0.227,1,-0.926536,0.000540944,0.0,4.92926,4.9504
377,0.8048,22.731255,0.226,1,3.388697,0.000457291,0.0,4.98807,4.9978
378,0.7986,18.665618,0.205,1,0.501341,0.00074064,0.0,4.99729,5.0254
379,0.7988,23.596176,0.2409,1,5.009253,0.000316366,0.0,4.95957,4.9712
380,0.7907,18.062249,0.2159,1,-0.883381,0.000747474,0.0,4.98833,4.9884
381,0.8002,26.402645,0.2365,1,7.17443,0.000594442,0.0,4.91746,4.9262
382,0.7985,19.378372,0.2187,1,0.125799,0.000530935,0.0,4.99233,4.98
383,0.7916,19.179963,0.2412,1,0.818575,0.000389361,0.0,4.96472,4.9662
384,0.7967,16.708177,0.2294,1,-2.085396,0.000284855,0.0,5.02505,5.03
385,0.7935,22.175545,0.2285,1,3.41553,0.00047172,0.0,5.04178,5.0456
386,0.7952,24.201037,0.2279,1,5.768414,0.000513192,0.0,4.95224,4.9578
387,0.7888,16.585737,0.2192,1,-1.466472,0.000382842,0.0,4.99872,5.0164
388,0.7906,20.747364,0.2347,1,1.428726,0.00048537,0.0,4.96753,4.977
389,0.7741,20.27574,0.2296,1,1.938685,0.000363766,0.0,4.99237,4.9558
390,0.781,20.282108,0.2168,1,-0.141847,0.000462764,0.0,4.97407,4.9526
391,0.7945,17.028544,0.2307,1,-1.688852,0.000430118,0.0,5.02268,4.9992
392,0.8023,17.554327,0.2186,1,-1.683215,0.000505107,0.0,5.00566,4.9834
393,0.796,21.057399,0.2211,1,0.801645,0.000436907,0.0,4.96389,4.9798
394,0.7965,18.7107,0.2286,1,-0.038237,0.000431948,0.0,5.01806,4.9826
395,0.7804,19.088078,0.221,1,0.555651,0.000578643,0.0,4.99875,4.9784
396,0.7962,19.179704,0.2226,1,0.258104,0.000581987,0.0,4.96325,4.9852
397,0.8026,18.497847,0.2308,1,-0.001394,0.000460617,0.0,4.97176,4.978
398,0.7957,18.161221,0.237,1,-0.497124,0.000433018,0.0,4.97908,5.0092
399,0.8077,18.3298,0.2331,1,-0.497602,0.000595668,0.0,5.02751,5.0088
400,0.7983,21.869801,0.2249,1,2.028542,0.000431441,0.0,5.00808,4.9984
401,0.7987,19.530749,0.2297,1,0.710685,0.000532318,0.0,4.98016,4.9792
402,0.8114,19.493869,0.235,1,1.132208,0.000459707,0.0,4.9834,4.9762
403,0.8055,21.852196,0.2337,1,2.881642,0.000624305,0.0,4.9848,5.0128
404,0.7877,20.376897,0.2275,1,1.147189,0.000320695,0.0,4.93371,4.9298
405,0.8108,19.166037,0.2392,1,-0.027899,0.000677006,0.0,5.08073,5.0586
406,0.8002,19.736115,0.2256,1,0.345507,0.0005676,0.0,5.03533,5.0384
407,0.7866,18.738336,0.2118,1,0.076407,0.000394458,0.0,4.92516,4.9414
408,0.7935,16.726138,0.2136,1,-1.284405,0.000458513,0.0,4.98117,4.9914
409,0.7832,18.895098,0.2127,1,-0.142538,0.000603447,0.0,5.00125,4.9702
410,0.7915,22.280046,0.227,1,3.021953,0.00039145,0.0,4.95138,4.953
411,0.0006,0.567306,0.0006,0,0.0,0.00050907,0.0,4.97768,4.9724
412,0.7846,23.738827,0.2141,1,3.15128,0.000316335,0.0,4.95945,4.9718
413,0.807,21.100142,0.2503,1,1.900911,0.000548581,0.0,5.01551,5.0156
414,0.8074,15.491031,0.2387,1,-1.811309,0.000498647,0.0,5.02534,5.0282
415,0.8004,18.276346,0.2338,1,-0.499227,0.000671844,0.0,4.99976,5.0014
416,0.7984,17.768277,0.2378,1,-1.290151,0.00034084,0.0,4.95218,4.9766
417,0.8066,20.673009,0.2286,1,1.382716,0.000449754,0.0,5.0328,5.0364
418,0.8006,19.81533,0.2277,1,0.040326,0.000501365,0.0,5.02487,5.0014
419,0.7885,19.39744,0.2352,1,0.443605,0.000592408,0.0,5.02828,5.0356
420,0.7902,20.358888,0.2183,1,0.792046,0.000433909,0.0,4.99198,4.986
421,0.7934,17.140351,0.2236,1,-1.393393,0.000435417,0.0,4.98068,4.98
422,0.7959,19.317042,0.2258,1,0.411506,0.000578016,0.0,5.00498,4.9776
423,0.8042,19.366246,0.2239,1,0.83213,0.000431138,0.0,5.0098,5.0002
424,0.7863,17.440455,0.2247,1,-0.930951,0.000340815,0.0,4.96751,4.9616
425,0.8065,19.799277,0.2342,1,-0.200704,0.000479069,0.0,4.99573,5.014
426,0.7983,19.022538,0.2235,1,-0.470517,0.000540527,0.0,4.93126,4.9522
427,0.7989,17.001453,0.232,1,-1.617007,0.000500743,0.0,5.01327,5.0192
428,0.7845,18.757595,0.2193,1,-0.167266,0.000553421,0.0,4.99916,4.988
429,0.804,18.143735,0.2399,1,-0.322076,0.00050518,0.0,4.98633,5.002
430,0.8117,19.106034,0.2366,1,0.617901,0.000376873,0.0,5.05794,5.0362
431,0.7917,21.380354,0.2224,1,2.12534,0.000681946,0.0,5.05292,5.0496
432,0.7938,16.972142,0.2132,1,-1.693828,0.000358609,0.0,5.00578,5.0136
433,0.7807,17.078653,0.2259,1,-1.239546,0.000509272,0.0,4.97531,4.9728
434,0.7888,16.230089,0.2248,1,-2.450231,0.000544508,0.0,5.04459,5.024
435,0.7931,21.991622,0.2281,1,2.847515,0.000555752,0.0,4.97959,4.9866
436,0.8079,20.040974,0.2339,1,0.537362,0.000616498,0.0,5.03246,5.0282
437,0.796,21.314148,0.2332,1,1.495309,0.000360782,0.0,4.99876,4.9904
438,0.8055,15.754368,0.2304,1,-2.316383,0.000743138,0.0,5.005,5.0008
439,0.795,22.98462,0.2175,1,3.23437,0.000406342,0.0,5.01018,5.0102
440,0.8017,16.510648,0.2381,1,-1.232525,0.000502276,0.0,4.99339,5.0238
441,0.8096,17.880213,0.2331,1,-1.61632,0.00035716,0.0,5.01768,5.022
442,0.797,23.130775,0.2436,1,3.181482,0.000464264,0.0,4.94781,4.9628
443,0.7943,22.944741,0.222,1,4.719336,0.000577548,0.0,4.99359,4.993
444,0.8076,21.878623,0.2333,1,2.292649,0.000313664,0.0,4.98985,4.9836
445,0.8065,18.050426,0.239,1,-0.729187,0.000518921,0.0,5.0395,5.0476
446,0.7922,18.57605,0.2346,1,-0.060592,0.00057055,0.0,5.03427,5.0134
447,0.7971,19.084526,0.237,1,0.180152,0.000517547,0.0,4.92946,4.9388
448,0.7836,17.060639,0.2238,1,-1.880502,0.000435305,0.0,4.97338,4.9886
449,0.7826,26.842638,0.2209,1,8.532156,0.000480742,0.0,5.0075,4.9848
450,0.8005,20.158,0.238,1,1.635783,0.000338762,0.0,4.98056,4.9786
451,0.7947,19.957361,0.2206,1,1.314393,0.00039175,0.0,4.94559,4.955
452,0.8012,19.912949,0.2266,1,0.352926,0.000415489,0.0,4.95067,4.9588
453,0.7962,17.892867,0.2305,1,-0.825107,0.000528541,0.0,4.99928,4.9956
454,0.7991,17.872105,0.2493,1,-0.396486,0.000381995,0.0,5.02202,5.0042
455,0.7995,15.958836,0.2277,1,-3.370499,0.000357782,0.0,5.01395,5.017
456,0.7892,23.133761,0.2114,1,4.574637,0.000639952,0.0,5.0415,5.0212
457,0.7871,16.814645,0.2233,1,-1.500986,0.000461456,0.0,4.96132,4.9794
458,0.797,16.424871,0.2406,1,-1.494931,0.000532249,0.0,4.9824,4.9776
459,0.7995,23.259185,0.2325,1,3.052956,0.000386405,0.0,4.98043,4.9884
460,0.7988,16.13333,0.2327,1,-1.129403,0.000670771,0.0,5.00156,5.0076
461,0.7926,16.233492,0.2435,1,-1.520935,0.0003726,0.0,4.91047,4.919
462,0.7974,20.234128,0.2271,1,0.627953,0.00058259,0.0,4.96848,4.9748
463,0.8016,20.278243,0.2294,1,2.458422,0.000553173,0.0,5.01609,4.9734
464,0.7852,21.238832,0.2152,1,2.437411,0.000243839,0.0,4.96437,4.9566
465,0.7918,17.315482,0.218,1,-1.669428,0.000614301,0.0,4.94652,4.9364
466,0.7976,19.007352,0.2211,1,1.031642,0.000532593,0.0,4.97399,4.9828
467,0.7993,23.943467,0.2247,1,4.413859,0.000585057,0.0,4.9609,4.9614
468,0.8019,19.560459,0.2384,1,0.489202,0.000596507,0.0,5.00426,5.025
469,0.8007,18.212969,0.2288,1,-1.98135,0.000409546,0.0,4.97515,5.006
470,0.7924,15.751395,0.2318,1,-2.011668,0.000480858,0.0,5.00108,4.99
471,0.7945,20.29516,0.2341,1,1.06333,0.000526559,0.0,5.00567,5.008
472,0.8,18.629837,0.2246,1,-0.299428,0.000486456,0.0,4.96402,4.9694
473,0.7923,16.548644,0.2337,1,-1.064682,0.000553772,0.0,4.99279,4.9912
474,0.7893,19.372734,0.2303,1,1.224686,0.000463369,0.0,4.95876,4.9614
475,0.8072,17.743711,0.2298,1,-1.586999,0.000434863,0.0,4.97544,4.9916
476,0.7886,21.239796,0.2112,1,0.803094,0.000683794,0.0,4.96359,4.9498
477,0.7897,17.928742,0.2307,1,-0.545796,0.000577993,0.0,4.98755,4.9952
478,0.7986,19.721447,0.2389,1,1.493142,0.000478103,0.0,5.00562,5.0142
479,0.7982,17.893391,0.2222,1,-0.064458,0.000456727,0.0,4.98626,5.0058
480,0.7829,19.960938,0.2116,1,0.929059,0.000627438,0.0,4.98336,4.9892
481,0.8053,18.122446,0.226,1,-0.374431,0.00061223,0.0,5.04367,5.052
482,0.799,17.907231,0.225,1,-0.996876,0.000615657,0.0,5.03633,5.0312
483,0.8007,19.988642,0.2333,1,0.916814,0.000432228,0.0,4.99736,5.0
484,0.7875,20.43446,0.2262,1,1.233046,0.000725035,0.0,4.98242,4.9828
485,0.7941,19.026481,0.2253,1,-0.554766,0.000436131,0.0,4.97173,4.9808
486,0.8114,18.061253,0.2491,1,0.051865,0.000460982,0.0,4.96842,4.9774
487,0.7922,18.05418,0.2278,1,-1.103258,0.000604897,0.0,4.97744,4.982
488,0.8002,15.352493,0.2315,1,-2.708051,0.000427872,0.0,5.04078,5.0074
489,0.7923,20.690234,0.2298,1,1.618208,0.000434867,0.0,4.974,4.993
490,0.8011,17.617838,0.2422,1,-1.448304,0.000667467,0.0,5.00513,5.0288
491,0.8053,22.106093,0.2273,1,3.461427,0.0006129,0.0,4.9468,4.9474
492,0.7881,17.245833,0.2237,1,-0.750019,0.000485822,0.0,4.9665,4.9734
493,0.8103,18.62309,0.239,1,-0.115618,0.000374646,0.0,5.06507,5.059
494,0.7997,23.918143,0.2342,1,4.068097,0.000655011,0.0,4.96714,4.9792
495,0.8043,19.51485,0.2306,1,1.033879,0.000614546,0.0,5.03303,5.0436
496,0.7944,23.98592,0.2221,1,3.309973,0.000506077,0.0,4.9751,5.0044
497,0.7894,17.871675,0.2292,1,-0.214996,0.000505853,0.0,4.99847,4.9832
498,0.8011,17.330532,0.2459,1,-1.233379,0.000449392,0.0,5.03905,5.0342
499,0.8091,19.232409,0.2425,1,0.263564,0.000526988,0.0,4.9984,5.0112
500,0.7821,19.509041,0.211,1,0.403455,0.000600731,0.0,4.88901,4.903
501,0.8039,19.655153,0.2422,1,0.789825,0.000522776,0.0,5.01864,5.0312
502,0.7886,18.069593,0.2131,1,-0.323302,0.000493478,0.0,4.9363,4.9262
503,0.796,17.971471,0.2376,1,-0.043205,0.000292452,0.0,4.96399,4.9596
504,0.8066,24.245273,0.2262,1,5.296932,0.000520451,0.0,5.03546,5.0368
505,0.7883,19.673763,0.2311,1,0.575384,0.00054242,0.0,4.9232,4.943
506,0.791,17.860566,0.2342,1,-0.629623,0.000577552,0.0,4.99455,4.992
507,0.818,21.516962,0.2493,1,2.439008,0.00056157,0.0,5.06627,5.0614
508,0.8028,19.707299,0.2268,1,0.918841,0.000572628,0.0,5.0166,5.0128
509,0.7947,21.483749,0.2321,1,2.275997,0.000242266,0.0,4.97693,4.9762
510,0.7974,15.585672,0.2318,1,-2.516108,0.000649247,0.0,4.993,4.9974
511,0.001,0.340599,0.0007,0,0.0,0.000600355,0.0,4.99005,5.007
512,0.7879,17.071658,0.2224,1,-0.755305,0.00050174,0.0,5.0173,5.0052
513,0.8019,20.467755,0.2258,1,1.2295,0.000818252,0.0,4.98883,4.9974
514,0.7941,18.419528,0.2295,1,-0.838223,0.000390314,0.0,4.96099,4.9578
515,0.7877,18.702385,0.2189,1,0.277135,0.00057992,0.0,4.98254,4.9836
516,0.804,18.167272,0.2407,1,-0.389368,0.00040757,0.0,5.00088,5.0044
517,0.8027,20.435107,0.2308,1,0.937438,0.00076689,0.0,5.00184,5.0054
518,0.7973,17.981948,0.239,1,-0.377613,0.000644966,0.0,5.00849,5.015
519,0.7916,18.740863,0.2314,1,0.796451,0.000632716,0.0,4.96448,4.9664
520,0.7857,17.437573,0.2234,1,-1.077617,0.000417944,0.0,4.94593,4.9344
521,0.7947,27.018351,0.2216,1,7.38613,0.000362962,0.0,4.96974,4.9894
522,0.8076,17.519049,0.2348,1,-0.816681,0.000412274,0.0,4.96743,4.9806
523,0.7869,18.774967,0.2183,1,-0.353521,0.000459485,0.0,4.98702,4.975
524,0.7806,20.164341,0.2197,1,0.403718,0.000532456,0.0,4.99412,4.964
525,0.7999,19.583029,0.2279,1,0.831553,0.000459559,0.0,4.98741,4.9738
526,0.7912,18.026955,0.2234,1,-0.36642,0.000513088,0.0,4.95265,4.9584
527,0.789,16.906412,0.2267,1,-1.235629,0.000460256,0.0,4.97525,4.9784
528,0.0006,0.2283,0.0006,0,0.0,0.000471202,0.0,5.04813,5.0448
529,0.8031,18.669413,0.2259,1,-0.706623,0.000556919,0.0,4.97994,4.9758
530,0.8056,16.538865,0.232,1,-1.984022,0.000568415,0.0,5.0365,5.03
531,0.7979,17.733633,0.2385,1,-0.545238,0.00056294,0.0,5.05154,5.0638
532,0.794,18.612541,0.231,1,-0.31279,0.000458472,0.0,4.97563,4.9974
533,0.7977,25.208597,0.2232,1,5.508893,0.000392147,0.0,4.94338,4.9522
534,0.7915,20.125841,0.2197,1,1.512631,0.000470266,0.0,4.91278,4.9344
535,0.8005,19.881532,0.2309,1,0.891854,0.000423417,0.0,5.04625,5.0546
536,0.786,17.175676,0.2087,1,-1.273243,0.000364925,0.0,4.97049,4.9618
537,0.8176,21.813002,0.2412,1,2.373084,0.000422145,0.0,5.07551,5.0406
538,0.7856,18.246359,0.224,1,0.006278,0.00039584,0.0,4.92311,4.9262
539,0.7945,17.042119,0.2249,1,-1.487047,0.000498753,0.0,5.02346,5.029
540,0.8055,19.486609,0.24,1,1.355805,0.000516735,0.0,5.05421,5.0542
541,0.793,20.808567,0.2166,1,1.233566,0.000519871,0.0,4.9334,4.9128
542,0.7913,20.843216,0.2225,1,2.051444,0.00062411,0.0,5.01316,4.986
543,0.8009,18.560675,0.2269,1,0.124475,0.000552818,0.0,4.9932,4.9994
544,0.794,18.929942,0.2281,1,0.721381,0.000450885,0.0,5.02536,5.0312
545,0.798,19.029639,0.2351,1,0.274512,0.000498666,0.0,5.02814,5.0252
546,0.7937,21.737434,0.2257,1,2.215635,0.000288862,0.0,4.98787,4.9972
547,0.7952,19.661421,0.2355,1,0.712657,0.000645933,0.0,5.0156,5.0004
548,0.7993,22.760374,0.2356,1,5.061677,0.00041129,0.0,4.97932,4.9806
549,0.792,20.509966,0.2167,1,0.416413,0.000434531,0.0,4.99104,4.9798
550,0.7952,19.768201,0.2204,1,0.835021,0.000525302,0.0,4.9971,5.0286
551,0.8063,17.126192,0.233,1,-1.336731,0.000353732,0.0,5.04021,5.048
552,0.8005,18.699222,0.2379,1,0.206448,0.00068697,0.0,4.94204,4.9484
553,0.7883,22.257809,0.2197,1,3.134369,0.000537499,0.0,4.94905,4.9622
554,0.7783,18.259699,0.2272,1,-0.421322,0.000550239,0.0,5.017,4.999
555,0.8071,21.430717,0.2292,1,0.944868,0.000567045,0.0,5.03885,5.0398
556,0.7905,17.026031,0.2212,1,-1.92912,0.000478763,0.0,5.01713,4.9958
557,0.7939,21.697678,0.2248,1,3.064388,0.000555488,0.0,4.98175,4.9868
558,0.8008,18.727101,0.2324,1,-0.151622,0.000393124,0.0,4.93908,4.9442
559,0.7904,18.45374,0.2219,1,-1.039419,0.00060775,0.0,4.95308,4.983
560,0.7931,18.073627,0.2238,1,-1.392408,0.000472236,0.0,5.03827,5.0436
561,0.7962,19.653565,0.243,1,1.329143,0.000329725,0.0,5.05312,5.0416
562,0.7944,16.824928,0.2367,1,-2.343813,0.000573321,0.0,5.00634,5.017
563,0.7976,20.956537,0.2299,1,1.950826,0.000570853,0.0,5.02058,5.0244
564,0.7854,18.901231,0.2148,1,0.721527,0.000540603,0.0,4.93796,4.9448
565,0.8053,17.50161,0.2445,1,-0.461656,0.000635728,0.0,5.05366,5.0424
566,0.7968,16.274232,0.2434,1,-1.83355,0.00061288,0.0,5.04551,5.0448
567,0.8014,24.730353,0.2294,1,5.938996,0.00051917,0.0,5.03729,5.0474
568,0.7989,18.685418,0.2239,1,-0.588537,0.000410939,0.0,4.96762,4.9966
569,0.7858,22.77437,0.2247,1,3.880069,0.000434338,0.0,4.98385,4.9892
570,0.8051,24.065681,0.2402,1,4.678862,0.000426217,0.0,5.03381,5.0338
571,0.7859,15.980929,0.2297,1,-2.483005,0.000389033,0.0,4.96791,4.9672
572,0.7987,20.971653,0.2279,1,1.35328,0.000534374,0.0,4.95761,4.9826
573,0.8013,21.894774,0.2342,1,2.924937,0.000436318,0.0,4.9756,4.9748
574,0.7789,21.367838,0.1996,1,3.211504,0.000418383,0.0,4.92278,4.9524
575,0.7821,20.253391,0.2159,1,0.893464,0.000602134,0.0,4.99407,4.9882
576,0.8114,16.575554,0.2485,1,-0.804645,0.000428062,0.0,5.0191,5.0268
577,0.7971,18.810335,0.2352,1,-0.339975,0.000314928,0.0,4.97421,4.9792
578,0.81,16.730754,0.2393,1,-0.746178,0.000589516,0.0,5.04833,5.0402
579,0.7904,27.777675,0.222,1,7.848974,0.000588355,0.0,4.93706,4.9574
580,0.8023,17.161293,0.2351,1,-2.106609,0.000612731,0.0,5.04914,5.0424
581,0.7849,22.188111,0.2216,1,2.791899,0.000547609,0.0,4.89975,4.9196
582,0.7925,21.083846,0.2269,1,2.25275,0.000561683,0.0,4.95163,4.9618
583,0.7897,18.624352,0.2273,1,0.087211,0.000512295,0.0,4.95871,4.96
584,0.8033,16.83787,0.234,1,-1.743328,0.000488138,0.0,4.95489,4.9614
585,0.8124,16.458359,0.2406,1,-1.300836,0.000473597,0.0,5.03077,5.0366
586,0.8092,19.517333,0.2305,1,1.040041,0.000424065,0.0,5.04453,5.0486
587,0.8014,17.431102,0.2301,1,-1.324198,0.000583621,0.0,5.07516,5.0642
588,0.7974,19.783725,0.2357,1,1.31303,0.000518884,0.0,5.06474,5.0228
589,0.7815,17.653328,0.2127,1,-1.296226,0.000517756,0.0,4.93827,4.928
590,0.7677,18.57706,0.227,1,-0.242606,0.000246009,0.0,4.94053,4.9366
591,0.8033,20.634247,0.2374,1,1.698207,0.000479402,0.0,4.99405,5.0122
592,0.7983,19.937636,0.224,1,0.535606,0.000454411,0.0,5.00667,5.0108
593,0.8142,18.527621,0.2509,1,0.917372,0.00044603,0.0,5.05374,5.0574
594,0.8004,17.979069,0.2352,1,-0.980188,0.000406087,0.0,5.00594,5.0176
595,0.8022,18.977753,0.231,1,0.030588,0.00057313,0.0,5.00741,5.0176
596,0.7886,21.136873,0.2178,1,1.946759,0.000544559,0.0,5.0401,5.028
597,0.7978,20.195504,0.2221,1,0.761795,0.000588942,0.0,5.04145,5.052
598,0.7904,18.971099,0.2229,1,-0.113567,0.000562668,0.0,4.96478,4.94
599,0.8051,18.777822,0.2356,1,0.533832,0.000493189,0.0,5.06483,5.0442
600,0.7916,19.221772,0.231,1,-0.034684,0.000479731,0.0,4.99421,5.0086
601,0.8019,19.739339,0.2387,1,2.452107,0.000451339,0.0,5.02151,5.03
602,0.7915,16.371168,0.2326,1,-1.296723,0.000454527,0.0,5.02102,4.9952
603,0.8089,21.662265,0.2538,1,3.04038,0.000423672,0.0,5.0486,5.0492
604,0.7881,20.241575,0.2255,1,0.922308,0.000500485,0.0,5.0319,5.0032
605,0.802,18.787046,0.2304,1,-0.020229,0.000498635,0.0,5.02926,5.0244
606,0.7976,17.758155,0.228,1,-0.486742,0.000435649,0.0,4.97523,4.9828
607,0.7998,24.354235,0.2253,1,4.827725,0.000564556,0.0,4.93818,4.95
608,0.8115,21.490547,0.2397,1,2.504698,0.000425827,0.0,5.04223,5.03
609,0.7997,17.748814,0.2266,1,-1.190435,0.000575296,0.0,4.99533,5.0108
610,0.7929,21.349167,0.2233,1,1.737431,0.000576766,0.0,4.98479,5.0086
611,0.8002,17.792216,0.2309,1,-1.390519,0.000456142,0.0,5.00324,4.9952
612,0.7936,20.155473,0.2364,1,1.455881,0.000354041,0.0,5.03362,5.0502
613,0.8001,16.40804,0.2393,1,-1.291056,0.000609613,0.0,5.06071,5.0566
614,0.8033,20.104027,0.2361,1,0.828614,0.000586359,0.0,5.07068,5.045
615,0.7842,21.430478,0.2136,1,1.090493,0.000675404,0.0,4.98297,4.9918
616,0.7993,17.456144,0.2381,1,-0.68587,0.000548764,0.0,5.00884,5.0206
617,0.7905,19.776845,0.2282,1,1.410021,0.00060937,0.0,4.96543,4.9574
618,0.7895,20.94152,0.232,1,1.624548,0.000526035,0.0,5.02411,4.9946
619,0.797,19.473061,0.2287,1,0.139523,0.000630915,0.0,4.97325,4.9718
620,0.7965,19.130195,0.226,1,0.281533,0.000391287,0.0,4.94785,4.9586
621,0.7788,18.683531,0.2167,1,-0.690054,0.00040956,0.0,4.99334,4.9876
622,0.7966,24.329249,0.2274,1,5.375194,0.00039168,0.0,4.94209,4.9594
623,0.8062,16.139501,0.2386,1,-1.835363,0.000509313,0.0,4.96791,4.9798
624,0.8012,25.759396,0.2196,1,6.780681,0.000639816,0.0,4.92347,4.9522
625,0.7964,18.835241,0.2208,1,0.397493,0.000479839,0.0,4.99808,5.0036
626,0.7966,20.554687,0.2214,1,0.937582,0.000617577,0.0,5.02707,5.0248
627,0.8015,17.878334,0.2223,1,-0.544044,0.000433543,0.0,4.9986,4.9836
628,0.7987,16.584189,0.2267,1,-1.325805,0.00050949,0.0,4.97078,4.9752
629,0.7827,15.960248,0.2234,1,-2.193761,0.000686387,0.0,4.95686,4.9378
630,0.7903,21.324352,0.2198,1,1.514275,0.000594205,0.0,5.01705,5.0316
631,0.7778,17.008138,0.2034,1,-1.714644,0.000736879,0.0,5.023,5.0252
632,0.7939,18.085579,0.2338,1,-0.571622,0.00043338,0.0,4.99387,4.9902
633,0.795,20.677512,0.22,1,1.283276,0.000735841,0.0,5.03149,5.0238
634,0.7868,16.79795,0.2238,1,-1.158751,0.000410281,0.0,4.98856,4.9836
635,0.8038,16.014847,0.2379,1,-2.127551,0.000496337,0.0,5.0383,5.0386
636,0.8077,20.034772,0.2245,1,0.329849,0.000361608,0.0,4.98774,4.99
637,0.8045,21.064359,0.2468,1,2.046994,0.000462824,0.0,5.10149,5.0824
638,0.8066,17.890645,0.233,1,-0.693087,0.000425857,0.0,5.05675,5.0152
639,0.7935,17.583992,0.2282,1,-1.8972,0.000640645,0.0,5.03084,5.0264
640,0.801,17.859775,0.2361,1,-0.925889,0.000476743,0.0,5.0171,5.017
641,0.7827,16.831648,0.2311,1,-0.989384,0.000593599,0.0,5.03078,5.023
642,0.8027,16.422293,0.232,1,-2.723589,0.000705859,0.0,4.96692,4.963
643,0.8167,22.295004,0.2321,1,3.486298,0.000473466,0.0,5.0214,5.0474
644,0.8077,20.303693,0.2256,1,1.495222,0.000415093,0.0,4.95639,4.9578
645,0.8037,19.65489,0.2297,1,0.642798,0.00036371,0.0,4.97267,4.9762
646,0.7966,21.173301,0.2283,1,2.229746,0.000332773,0.0,5.03499,5.0134
647,0.8018,16.002005,0.2304,1,-2.047262,0.000484801,0.0,4.97536,4.975
648,0.7932,18.234656,0.2155,1,-0.179261,0.000335702,0.0,4.99984,5.0046
649,0.7983,15.989253,0.235,1,-2.361901,0.0005438,0.0,5.03772,5.0374
650,0.7972,17.562211,0.2281,1,-0.945105,0.000455493,0.0,4.99697,5.0086
651,0.8048,18.25948,0.2264,1,-0.579012,0.00059556,0.0,5.01262,5.0246
652,0.788,19.253311,0.2222,1,-0.507199,0.000385536,0.0,4.98786,4.9922
653,0.7992,19.493941,0.2276,1,0.327525,0.00067471,0.0,4.9907,4.9892
654,0.0005,0.0,0.0005,0,0.0,0.000411715,0.0,4.97138,4.9834
655,0.7977,16.42211,0.233,1,-1.446852,0.000643148,0.0,5.01565,5.022
656,0.7971,15.904186,0.2348,1,-1.823572,0.000457563,0.0,4.98471,4.9982
657,0.8009,18.385288,0.2327,1,-0.855123,0.000386393,0.0,4.98,4.989
658,0.8098,17.824144,0.2387,1,-1.282283,0.000789681,0.0,5.01067,5.004
659,0.8083,17.616448,0.2373,1,-0.704768,0.000574108,0.0,5.00447,5.012
660,0.8061,20.338781,0.2357,1,0.819941,0.000625306,0.0,4.9798,5.0098
661,0.7967,16.779978,0.2274,1,-2.240621,0.000507447,0.0,4.98318,4.9828
662,0.798,18.466996,0.2227,1,-0.369308,0.000452996,0.0,5.01291,5.0202
663,0.7936,18.605859,0.2164,1,0.500321,0.000480623,0.0,4.99572,4.9978
664,0.784,18.931593,0.2274,1,0.524069,0.000433418,0.0,4.98683,4.9968
665,0.7994,17.916554,0.2331,1,-0.080377,0.00061519,0.0,5.03695,5.0344
666,0.8032,18.529384,0.2351,1,-0.108201,0.000544508,0.0,5.03977,5.0288
667,0.7989,20.981572,0.2249,1,2.094755,0.000290468,0.0,4.98183,4.9756
668,0.8066,18.391125,0.2327,1,-0.630812,0.000780382,0.0,5.02958,5.0446
669,0.8058,15.98163,0.2291,1,-1.841593,0.000320873,0.0,5.12382,5.1092
670,0.8036,20.365375,0.2288,1,2.207742,0.000578564,0.0,4.97784,5.0
671,0.7983,18.133727,0.2228,1,-1.239654,0.000405157,0.0,5.01282,5.0222
672,0.7999,19.461418,0.2322,1,0.411364,0.000463973,0.0,4.95731,4.9564
673,0.8059,16.980226,0.2322,1,-0.903825,0.000568945,0.0,5.03121,5.0306
674,0.8162,20.729201,0.2336,1,2.215162,0.000480354,0.0,4.98754,5.0088
675,0.7762,26.73082,0.2215,1,7.460989,0.000684993,0.0,4.94711,4.9576
676,0.8001,18.689091,0.218,1,-0.347375,0.000648612,0.0,4.99149,5.0038
677,0.7894,20.211614,0.2312,1,1.459737,0.000430162,0.0,5.01975,5.0016
678,0.7877,20.416849,0.2201,1,2.192013,0.000596929,0.0,4.99495,5.0308
679,0.7782,22.792547,0.2182,1,3.873344,0.000365565,0.0,4.95739,4.9662
680,0.7999,19.984488,0.2345,1,0.883088,0.000423194,0.0,5.0515,5.052
681,0.7772,15.348425,0.2124,1,-2.574547,0.000573376,0.0,5.01566,5.0072
682,0.7993,19.560096,0.225,1,0.054002,0.000453486,0.0,5.01768,5.01
683,0.7903,17.139032,0.2173,1,-2.345542,0.000444613,0.0,4.91378,4.9434
684,0.7971,20.135737,0.2379,1,2.057256,0.000379537,0.0,5.03905,5.0196
685,0.8102,16.680278,0.2262,1,-1.212899,0.000628738,0.0,4.98285,4.9794
686,0.8006,17.217136,0.2331,1,-0.947535,0.000524984,0.0,5.01228,5.0164
687,0.7822,16.504856,0.2245,1,-1.82668,0.000435129,0.0,4.98758,4.9764
688,0.7773,19.985967,0.2102,1,1.14486,0.000539979,0.0,4.93787,4.9506
689,0.8001,21.285331,0.2395,1,2.324289,0.000570636,0.0,5.03351,5.0134
690,0.8043,17.456067,0.2466,1,-0.835507,0.000555726,0.0,4.98623,4.9802
691,0.7903,18.863211,0.2355,1,0.265715,0.000531362,0.0,4.98051,4.9878
692,0.7936,18.499721,0.219,1,-0.566828,0.000578927,0.0,4.9811,4.9936
693,0.796,17.973265,0.2216,1,-0.769559,0.000440773,0.0,4.94818,4.9518
694,0.793,18.431013,0.2317,1,-1.236367,0.000381058,0.0,5.02814,5.0104
695,0.7966,18.699193,0.2236,1,0.870894,0.000356357,0.0,5.01641,5.0346
696,0.7981,18.994328,0.2322,1,0.081464,0.000682328,0.0,4.95265,4.9714
697,0.8096,16.164191,0.2282,1,-1.539891,0.000453923,0.0,5.01105,5.0118
698,0.7981,22.459472,0.2214,1,3.76533,0.000363531,0.0,4.95838,4.993
699,0.8072,19.81638,0.2289,1,0.845396,0.000405712,0.0,5.01937,5.0088
700,0.8024,20.008899,0.2288,1,0.987481,0.000737446,0.0,5.01934,5.025
701,0.8043,19.024846,0.2312,1,-0.379607,0.00043695,0.0,4.97981,4.9634
702,0.8265,16.878513,0.2457,1,-1.869909,0.000470297,0.0,5.03668,5.066
703,0.8071,19.775601,0.2369,1,0.557033,0.00038137,0.0,5.01422,5.0202
704,0.791,19.447742,0.2195,1,-0.067301,0.000534257,0.0,4.9581,4.9832
705,0.7928,20.716049,0.2137,1,1.582276,0.00067629,0.0,4.97903,4.9892
706,0.8117,19.445166,0.2486,1,0.669719,0.000559106,0.0,5.09161,5.0584
707,0.7972,17.836463,0.224,1,-1.197803,0.000639411,0.0,5.04617,5.0208
708,0.7985,17.832394,0.2392,1,-0.990445,0.000585233,0.0,5.07742,5.048
709,0.7882,27.494538,0.217,1,7.961869,0.000495078,0.0,4.92474,4.9218
710,0.7988,17.803631,0.2376,1,-0.899491,0.000459855,0.0,4.97659,4.9814
711,0.8048,21.994095,0.2415,1,2.550309,0.000428599,0.0,5.02461,5.015
712,0.782,17.637525,0.2223,1,-1.078796,0.000342533,0.0,4.95999,4.9442
713,0.7918,17.833436,0.2228,1,-1.072094,0.000476391,0.0,5.01461,5.0232
714,0.8006,19.239251,0.2348,1,0.007054,0.000509284,0.0,4.97619,4.9718
715,0.7875,18.583658,0.2093,1,-0.298245,0.000714603,0.0,5.02931,5.0084
716,0.7927,21.749204,0.217,1,2.210073,0.000617699,0.0,5.02647,5.0244
717,0.7979,19.309509,0.2297,1,0.343726,0.000531033,0.0,4.9876,4.9838
718,0.7938,21.515689,0.2288,1,2.964068,0.0004883,0.0,5.08209,5.0774
719,0.784,18.34653,0.2124,1,-0.105037,0.000360332,0.0,4.9976,4.9978
720,0.7953,18.171199,0.2305,1,-0.148706,0.000501916,0.0,5.01494,5.0058
721,0.0005,0.0,0.0005,0,0.0,0.00055227,0.0,4.99656,5.001
722,0.7903,16.625122,0.2306,1,-2.318091,0.000268253,0.0,4.9598,4.9606
723,0.796,21.188057,0.2248,1,2.580132,0.000576623,0.0,4.99121,5.0034
724,0.7864,19.108618,0.213,1,0.500904,0.000502974,0.0,5.0114,4.9988
725,0.7917,20.31748,0.2326,1,1.76808,0.000382919,0.0,5.01412,5.0
726,0.7839,18.276359,0.2308,1,-0.106992,0.000725268,0.0,4.98622,4.9774
727,0.8025,20.373229,0.2308,1,0.598556,0.000457596,0.0,4.99335,4.9892
728,0.8079,20.490396,0.2443,1,1.534824,0.000523042,0.0,5.0177,5.0296
729,0.7994,18.875091,0.2314,1,0.803229,0.000555743,0.0,4.97109,4.9952
730,0.7998,21.073302,0.2269,1,2.544626,0.000628794,0.0,4.97821,4.9836
731,0.7982,18.559994,0.2322,1,0.319403,0.000622198,0.0,5.01368,5.0008
732,0.7906,18.974084,0.2259,1,-0.231167,0.000413464,0.0,4.98638,4.9474
733,0.7986,18.314436,0.2297,1,-0.679157,0.000428391,0.0,5.00966,5.0324
734,0.8104,20.631187,0.2478,1,2.030065,0.000503022,0.0,5.00192,5.0078
735,0.0006,0.0,0.0005,0,0.0,0.000630599,0.0,4.97494,4.9726
736,0.7968,16.132358,0.2237,1,-2.264462,0.000551184,0.0,4.99262,5.0148
737,0.7911,19.638414,0.2376,1,1.191241,0.000494684,0.0,5.05373,5.04
738,0.7832,17.874184,0.227,1,0.117809,0.000390047,0.0,4.96879,4.9534
739,0.7909,20.290419,0.2225,1,0.626898,0.000386551,0.0,4.99397,4.973
740,0.7926,19.048879,0.2264,1,-0.031961,0.000442605,0.0,4.93109,4.9484
741,0.8046,22.010699,0.2357,1,2.362169,0.000709019,0.0,5.04134,5.0358
742,0.8117,19.04813,0.2328,1,1.776172,0.000453259,0.0,4.99766,5.0326
743,0.8015,17.973776,0.2264,1,-0.397493,0.000407244,0.0,5.01389,4.9954
744,0.7916,21.864234,0.2346,1,3.812207,0.000406978,0.0,5.01898,4.9936
745,0.8139,18.545283,0.2409,1,0.549906,0.00053449,0.0,5.07688,5.0856
746,0.7867,22.678059,0.2365,1,4.010362,0.000428759,0.0,5.02393,5.0138
747,0.7837,20.780003,0.2171,1,0.860361,0.000483142,0.0,4.97783,4.9896
748,0.7926,18.919288,0.2187,1,-0.505447,0.000486098,0.0,4.96369,4.9734
749,0.802,20.417736,0.2284,1,1.835069,0.000500536,0.0,5.00915,5.0254
750,0.8017,16.857503,0.2297,1,-1.748115,0.000542044,0.0,5.05966,5.0318
751,0.8006,20.03843,0.2362,1,1.157116,0.000285928,0.0,5.02138,5.0148
752,0.7976,17.600968,0.2176,1,-1.268817,0.000430317,0.0,5.00694,5.0126
753,0.7829,16.679856,0.2188,1,-1.448152,0.000458841,0.0,4.98699,4.982
754,0.8037,19.328231,0.2258,1,-0.531028,0.000531576,0.0,4.9827,4.9836
755,0.808,21.892949,0.2382,1,3.957858,0.000568231,0.0,5.03673,5.0314
756,0.7988,20.343743,0.2271,1,1.024516,0.000604571,0.0,4.97853,4.9836
757,0.7849,18.782275,0.225,1,-0.963154,0.000528427,0.0,5.0128,4.9832
758,0.7946,18.316016,0.2355,1,-0.259977,0.000408562,0.0,4.99632,4.9968
759,0.7965,18.799699,0.2242,1,-0.04393,0.000580884,0.0,4.98027,4.9776
760,0.7931,17.096732,0.2181,1,-1.925534,0.00052735,0.0,5.00336,5.0028
761,0.7921,19.237976,0.2351,1,1.185623,0.000737738,0.0,5.03962,5.0028
762,0.7911,16.671915,0.235,1,-2.185024,0.000580509,0.0,4.98128,4.9798
763,0.7862,29.302285,0.2151,1,10.224535,0.000569819,0.0,4.91241,4.93
764,0.7984,17.924791,0.2287,1,-0.501637,0.000608534,0.0,4.95784,4.9718
765,0.7808,22.042412,0.2171,1,3.127626,0.00051898,0.0,4.92882,4.9258
766,0.7898,20.394034,0.2335,1,2.020714,0.000313007,0.0,4.98771,4.9962
767,0.7948,19.247284,0.2259,1,0.155693,0.000647927,0.0,5.00777,4.9928
768,0.8125,24.123409,0.2416,1,5.038955,0.000650232,0.0,5.00124,4.9816
769,0.8027,18.765195,0.2381,1,0.353283,0.000667801,0.0,5.0216,5.0098
770,0.7932,19.731912,0.2263,1,0.7441,0.000465858,0.0,4.95004,4.9436
771,0.7962,21.642916,0.2339,1,2.61896,0.00052784,0.0,5.00272,4.9988
772,0.7955,18.072384,0.2421,1,-0.935172,0.00068343,0.0,5.05255,5.039
773,0.7974,16.233243,0.2268,1,-2.130219,0.000472448,0.0,5.039,5.0406
774,0.8095,19.155161,0.2312,1,-0.133992,0.000638509,0.0,5.02547,5.0486
775,0.801,18.729198,0.2361,1,0.829513,0.000566305,0.0,5.04184,5.0434
776,0.7986,19.742839,0.2263,1,1.074506,0.000440968,0.0,5.08882,5.0802
777,0.7991,19.466294,0.2354,1,0.520261,0.000542888,0.0,5.04237,5.0412
778,0.8004,19.986252,0.2297,1,0.184217,0.000461087,0.0,4.96749,4.9772
779,0.783,21.530206,0.218,1,1.174001,0.000823564,0.0,4.989,4.965
780,0.8135,17.749984,0.2179,1,-1.545138,0.000580419,0.0,5.07589,5.0914
781,0.7918,23.228192,0.2215,1,3.992902,0.000525344,0.0,5.02207,5.0032
782,0.7977,21.126401,0.2237,1,0.925028,0.000618763,0.0,5.01644,5.0258
783,0.7844,16.928711,0.227,1,-1.433975,0.000535158,0.0,4.9721,4.9608
784,0.8153,21.07707,0.239,1,3.382417,0.000611055,0.0,5.04278,5.0626
785,0.8111,18.694994,0.2493,1,-0.061308,0.000317024,0.0,4.96685,4.9536
786,0.8083,19.844356,0.2226,1,-0.013207,0.000550859,0.0,5.00455,5.0058
787,0.0007,0.0,0.0005,0,0.0,0.000531504,0.0,4.99461,4.9724
788,0.796,16.026793,0.2218,1,-2.467826,0.00058195,0.0,4.96856,4.9802
789,0.8021,17.986246,0.2418,1,0.416806,0.000414227,0.0,4.96456,4.96
790,0.805,17.372692,0.2281,1,-2.342635,0.000641488,0.0,5.02683,5.0238
791,0.792,17.921261,0.2243,1,-0.995704,0.000492445,0.0,4.93463,4.9382
792,0.795,17.826355,0.2258,1,-1.606437,0.000581447,0.0,4.98968,4.9634
793,0.7822,24.320349,0.2249,1,4.025064,0.000340669,0.0,4.96245,4.9688
794,0.7901,17.886495,0.2222,1,-0.2165,0.000305894,0.0,5.04072,5.0586
795,0.7971,16.538206,0.2366,1,-1.277484,0.000463697,0.0,4.95965,4.957
796,0.8005,16.334588,0.2236,1,-2.259053,0.000573431,0.0,5.01278,5.0096
797,0.7794,17.415253,0.2094,1,-2.322187,0.000576207,0.0,4.99261,5.0056
798,0.7905,20.032405,0.2183,1,-0.08892,0.000577307,0.0,4.99687,4.9918
799,0.8088,16.828714,0.2306,1,-0.616286,0.000469234,0.0,5.0447,5.0694
800,0.7806,20.057882,0.2227,1,1.820539,0.00039405,0.0,4.94247,4.9292
801,0.7971,18.803216,0.2323,1,-0.255899,0.000521142,0.0,5.03819,5.0274
802,0.8109,20.458789,0.2382,1,0.330695,0.000671254,0.0,4.99697,5.0086
803,0.811,22.724848,0.2377,1,3.673438,0.000427662,0.0,5.0304,5.0202
804,0.8007,25.124493,0.2219,1,5.126205,0.000470319,0.0,5.04201,5.0604
805,0.8026,23.511937,0.2253,1,4.165411,0.000547854,0.0,5.01118,5.0266
806,0.7949,19.550878,0.2314,1,0.309243,0.000501501,0.0,5.00131,5.0236
807,0.7969,23.09643,0.2436,1,3.124467,0.000413491,0.0,4.96019,4.9732
808,0.8109,20.096571,0.227,1,0.957314,0.000331824,0.0,5.02773,5.035
809,0.7882,18.516943,0.2144,1,0.090125,0.000623327,0.0,4.99302,5.0124
810,0.8024,20.212232,0.2217,1,0.845362,0.000541954,0.0,5.05487,5.0374
811,0.789,23.218047,0.2137,1,3.074158,0.000601082,0.0,4.9914,4.9996
812,0.7941,19.825517,0.2392,1,-0.206594,0.000542534,0.0,5.05107,5.0358
813,0.7928,17.242598,0.225,1,-1.620188,0.00063535,0.0,4.93973,4.9706
814,0.8035,19.061986,0.23,1,-0.022096,0.000428684,0.0,5.02221,5.0164
815,0.7913,18.267239,0.2267,1,-0.301676,0.000545895,0.0,5.03457,5.0212
816,0.7841,20.6663,0.2131,1,0.276717,0.000367104,0.0,4.94657,4.9562
817,0.8017,17.623269,0.2351,1,-1.34735,0.000506732,0.0,4.99321,4.9798
818,0.7975,21.272513,0.2128,1,2.301874,0.000616728,0.0,5.02719,5.0316
819,0.7848,31.081563,0.2069,1,11.504405,0.000599356,0.0,4.89863,4.9046
820,0.8,20.351511,0.216,1,0.895756,0.00035868,0.0,5.00658,5.0118
821,0.7926,17.555436,0.2265,1,-1.388608,0.000537928,0.0,4.95769,4.9496
822,0.7966,17.817469,0.2206,1,-0.825543,0.000585052,0.0,4.95435,4.968
823,0.8063,18.492585,0.2354,1,-0.625186,0.000523618,0.0,5.01895,5.0228
824,0.8013,22.368477,0.2256,1,2.067116,0.000521611,0.0,5.01908,5.042
825,0.8039,20.707895,0.2215,1,2.112391,0.000522173,0.0,5.02085,5.0348
826,0.8006,19.821327,0.2319,1,1.275295,0.00076957,0.0,4.989,5.0008
827,0.8002,17.898601,0.2235,1,0.106921,0.0003828,0.0,5.01628,4.9994
828,0.7895,21.547308,0.2219,1,1.095359,0.000393098,0.0,4.93242,4.9512
829,0.8013,21.144524,0.2322,1,1.794895,0.000187135,0.0,5.05478,5.0744
830,0.7975,22.445213,0.2373,1,3.346796,0.000409247,0.0,4.99555,4.9892
831,0.7986,17.454985,0.2449,1,-0.859729,0.000547146,0.0,5.01926,5.025
832,0.8011,17.398063,0.2443,1,-0.219958,0.000405071,0.0,5.0225,5.0136
833,0.7865,20.264467,0.2203,1,0.443002,0.000386234,0.0,4.97406,4.997
834,0.8044,18.571297,0.2371,1,-0.064606,0.000533127,0.0,4.97141,4.9804
835,0.7992,17.848685,0.2327,1,-1.356277,0.000607524,0.0,4.96369,4.9742
836,0.7852,18.46313,0.2219,1,-0.670135,0.000444466,0.0,4.93156,4.9272
837,0.8043,21.566028,0.2218,1,2.128599,0.000411062,0.0,4.99051,4.9722
838,0.8065,16.546489,0.2388,1,-1.331366,0.000595111,0.0,5.00942,5.0316
839,0.8038,20.041534,0.2207,1,0.456859,0.000599391,0.0,5.00428,5.0008
840,0.7878,22.278677,0.2144,1,1.500308,0.000412424,0.0,4.95965,4.9866
841,0.813,16.108801,0.2453,1,-2.219258,0.000525022,0.0,5.02273,5.0056
842,0.7959,23.22355,0.2248,1,5.545549,0.000480211,0.0,5.002,4.9958
843,0.8008,17.748411,0.2363,1,-0.450114,0.000566207,0.0,5.04411,5.042
844,0.7864,17.815089,0.2132,1,-1.291053,0.000430973,0.0,4.99952,5.0124
845,0.8189,16.772378,0.2427,1,-2.312417,0.000443645,0.0,5.05731,5.081
846,0.8002,18.972343,0.2312,1,0.576995,0.000646149,0.0,5.00731,5.007
847,0.792,20.436986,0.221,1,0.905075,0.000511692,0.0,4.95996,4.9646
848,0.8111,19.454023,0.2363,1,1.380912,0.000381597,0.0,5.01004,5.0214
849,0.8096,17.469314,0.2409,1,-0.723016,0.000623003,0.0,5.0052,5.0028
850,0.8025,20.44554,0.2378,1,1.443618,0.000328785,0.0,5.05613,5.053
851,0.8106,20.062311,0.2399,1,1.345178,0.000539025,0.0,5.06185,5.0578
852,0.8035,15.494467,0.2383,1,-2.386243,0.000408454,0.0,4.99804,4.9964
853,0.7958,21.082147,0.2319,1,1.759122,0.000507729,0.0,4.97522,4.988
854,0.809,17.593047,0.2448,1,-0.104608,0.000532559,0.0,4.97132,4.9858
855,0.7779,19.299815,0.2119,1,-0.291711,0.000564163,0.0,4.94861,4.943
856,0.7773,19.793181,0.2154,1,1.117155,0.000638476,0.0,4.95562,4.9304
857,0.8096,19.058018,0.2392,1,-0.181242,0.000332795,0.0,5.03648,5.0116
858,0.8043,20.841176,0.2385,1,2.598785,0.000500179,0.0,5.02413,5.014
859,0.7847,22.26516,0.2022,1,2.119785,0.000577127,0.0,5.00526,4.985
860,0.788,17.692109,0.2222,1,-1.003886,0.000432852,0.0,5.00076,4.9894
861,0.796,19.207827,0.2174,1,0.751094,0.00036019,0.0,4.99496,5.0024
862,0.8038,17.906317,0.2287,1,-0.112671,0.000405589,0.0,5.00888,5.0208
863,0.7966,22.718396,0.2333,1,4.046122,0.000387544,0.0,4.97338,4.9808
864,0.8036,19.075056,0.2339,1,0.194901,0.000452499,0.0,5.01521,5.0234
865,0.8093,16.350371,0.239,1,-2.221861,0.000532649,0.0,4.97547,4.9808
866,0.8049,21.414303,0.2365,1,0.939984,0.000463151,0.0,4.9597,4.9628
867,0.7942,17.300185,0.2334,1,-1.887039,0.00051895,0.0,5.04542,5.0414
868,0.8019,24.324657,0.2258,1,4.264378,0.000512187,0.0,4.94938,4.9704
869,0.787,18.413177,0.2146,1,-0.370099,0.000455275,0.0,5.00816,4.9998
870,0.7849,17.603597,0.2179,1,-1.930326,0.000437605,0.0,4.95379,4.982
871,0.8083,17.234313,0.2451,1,-1.263896,0.000350861,0.0,5.0668,5.0626
872,0.7868,21.960001,0.2228,1,2.065674,0.000482792,0.0,4.98724,4.9838
873,0.7915,20.861373,0.2255,1,2.666414,0.000542179,0.0,4.93257,4.9358
874,0.8054,17.933083,0.2321,1,0.000882,0.000688907,0.0,5.01557,5.0358
875,0.8002,20.512653,0.2261,1,1.41057,0.000457357,0.0,4.98855,4.9966
876,0.8016,20.892954,0.2224,1,1.380827,0.000357842,0.0,5.02032,5.0098
877,0.794,16.577312,0.231,1,-2.673349,0.000600163,0.0,4.99904,4.9996
878,0.8005,16.483565,0.2262,1,-1.773781,0.000573545,0.0,5.00858,5.0128
879,0.7846,24.46672,0.2277,1,5.685729,0.000461856,0.0,4.966,4.9704
880,0.8044,19.781729,0.2272,1,0.14311,0.000574318,0.0,4.99446,5.0202
881,0.8054,19.564054,0.2316,1,0.991925,0.000589669,0.0,5.06048,5.0268
882,0.7974,20.361391,0.2335,1,1.456902,0.000598487,0.0,5.00563,5.007
883,0.7923,17.871934,0.2336,1,-0.343362,0.000615997,0.0,5.03976,5.025
884,0.8068,16.474938,0.237,1,-2.06375,0.00076588,0.0,5.00223,5.0116
885,0.811,22.10743,0.2387,1,3.349415,0.000561373,0.0,5.06424,5.0652
886,0.793,16.894816,0.2379,1,-1.686883,0.000412481,0.0,4.96933,4.9762
887,0.795,21.435723,0.2288,1,2.677958,0.000517497,0.0,5.05598,5.045
888,0.7924,17.154204,0.2299,1,-0.570268,0.000306308,0.0,5.04529,5.0472
889,0.7809,17.423252,0.2191,1,-1.054932,0.00040438,0.0,5.02827,5.0164
890,0.7935,17.862752,0.2233,1,-1.661597,0.000503581,0.0,5.00216,5.002
891,0.7859,18.393839,0.223,1,-0.237558,0.000445027,0.0,4.91976,4.9328
892,0.8047,20.725046,0.2271,1,1.431059,0.000357668,0.0,5.01935,5.0132
893,0.8015,18.332309,0.2304,1,-0.040636,0.000589915,0.0,5.04612,5.039
894,0.8013,18.158794,0.2319,1,-0.795165,0.000460364,0.0,4.97489,4.9776
895,0.7896,16.251738,0.2329,1,-1.708039,0.000433906,0.0,4.98442,4.9936
896,0.7839,18.29451,0.2286,1,-0.011165,0.000652699,0.0,4.98754,4.9764
897,0.802,17.028099,0.2473,1,-1.505012,0.000522371,0.0,5.02954,5.0242
898,0.7933,23.805838,0.2218,1,4.109811,0.000682123,0.0,5.05021,5.051
899,0.8056,16.368623,0.2489,1,-0.759181,0.000447132,0.0,5.07016,5.0286
900,0.7921,18.677409,0.2174,1,-0.0585,0.000341713,0.0,4.96807,4.948
901,0.7999,19.221201,0.2367,1,0.495382,0.000453771,0.0,5.01393,5.0106
902,0.8005,18.035423,0.2261,1,-1.047324,0.00057408,0.0,5.00231,5.0144
903,0.7913,19.068996,0.2262,1,0.070546,0.000336299,0.0,5.00116,4.9944
904,0.8006,19.764565,0.2176,1,0.416919,0.000558031,0.0,4.97722,4.9686
905,0.7839,18.327239,0.2306,1,0.558285,0.000594144,0.0,5.02616,5.023
906,0.7968,15.853904,0.248,1,-2.400826,0.00047459,0.0,5.03545,5.0214
907,0.7914,18.338563,0.2352,1,0.90035,0.000626934,0.0,4.98198,4.9946
908,0.8115,20.015972,0.2275,1,1.317845,0.000454636,0.0,5.0014,5.0136
909,0.7977,17.370466,0.2255,1,0.038724,0.000431965,0.0,4.99062,5.0098
910,0.7949,18.768052,0.2286,1,0.502544,0.000613402,0.0,4.94256,4.9476
911,0.8027,19.606771,0.2319,1,0.843204,0.000687655,0.0,5.0339,5.0266
912,0.8005,20.1062,0.2259,1,2.105642,0.000600279,0.0,4.99588,5.0018
913,0.7884,18.759402,0.2083,1,-1.093837,0.000625792,0.0,4.99988,4.9858
914,0.796,17.037754,0.2316,1,-1.319742,0.000675312,0.0,4.97807,4.9974
915,0.7868,21.259867,0.2076,1,1.173199,0.000484962,0.0,4.97771,4.971
916,0.7949,17.951109,0.2243,1,-1.349549,0.000574804,0.0,5.0034,5.007
917,0.8004,24.015106,0.2355,1,5.443094,0.000528469,0.0,4.99137,5.0042
918,0.7918,25.392858,0.2197,1,5.048372,0.000715061,0.0,4.91906,4.9468
919,0.796,18.912877,0.2249,1,0.065772,0.000741195,0.0,5.00112,5.0178
920,0.7857,18.464816,0.2219,1,-0.837527,0.000504286,0.0,5.00176,4.9954
921,0.0017,0.490609,0.0007,0,0.0,0.000480819,0.0,5.00992,4.9816
922,0.7895,18.376143,0.2314,1,-0.069562,0.000422294,0.0,5.06568,5.0486
923,0.7931,19.040412,0.2322,1,-0.441737,0.000531743,0.0,4.98514,4.9796
924,0.8011,16.240614,0.2382,1,-1.763258,0.00064787,0.0,5.01122,4.9898
925,0.7887,17.161285,0.2421,1,-1.323077,0.000456467,0.0,5.0089,4.986
926,0.793,18.131246,0.226,1,-0.461333,0.000377308,0.0,5.04729,5.041
927,0.7961,22.924259,0.215,1,2.94519,0.000361978,0.0,4.97348,4.9992
928,0.7968,18.061016,0.2332,1,-1.619369,0.000674786,0.0,4.98494,4.9944
929,0.7962,17.548182,0.2314,1,-1.794728,0.000460643,0.0,4.97807,4.9714
930,0.794,18.983287,0.2237,1,0.149323,0.000338789,0.0,4.97276,4.986
931,0.807,19.682899,0.2184,1,-0.058078,0.000328225,0.0,5.06395,5.0538
932,0.812,16.646944,0.2326,1,-1.30004,0.000495567,0.0,5.03713,5.0476
933,0.7986,21.44796,0.2264,1,2.303525,0.000523951,0.0,5.00998,5.0286
934,0.7916,21.302952,0.2285,1,1.996637,0.000434496,0.0,4.97168,4.9996
935,0.7943,31.446396,0.2142,1,12.219124,0.000611835,0.0,4.94821,4.9546
936,0.7941,21.283781,0.2119,1,2.59372,0.000616114,0.0,5.0312,5.0326
937,0.7896,21.951566,0.234,1,3.256042,0.000667186,0.0,5.01662,5.0194
938,0.7968,20.770768,0.2384,1,2.642784,0.000515351,0.0,5.05958,5.0624
939,0.8032,17.571892,0.2315,1,-2.180743,0.000552137,0.0,5.00998,4.9888
940,0.8053,19.003724,0.2367,1,1.686115,0.000577228,0.0,4.98996,4.9994
941,0.8098,17.436024,0.2395,1,-1.154632,0.000478996,0.0,4.99928,5.0112
942,0.8033,19.107291,0.2455,1,0.094773,0.000452701,0.0,5.02017,5.0162
943,0.7975,18.796279,0.2283,1,0.126527,0.000451718,0.0,5.01351,5.0338
944,0.7921,17.809376,0.2362,1,-1.047084,0.000477221,0.0,5.01008,5.019
945,0.7883,19.354163,0.2358,1,1.157838,0.000412128,0.0,4.97439,4.9754
946,0.8075,17.362959,0.2379,1,-1.648561,0.000548037,0.0,5.0191,5.017
947,0.8139,19.851688,0.2416,1,0.866588,0.000545187,0.0,5.0221,5.0402
948,0.7868,21.404696,0.2102,1,1.021668,0.000465021,0.0,4.96155,4.941
949,0.7961,18.305987,0.2246,1,-1.108126,0.000555319,0.0,4.98788,4.9822
950,0.803,20.715898,0.2308,1,1.273648,0.000471135,0.0,5.04884,5.0448
951,0.7846,17.299779,0.2107,1,-1.823945,0.00034094,0.0,4.9659,4.9614
952,0.7886,18.849359,0.2298,1,-0.185002,0.00050244,0.0,5.01672,4.9988
953,0.8035,20.649733,0.2289,1,0.87793,0.00045623,0.0,4.9875,5.01
954,0.8047,18.463728,0.2392,1,0.132822,0.000376722,0.0,5.04534,5.0508
955,0.796,16.296119,0.2443,1,-1.762165,0.000608796,0.0,4.9605,4.967
956,0.7931,17.267951,0.2224,1,-1.611554,0.000475888,0.0,5.01631,5.0268
957,0.7904,33.073521,0.236,1,13.706665,0.00051868,0.0,5.05125,5.0382
958,0.7957,17.818266,0.2291,1,-1.921404,0.000465378,0.0,4.97042,4.9284
959,0.7891,19.422499,0.2302,1,0.517206,0.000545493,0.0,5.03046,5.029
960,0.7999,21.031828,0.2409,1,2.001546,0.000592562,0.0,5.03597,5.0266
961,0.7971,18.52472,0.2328,1,0.623341,0.000483103,0.0,4.97963,4.9882
962,0.7895,23.526355,0.2242,1,4.748125,0.000434958,0.0,4.98334,4.9826
963,0.7858,20.284104,0.2271,1,0.404751,0.000694101,0.0,5.01147,5.0022
964,0.7872,22.294525,0.2257,1,3.777808,0.000713883,0.0,5.03398,5.0088
965,0.7855,19.052189,0.2133,1,0.163171,0.000526685,0.0,5.01068,5.0018
966,0.7901,17.624524,0.2197,1,-0.893598,0.000457581,0.0,4.99271,4.99
967,0.7921,17.654962,0.2255,1,-0.366575,0.000454578,0.0,5.01043,5.0052
968,0.7787,18.922645,0.2201,1,0.366121,0.000508179,0.0,4.983,4.9758
969,0.7972,20.6811,0.2274,1,0.945238,0.000464604,0.0,4.94658,4.9604
970,0.7988,21.521755,0.2467,1,2.57848,0.00047544,0.0,5.02605,5.0218
971,0.7866,17.615516,0.2293,1,-1.327299,0.00035758,0.0,5.02279,5.011
972,0.7927,20.286586,0.2192,1,0.577644,0.000418475,0.0,4.93445,4.9396
973,0.8048,18.828973,0.2332,1,-0.699403,0.000379144,0.0,5.02405,5.0398
974,0.7944,20.294864,0.2286,1,2.434895,0.000771884,0.0,4.99582,4.979
975,0.8024,19.018464,0.2237,1,0.16393,0.00042794,0.0,5.01614,5.0312
976,0.7968,23.458604,0.2165,1,3.202607,0.000580575,0.0,4.98513,4.9754
977,0.8002,18.72429,0.2423,1,0.161052,0.000505006,0.0,5.00044,4.9896
978,0.8052,15.801032,0.2373,1,-2.074882,0.000431348,0.0,4.99756,5.01
979,0.8152,18.693147,0.23,1,0.246892,0.000553603,0.0,4.99071,4.9948
980,0.7904,16.86447,0.22,1,-1.277195,0.000548185,0.0,5.02034,5.0144
981,0.7938,17.474022,0.2201,1,-1.364945,0.000436554,0.0,4.98272,4.965
982,0.7951,20.28437,0.2282,1,1.212728,0.000354367,0.0,5.03817,5.041
983,0.792,17.731364,0.2294,1,-0.989016,0.000682949,0.0,4.95972,4.9598
984,0.8058,19.903102,0.2284,1,0.892349,0.00039109,0.0,4.95235,4.9566
985,0.8076,18.266612,0.2257,1,-1.296057,0.000635573,0.0,5.05109,5.0462
986,0.7851,16.568004,0.238,1,-1.626642,0.00045782,0.0,4.9949,4.9852
987,0.7894,21.554093,0.2279,1,3.714474,0.000559788,0.0,4.97341,4.9568
988,0.8001,18.101901,0.2254,1,-1.081647,0.000648872,0.0,4.99368,4.9996
989,0.7942,28.615633,0.2323,1,9.920976,0.00052534,0.0,5.0203,5.005
990,0.8058,18.547204,0.2358,1,-0.068951,0.000521241,0.0,5.02624,5.0384
991,0.7902,18.072594,0.236,1,-1.01715,0.000461748,0.0,4.96557,4.972
992,0.0007,0.0,0.0005,0,0.0,0.000505273,0.0,5.0008,4.9866
993,0.7914,18.124904,0.2243,1,-0.678206,0.000575549,0.0,5.01717,4.9868
994,0.7941,17.384515,0.2339,1,-1.249835,0.000676574,0.0,4.98074,4.9854
995,0.7901,19.349392,0.224,1,0.852797,0.000692179,0.0,5.01817,5.0094
996,0.7988,18.113901,0.2346,1,-0.936479,0.000575287,0.0,5.007,4.9992
997,0.7898,22.220748,0.2289,1,2.518979,0.000383041,0.0,4.99573,5.0168
998,0.7872,18.969727,0.2299,1,-0.592175,0.000457666,0.0,4.99298,4.9888
999,0.7988,20.547858,0.2258,1,1.012787,0.000557261,0.0,4.97289,4.9798
1000,0.8054,20.482083,0.2433,1,1.870394,0.000688553,0.0,5.03194,5.022
