run,final_size,peak_t,peak_value,major,realised.excess_degree,realised.mean_degree
1,0.7759,2.213516,0.2507,1,5.80269,5.0042
2,0.7791,2.385018,0.2598,1,5.81529,5.024
3,0.7962,2.512848,0.2615,1,5.84431,5.0702
4,0.7837,2.519074,0.2583,1,5.77367,4.9592
5,0.7907,2.285141,0.2695,1,5.82477,5.039
6,0.7847,2.255503,0.2608,1,5.77991,4.9688
7,0.7845,2.366945,0.265,1,5.82967,5.0468
8,0.779,2.340875,0.2575,1,5.80881,5.0138
9,0.7861,2.448064,0.2613,1,5.80575,5.009
10,0.7793,2.34743,0.2586,1,5.74929,4.922
11,0.7872,2.320948,0.2733,1,5.82666,5.042
12,0.7895,2.469889,0.262,1,5.83644,5.0576
13,0.7815,2.282932,0.2537,1,5.80766,5.012
14,0.7836,2.64996,0.2498,1,5.77406,4.9598
15,0.7782,2.420353,0.261,1,5.79808,4.997
16,0.7768,2.439374,0.2548,1,5.76859,4.9514
17,0.7847,2.190696,0.2655,1,5.82552,5.0402
18,0.7894,2.40115,0.2641,1,5.80957,5.015
19,0.7906,2.345034,0.2652,1,5.80728,5.0114
20,0.7973,2.231011,0.2651,1,5.80957,5.015
21,0.779,2.413724,0.2561,1,5.79269,4.9886
22,0.7777,2.234822,0.2525,1,5.78301,4.9736
23,0.7887,2.370647,0.2638,1,5.80537,5.0084
24,0.7849,2.283867,0.2597,1,5.81529,5.024
25,0.7857,2.307074,0.2595,1,5.83682,5.0582
26,0.7941,2.691421,0.2632,1,5.8259,5.0408
27,0.782,2.412883,0.2553,1,5.79269,4.9886
28,0.7894,2.39838,0.2605,1,5.8046,5.0072
29,0.783,2.302204,0.2632,1,5.82098,5.033
30,0.7876,2.169752,0.2691,1,5.76624,4.9478
31,0.7919,2.302116,0.2621,1,5.7896,4.9838
32,0.7796,2.168493,0.2553,1,5.8111,5.0174
33,0.7789,2.418846,0.2541,1,5.77679,4.964
34,0.7899,2.331215,0.269,1,5.78534,4.9772
35,0.7827,2.294117,0.2542,1,5.76781,4.9502
36,0.7767,2.364706,0.2515,1,5.81833,5.0288
37,0.7677,2.586979,0.2485,1,5.7896,4.9838
38,0.7849,2.27919,0.2585,1,5.79423,4.991
39,0.7877,2.516323,0.2639,1,5.77211,4.9568
40,0.7861,2.249862,0.2643,1,5.77445,4.9604
41,0.7803,2.258645,0.2493,1,5.795,4.9922
42,0.794,2.248077,0.2642,1,5.81871,5.0294
43,0.7709,2.509697,0.2455,1,5.80537,5.0084
44,0.7819,2.336887,0.2615,1,5.813,5.0204
45,0.7813,2.53712,0.255,1,5.76624,4.9478
46,0.7878,2.30664,0.2566,1,5.79539,4.9928
47,0.7812,2.274224,0.2634,1,5.7865,4.979
48,0.7824,2.392601,0.2579,1,5.81033,5.0162
49,0.7873,2.373212,0.2706,1,5.84244,5.0672
50,0.795,2.497705,0.2572,1,5.80766,5.012
51,0.7709,2.417082,0.2534,1,5.795,4.9922
52,0.785,2.475642,0.2566,1,5.82779,5.0438
53,0.7931,2.22728,0.2636,1,5.80154,5.0024
54,0.7873,2.266984,0.2623,1,5.79153,4.9868
55,0.7853,2.744255,0.2549,1,5.7803,4.9694
56,0.7894,2.393531,0.2665,1,5.81148,5.018
57,0.7912,2.446793,0.2657,1,5.80345,5.0054
58,0.7955,2.336029,0.2569,1,5.79693,4.9952
59,0.78,2.3706,0.2573,1,5.80422,5.0066
60,0.7795,2.471076,0.2427,1,5.80192,5.003
61,0.7882,2.422287,0.2533,1,5.77172,4.9562
62,0.7919,2.376728,0.2597,1,5.82854,5.045
63,0.7764,2.416067,0.2533,1,5.81224,5.0192
64,0.7826,2.494383,0.2527,1,5.79114,4.9862
65,0.7901,2.386406,0.2623,1,5.8293,5.0462
66,0.7883,2.338759,0.2709,1,5.79962,4.9994
67,0.7886,2.473084,0.2588,1,5.79384,4.9904
68,0.7795,2.412664,0.2582,1,5.81072,5.0168
69,0.7819,2.456878,0.2476,1,5.76702,4.949
70,0.775,2.309318,0.2542,1,5.81643,5.0258
71,0.7901,2.457437,0.2529,1,5.80422,5.0066
72,0.7791,2.546228,0.2557,1,5.795,4.9922
73,0.7888,2.44158,0.2592,1,5.81605,5.0252
74,0.7853,2.267331,0.2655,1,5.80115,5.0018
75,0.7831,2.420351,0.2641,1,5.79114,4.9862
76,0.7852,2.307194,0.2554,1,5.77172,4.9562
77,0.7756,2.427884,0.25,1,5.79192,4.9874
78,0.7856,2.440061,0.2562,1,5.78418,4.9754
79,0.7806,2.411446,0.2562,1,5.77367,4.9592
80,0.7805,2.31674,0.2527,1,5.76467,4.9454
81,0.7854,2.513018,0.2506,1,5.80115,5.0018
82,0.7844,2.368617,0.2663,1,5.79076,4.9856
83,0.7827,2.350506,0.2584,1,5.795,4.9922
84,0.7873,2.376607,0.2568,1,5.81984,5.0312
85,0.7916,2.41291,0.269,1,5.82628,5.0414
86,0.7765,2.274946,0.2553,1,5.81984,5.0312
87,0.7952,2.439108,0.2591,1,5.82666,5.042
88,0.7837,2.287154,0.2586,1,5.78379,4.9748
89,0.7834,2.150569,0.2686,1,5.80766,5.012
90,0.7842,2.289635,0.2588,1,5.83118,5.0492
91,0.7858,2.308674,0.2538,1,5.80728,5.0114
92,0.7828,2.410835,0.2487,1,5.8069,5.0108
93,0.7892,2.286923,0.2579,1,5.80307,5.0048
94,0.7889,2.544962,0.2689,1,5.80154,5.0024
95,0.7784,2.411485,0.2452,1,5.78728,4.9802
96,0.7856,2.24427,0.2495,1,5.81186,5.0186
97,0.7847,2.222906,0.2612,1,5.82212,5.0348
98,0.78,2.461138,0.251,1,5.79539,4.9928
99,0.7872,2.272115,0.2683,1,5.74929,4.922
100,0.788,2.34192,0.2646,1,5.80307,5.0048
101,0.792,2.539895,0.2709,1,5.82401,5.0378
102,0.7816,2.496853,0.2619,1,5.80613,5.0096
103,0.7794,2.315526,0.2598,1,5.79923,4.9988
104,0.7908,2.441744,0.2662,1,5.7896,4.9838
105,0.7835,2.376746,0.262,1,5.78998,4.9844
106,0.7823,2.304847,0.2483,1,5.80307,5.0048
107,0.7842,2.377332,0.2772,1,5.81909,5.03
108,0.7747,2.521672,0.2504,1,5.78146,4.9712
109,0.792,2.368763,0.2727,1,5.80269,5.0042
110,0.7789,2.230502,0.2592,1,5.78224,4.9724
111,0.7966,2.429805,0.2647,1,5.80422,5.0066
112,0.7846,2.359329,0.2599,1,5.8,5.0
113,0.7946,2.573371,0.2545,1,5.83005,5.0474
114,0.7853,2.400468,0.2724,1,5.78107,4.9706
115,0.7795,2.581344,0.2523,1,5.78495,4.9766
116,0.7914,2.650172,0.2543,1,5.77406,4.9598
117,0.7932,2.297721,0.2662,1,5.79114,4.9862
118,0.7857,2.295334,0.2626,1,5.78224,4.9724
119,0.7863,2.216159,0.2657,1,5.81795,5.0282
120,0.7846,2.559018,0.2548,1,5.77835,4.9664
121,0.7856,2.432607,0.2656,1,5.76035,4.9388
122,0.7917,2.412077,0.2594,1,5.8259,5.0408
123,0.7771,2.34885,0.2531,1,5.78068,4.97
124,0.7867,2.577335,0.2685,1,5.81148,5.018
125,0.7873,2.506555,0.2533,1,5.79423,4.991
126,0.7673,2.469207,0.254,1,5.77523,4.9616
127,0.7805,2.499847,0.2622,1,5.79808,4.997
128,0.7957,2.516159,0.2666,1,5.81224,5.0192
129,0.7791,2.358761,0.2588,1,5.76585,4.9472
130,0.7859,2.397883,0.2606,1,5.78728,4.9802
131,0.7844,2.592699,0.2431,1,5.77874,4.967
132,0.7859,2.379525,0.2607,1,5.79192,4.9874
133,0.7856,2.149651,0.254,1,5.77055,4.9544
134,0.7823,2.457101,0.2611,1,5.78612,4.9784
135,0.793,2.528147,0.2683,1,5.79616,4.994
136,0.7742,2.390026,0.2496,1,5.82779,5.0438
137,0.7847,2.47497,0.2617,1,5.82817,5.0444
138,0.7782,2.247994,0.27,1,5.80919,5.0144
139,0.7833,2.528644,0.2622,1,5.79616,4.994
140,0.7823,2.504392,0.2628,1,5.813,5.0204
141,0.7989,2.397688,0.266,1,5.80766,5.012
142,0.7736,2.673196,0.2526,1,5.78921,4.9832
143,0.7918,2.463838,0.2645,1,5.8206,5.0324
144,0.7857,2.361761,0.2649,1,5.82136,5.0336
145,0.7767,2.561182,0.2498,1,5.78146,4.9712
146,0.7825,2.435106,0.2509,1,5.82212,5.0348
147,0.7794,2.336061,0.2617,1,5.81719,5.027
148,0.7852,2.289674,0.2682,1,5.77913,4.9676
149,0.7938,2.465201,0.2606,1,5.77484,4.961
150,0.7881,2.400808,0.2651,1,5.80881,5.0138
151,0.7783,2.66985,0.2558,1,5.78534,4.9772
152,0.794,2.384413,0.2706,1,5.84878,5.0774
153,0.789,2.263812,0.2605,1,5.79731,4.9958
154,0.7806,2.166614,0.2577,1,5.81946,5.0306
155,0.7921,2.306517,0.2641,1,5.78728,4.9802
156,0.7784,2.403418,0.2485,1,5.77211,4.9568
157,0.7821,2.435851,0.2582,1,5.7923,4.988
158,0.7864,2.224601,0.2567,1,5.77445,4.9604
159,0.7779,2.418304,0.2532,1,5.77913,4.9676
160,0.789,2.399948,0.2645,1,5.81338,5.021
161,0.7786,2.332524,0.2479,1,5.82174,5.0342
162,0.7956,2.411383,0.2711,1,5.81453,5.0228
163,0.7879,2.450073,0.2572,1,5.81681,5.0264
164,0.784,2.347041,0.2526,1,5.77757,4.9652
165,0.7777,2.629683,0.2486,1,5.81262,5.0198
166,0.7766,2.259518,0.2543,1,5.8023,5.0036
167,0.7847,2.380992,0.2604,1,5.80384,5.006
168,0.7908,2.428746,0.2532,1,5.82022,5.0318
169,0.7851,2.267286,0.2695,1,5.79962,4.9994
170,0.7862,2.515709,0.2593,1,5.79654,4.9946
171,0.7772,2.358415,0.2595,1,5.81072,5.0168
172,0.7845,2.595063,0.25,1,5.78573,4.9778
173,0.7851,2.532673,0.2598,1,5.81338,5.021
174,0.7903,2.277772,0.2568,1,5.75995,4.9382
175,0.78,2.341745,0.249,1,5.79153,4.9868
176,0.7847,2.463492,0.2578,1,5.81262,5.0198
177,0.7797,2.465069,0.2537,1,5.77679,4.964
178,0.7896,2.150277,0.2622,1,5.81871,5.0294
179,0.7882,2.416664,0.2631,1,5.84654,5.0738
180,0.7824,2.336767,0.2576,1,5.76898,4.952
181,0.7923,2.320815,0.2657,1,5.78573,4.9778
182,0.7907,2.391743,0.2708,1,5.80613,5.0096
183,0.7769,2.504104,0.2526,1,5.77211,4.9568
184,0.786,2.471548,0.2585,1,5.77991,4.9688
185,0.7795,2.41101,0.2564,1,5.7764,4.9634
186,0.788,2.399554,0.2592,1,5.80537,5.0084
187,0.7702,2.337825,0.2575,1,5.78068,4.97
188,0.7864,2.573457,0.2617,1,5.80154,5.0024
189,0.7748,2.476522,0.2587,1,5.76742,4.9496
190,0.8015,2.250838,0.2741,1,5.7923,4.988
191,0.7816,2.507624,0.2562,1,5.83907,5.0618
192,0.7793,2.587122,0.2567,1,5.77757,4.9652
193,0.7771,2.458017,0.2622,1,5.78379,4.9748
194,0.779,2.46147,0.2448,1,5.80115,5.0018
195,0.7877,2.607706,0.2527,1,5.80843,5.0132
196,0.7824,2.22213,0.2674,1,5.77718,4.9646
197,0.7813,2.3508,0.2627,1,5.80804,5.0126
198,0.7796,2.468326,0.2559,1,5.7896,4.9838
199,0.7918,2.451894,0.2674,1,5.80345,5.0054
200,0.7853,2.551938,0.2639,1,5.83231,5.051
