run,final_size,peak_t,peak_value,major,realised.clustering,realised.excess_degree,realised.mean_degree
1,0.6696,16.536205,0.1316,1,0.00103842,5.04228,5.042
2,0.6554,21.319944,0.1148,1,0.00125624,4.97995,4.9872
3,0.6738,18.246475,0.126,1,0.00100346,4.88146,4.8996
4,0.6812,21.035564,0.1328,1,0.000847857,5.03956,5.0552
5,0.6776,19.10619,0.1332,1,0.00113067,5.05951,5.0344
6,0.6672,18.775566,0.1296,1,0.00126717,5.04554,5.0676
7,0.6436,18.88108,0.1102,1,0.00108801,4.90785,4.944
8,0.6328,19.341738,0.1086,1,0.00101043,4.98561,5.0024
9,0.681,17.697577,0.1322,1,0.00111359,4.96809,4.9888
10,0.6494,17.860189,0.1228,1,0.00104833,5.00652,5.03
11,0.6508,20.428,0.1292,1,0.00107501,4.96482,4.9464
12,0.684,17.657514,0.136,1,0.0010844,4.94419,4.924
13,0.6238,14.93401,0.1096,1,0.00095226,5.03943,5.0012
14,0.6492,17.867245,0.1196,1,0.000924129,5.10866,5.0836
15,0.6602,15.915773,0.1178,1,0.00067113,5.01772,4.9888
16,0.6706,17.108674,0.1222,1,0.000670177,5.0008,5.0128
17,0.6736,16.578237,0.1396,1,0.00144046,5.00601,4.9924
18,0.6644,17.126343,0.1428,1,0.000965437,4.99381,4.978
19,0.6622,14.772085,0.1234,1,0.00104654,5.03473,5.0104
20,0.66,15.51005,0.139,1,0.00117581,5.05036,5.052
21,0.6556,17.375853,0.1348,1,0.000990784,5.04131,5.0452
22,0.672,19.389542,0.1354,1,0.00121408,5.06952,5.0692
23,0.6268,16.963395,0.1222,1,0.00130135,4.99022,4.9892
24,0.6304,21.911868,0.1062,1,0.00114765,4.91562,4.8924
25,0.656,15.204586,0.1474,1,0.000979048,4.96387,4.9384
26,0.6388,18.179143,0.1262,1,0.00072712,4.99379,4.9572
27,0.6548,17.210455,0.1224,1,0.00094402,5.05512,5.0292
28,0.649,17.127655,0.1204,1,0.00101475,4.99308,4.9736
29,0.6472,19.599452,0.112,1,0.00132633,4.94022,4.9448
30,0.6966,15.746916,0.1552,1,0.000983883,5.06743,5.0544
31,0.6908,17.40099,0.1368,1,0.000918303,4.99124,4.9744
32,0.6718,15.522593,0.1364,1,0.000977501,4.95328,4.9568
33,0.6848,17.766348,0.1382,1,0.00112277,5.05933,5.07
34,0.6466,18.027918,0.1356,1,0.000910674,5.00088,5.0064
35,0.633,19.282233,0.1258,1,0.00107482,5.07807,5.0568
36,0.66,13.502765,0.1328,1,0.00115056,5.0207,4.9856
37,0.6544,16.76276,0.117,1,0.00103839,5.0593,5.0252
38,0.6784,15.719088,0.139,1,0.00108012,5.05236,5.0576
39,0.677,16.47798,0.1324,1,0.001321,5.04547,5.0412
40,0.6558,17.134621,0.1338,1,0.00112398,5.06708,5.0568
41,0.6582,19.151083,0.13,1,0.000962202,4.98059,5.008
42,0.659,18.697401,0.1174,1,0.00100994,4.9976,4.9928
43,0.6938,18.935946,0.1304,1,0.00110085,5.01031,5.004
44,0.6702,18.752456,0.1178,1,0.00107676,4.97201,4.9312
45,0.6648,18.809957,0.1292,1,0.00111476,4.94543,5.0064
46,0.6546,20.226925,0.1278,1,0.000878835,4.94567,4.9696
47,0.6704,17.771649,0.1226,1,0.000663193,5.01663,5.0496
48,0.674,19.416126,0.1294,1,0.0014388,5.00056,5.0036
49,0.6558,18.909822,0.1248,1,0.00113146,4.95918,4.9188
50,0.6598,17.308666,0.1276,1,0.0006209,5.02054,5.0044
51,0.6792,19.789174,0.1316,1,0.000848003,5.04708,5.0468
52,0.6752,21.181116,0.1252,1,0.000521121,5.02619,5.0396
53,0.654,20.242889,0.1144,1,0.00120954,4.97529,4.9852
54,0.604,17.376224,0.1096,1,0.000830822,4.9325,4.978
55,0.6346,21.193179,0.1126,1,0.000908482,5.01615,5.0032
56,0.6612,17.631486,0.1228,1,0.000923481,4.97085,4.9668
57,0.6816,14.841087,0.1346,1,0.000767276,5.01194,4.9928
58,0.6328,15.986044,0.123,1,0.000809742,5.01617,5.0224
59,0.664,17.434951,0.1394,1,0.0010208,4.9603,4.9768
60,0.6782,15.337547,0.143,1,0.000990146,5.04496,5.0448
61,0.6676,14.694257,0.1432,1,0.00108754,5.05667,5.0188
62,0.6512,17.904589,0.1254,1,0.000933065,4.9533,4.9332
63,0.6496,20.982837,0.1078,1,0.00111859,4.95621,4.9784
64,0.6602,18.759798,0.1342,1,0.00124547,5.01698,4.9932
65,0.6486,22.638962,0.095,1,0.00110526,4.99672,4.9976
66,0.6352,18.242946,0.099,1,0.000840964,5.08167,5.0544
67,0.6644,20.08816,0.115,1,0.000723542,5.00032,4.9752
68,0.6756,18.509505,0.134,1,0.00109811,5.0268,5.0
69,0.6656,15.326737,0.1288,1,0.00107656,5.06224,5.0644
70,0.6458,16.359887,0.1212,1,0.000942507,4.92123,4.9156
71,0.6502,20.656388,0.1152,1,0.00067271,4.99312,5.0016
72,0.6694,17.323049,0.138,1,0.000651678,5.08875,5.066
73,0.6552,21.775356,0.1164,1,0.000744491,4.91535,4.9188
74,0.6628,16.450931,0.1364,1,0.000857211,5.03316,5.0064
75,0.6742,15.55709,0.1412,1,0.000788119,5.08055,5.0948
76,0.6772,18.256212,0.1424,1,0.000742023,5.09836,5.0752
77,0.6432,16.61939,0.1272,1,0.00130328,4.97765,4.9944
78,0.6578,19.076384,0.1224,1,0.0010736,5.06103,5.0796
79,0.6824,18.473484,0.1322,1,0.00118192,5.01986,5.0564
80,0.686,17.755795,0.1396,1,0.000664326,5.02041,5.0372
81,0.6708,18.636656,0.1366,1,0.00113136,5.04919,5.0416
82,0.6684,17.785309,0.136,1,0.000621563,5.02805,4.9916
83,0.6526,16.657151,0.1226,1,0.00100984,4.98928,5.0016
84,0.6522,18.327255,0.1308,1,0.000729194,4.97397,4.9628
85,0.6838,18.016018,0.1508,1,0.00137988,5.01703,5.0268
86,0.679,16.934068,0.1372,1,0.00142303,4.94516,4.9452
87,0.6502,18.466982,0.1222,1,0.000884057,4.92081,4.9652
88,0.6454,17.437955,0.1216,1,0.00113472,5.04508,5.0308
89,0.6502,15.261871,0.13,1,0.00101474,4.97476,4.992
90,0.6468,19.373019,0.1192,1,0.000968023,4.98608,4.9724
91,0.6814,19.470626,0.1292,1,0.00110255,4.99896,5.0076
92,0.666,20.61904,0.1174,1,0.000935377,4.9219,4.9524
93,0.6612,16.449082,0.1392,1,0.00115871,4.9838,4.9872
94,0.6558,20.07737,0.1216,1,0.00100334,4.98927,5.034
95,0.6682,17.822425,0.1308,1,0.000824642,4.97466,4.9728
96,0.6658,17.311663,0.1236,1,0.0013341,5.01106,5.026
97,0.65,18.437075,0.1132,1,0.00095429,5.03516,4.9948
98,0.6776,15.381105,0.1406,1,0.000677561,4.98048,4.9784
99,0.6346,17.96328,0.0974,1,0.0012274,5.03199,5.0516
100,0.6482,19.670535,0.1128,1,0.00096676,5.00145,4.9636
