run,final_size,peak_t,peak_value,major
1,0.7832,18.155463,0.1554,1
2,0.7967,15.744487,0.1653,1
3,0.8088,16.106014,0.1636,1
4,0.807,17.651526,0.1635,1
5,0.7985,16.069442,0.1788,1
6,0.7987,18.463844,0.1587,1
7,0.8037,18.41549,0.1727,1
8,0.801,17.858725,0.1583,1
9,0.8119,18.439321,0.1521,1
10,0.7934,18.239422,0.1586,1
11,0.7988,18.10487,0.1619,1
12,0.7982,18.037906,0.162,1
13,0.7959,16.569526,0.1561,1
14,0.8216,17.05985,0.1651,1
15,0.7856,16.269087,0.1596,1
16,0.7842,19.00002,0.1474,1
17,0.7892,17.750545,0.152,1
18,0.8047,17.238272,0.1669,1
19,0.7945,17.951053,0.1624,1
20,0.796,16.503049,0.1696,1
21,0.8082,17.790155,0.1497,1
22,0.8057,18.014436,0.1668,1
23,0.7949,17.28137,0.1529,1
24,0.8074,17.523518,0.1834,1
25,0.791,16.961516,0.1559,1
26,0.8145,18.99746,0.172,1
27,0.7916,16.226423,0.1605,1
28,0.7979,17.429862,0.1515,1
29,0.8117,19.426395,0.1662,1
30,0.8051,16.238601,0.1641,1
31,0.8188,16.524228,0.1657,1
32,0.791,19.891071,0.1508,1
33,0.8077,18.109658,0.1484,1
34,0.8008,18.434474,0.1554,1
35,0.8028,17.215605,0.1599,1
36,0.7832,20.819582,0.1479,1
37,0.8015,20.013078,0.1711,1
38,0.7971,17.918298,0.1616,1
39,0.8073,18.924081,0.1622,1
40,0.8021,16.610807,0.1621,1
41,0.7987,18.039257,0.1552,1
42,0.8003,17.139541,0.1508,1
43,0.7816,17.352377,0.1556,1
44,0.7944,16.515452,0.1661,1
45,0.8036,18.411565,0.1664,1
46,0.7962,16.339156,0.1636,1
47,0.7941,17.409396,0.166,1
48,0.7829,16.52382,0.1529,1
49,0.8002,18.685458,0.1672,1
50,0.8004,17.032688,0.1557,1
51,0.7959,18.362378,0.1562,1
52,0.8004,18.2771,0.163,1
53,0.8051,16.475494,0.162,1
54,0.8123,17.033195,0.1688,1
55,0.791,17.369683,0.1574,1
56,0.7996,16.999157,0.1632,1
57,0.7938,15.510702,0.1552,1
58,0.8072,16.585342,0.1602,1
59,0.7908,16.491778,0.1605,1
60,0.7983,18.73491,0.1539,1
61,0.7885,20.521584,0.1506,1
62,0.7956,18.105259,0.1467,1
63,0.7905,19.795394,0.1419,1
64,0.8006,17.603389,0.1606,1
65,0.7993,18.884976,0.1466,1
66,0.7822,17.947987,0.1561,1
67,0.811,18.689565,0.1624,1
68,0.8036,16.789088,0.1596,1
69,0.7964,17.08417,0.158,1
70,0.8086,15.077587,0.1564,1
71,0.8058,16.82783,0.1693,1
72,0.8004,19.415236,0.1569,1
73,0.8018,16.156146,0.1614,1
74,0.7879,17.113304,0.1625,1
75,0.8089,16.415516,0.1739,1
76,0.8023,16.811827,0.1649,1
77,0.8025,16.63988,0.1666,1
78,0.7905,17.416516,0.1512,1
79,0.7891,18.408079,0.1525,1
80,0.8147,16.758924,0.1712,1
81,0.806,17.218864,0.171,1
82,0.8015,16.92555,0.1718,1
83,0.8153,17.883593,0.1677,1
84,0.8062,16.774344,0.1664,1
85,0.8048,16.631471,0.1746,1
86,0.8043,18.501919,0.162,1
87,0.794,18.917742,0.1585,1
88,0.806,17.829746,0.1667,1
89,0.8044,17.547736,0.1625,1
90,0.7947,15.529966,0.1589,1
91,0.7972,17.679925,0.1528,1
92,0.8115,17.890053,0.1672,1
93,0.8108,16.923758,0.1621,1
94,0.7996,18.317895,0.1626,1
95,0.7883,20.334032,0.1465,1
96,0.8029,14.284662,0.1756,1
97,0.8062,17.810005,0.1632,1
98,0.7853,18.477354,0.1544,1
99,0.806,17.110225,0.1615,1
100,0.8127,16.871619,0.1733,1
101,0.8046,18.629797,0.1545,1
102,0.7963,16.769488,0.1723,1
103,0.8159,15.64247,0.1877,1
104,0.8074,16.807744,0.1757,1
105,0.7912,17.335728,0.1628,1
106,0.8017,17.852199,0.1613,1
107,0.8047,17.255931,0.1641,1
108,0.7912,18.438201,0.1574,1
109,0.8158,16.774358,0.1782,1
110,0.8167,15.721844,0.1729,1
111,0.8119,18.962522,0.1714,1
112,0.786,18.228864,0.1565,1
113,0.8014,18.312697,0.1616,1
114,0.7838,17.258424,0.147,1
115,0.7982,17.635441,0.1602,1
116,0.7885,19.195269,0.163,1
117,0.8054,17.55645,0.1612,1
118,0.8129,16.579626,0.1682,1
119,0.8128,16.644944,0.1675,1
120,0.8044,18.597155,0.1629,1
121,0.7999,17.406746,0.1618,1
122,0.7962,17.488374,0.1592,1
123,0.8062,18.224596,0.162,1
124,0.798,17.184008,0.1575,1
125,0.7957,16.401053,0.1469,1
126,0.7936,17.786979,0.1592,1
127,0.783,19.881732,0.1591,1
128,0.7977,17.927261,0.1651,1
129,0.7939,17.578376,0.1586,1
130,0.7948,19.546918,0.1572,1
131,0.8081,17.612581,0.1666,1
132,0.7867,18.005677,0.1651,1
133,0.8038,18.71671,0.1582,1
134,0.8071,15.642255,0.1691,1
135,0.8021,18.253136,0.1623,1
136,0.7881,18.397068,0.1613,1
137,0.8024,18.656223,0.1649,1
138,0.7914,16.307103,0.1591,1
139,0.8015,18.634873,0.1688,1
140,0.7972,18.090623,0.1634,1
141,0.8066,16.105854,0.1611,1
142,0.802,16.4012,0.1686,1
143,0.8066,16.395775,0.1695,1
144,0.8064,16.217792,0.1686,1
145,0.7786,17.29195,0.1548,1
146,0.8035,20.461463,0.1538,1
147,0.8055,18.279435,0.1635,1
148,0.7852,16.903371,0.1691,1
149,0.8111,18.890413,0.1603,1
150,0.801,19.156589,0.1583,1
151,0.7979,19.970456,0.1572,1
152,0.7962,14.773377,0.163,1
153,0.7989,18.265157,0.1602,1
154,0.7976,16.959234,0.1579,1
155,0.7947,15.65482,0.1612,1
156,0.8056,19.189844,0.1479,1
157,0.7988,18.010126,0.1537,1
158,0.7986,16.267167,0.1617,1
159,0.7941,17.459961,0.1609,1
160,0.8006,17.886136,0.1623,1
161,0.7825,16.927329,0.164,1
162,0.8136,19.875028,0.1658,1
163,0.8031,17.909917,0.1604,1
164,0.7906,16.169612,0.1594,1
165,0.8138,18.987621,0.1626,1
166,0.8144,18.459826,0.1648,1
167,0.7961,19.054077,0.1541,1
168,0.8051,18.888372,0.1575,1
169,0.7912,18.16239,0.1674,1
170,0.7899,17.814372,0.1617,1
171,0.8041,16.76013,0.1742,1
172,0.8002,17.296197,0.1621,1
173,0.7901,18.814316,0.1605,1
174,0.8115,18.958203,0.1516,1
175,0.8086,16.359687,0.1595,1
176,0.8093,17.7998,0.1683,1
177,0.8052,17.45589,0.1613,1
178,0.8069,16.298656,0.1703,1
179,0.7909,18.713296,0.1552,1
180,0.8046,18.143154,0.1537,1
181,0.8125,16.041163,0.1744,1
182,0.7766,17.459836,0.157,1
183,0.8006,17.493853,0.1541,1
184,0.8149,16.41347,0.1601,1
185,0.8072,14.905791,0.1744,1
186,0.7949,18.020974,0.1641,1
187,0.7913,17.470963,0.1598,1
188,0.8047,18.007159,0.1567,1
189,0.7975,20.195177,0.1547,1
190,0.8062,15.776727,0.173,1
191,0.8069,17.472243,0.1648,1
192,0.8068,16.431179,0.17,1
193,0.7864,18.341166,0.1623,1
194,0.7931,16.931319,0.1508,1
195,0.812,18.383795,0.1606,1
196,0.8008,16.695768,0.1711,1
197,0.7907,16.495551,0.1525,1
198,0.7995,17.342604,0.1548,1
199,0.8092,17.45324,0.1777,1
200,0.7993,18.90558,0.177,1
