t,cond.S.mean,cond.S.sd,cond.S.se,cond.S.q025,cond.S.q25,cond.S.q50,cond.S.q75,cond.S.q975,cond.I_1.mean,cond.I_1.sd,cond.I_1.se,cond.I_1.q025,cond.I_1.q25,cond.I_1.q50,cond.I_1.q75,cond.I_1.q975,cond.I_2.mean,cond.I_2.sd,cond.I_2.se,cond.I_2.q025,cond.I_2.q25,cond.I_2.q50,cond.I_2.q75,cond.I_2.q975,cond.I_3.mean,cond.I_3.sd,cond.I_3.se,cond.I_3.q025,cond.I_3.q25,cond.I_3.q50,cond.I_3.q75,cond.I_3.q975,cond.R.mean,cond.R.sd,cond.R.se,cond.R.q025,cond.R.q25,cond.R.q50,cond.R.q75,cond.R.q975,cond.infectious.mean,cond.infectious.sd,cond.infectious.se,cond.infectious.q025,cond.infectious.q25,cond.infectious.q50,cond.infectious.q75,cond.infectious.q975,cond.cumulative.mean,cond.cumulative.sd,cond.cumulative.se,cond.cumulative.q025,cond.cumulative.q25,cond.cumulative.q50,cond.cumulative.q75,cond.cumulative.q975
0.0,0.99,0.0,0.0,0.99,0.99,0.99,0.99,0.99,0.01,0.0,0.0,0.01,0.01,0.01,0.01,0.01,0.0,0.0,0.0,0.0,0.0,0.0,0.0,0.0,0.0,0.0,0.0,0.0,0.0,0.0,0.0,0.0,0.0,0.0,0.0,0.0,0.0,0.0,0.0,0.0,0.01,0.0,0.0,0.01,0.01,0.01,0.01,0.01,0.01,0.0,0.0,0.01,0.01,0.01,0.01,0.01
0.25,0.987816,0.00051,3.6e-5,0.9868,0.98748,0.9879,0.9881,0.9888,0.010288,0.00056,4.0e-5,0.0093,0.0099,0.01025,0.0107,0.0115,0.001732,0.00038,2.7e-5,0.001,0.0015,0.0017,0.002,0.0025,0.000155,0.00012,9.0e-6,0.0,0.0001,0.0001,0.0002,0.0005,8.0e-6,3.0e-5,2.0e-6,0.0,0.0,0.0,0.0,0.0001,0.012176,0.00051,3.6e-5,0.0112,0.0118,0.0121,0.0125,0.0132,0.012184,0.00051,3.6e-5,0.0112,0.0119,0.0121,0.01253,0.0132
0.5,0.985197,0.00081,5.8e-5,0.9835,0.9847,0.9851,0.98572,0.9868,0.010891,0.00083,5.9e-5,0.0093,0.01028,0.011,0.0115,0.0125,0.003272,0.00052,3.7e-5,0.0023,0.0029,0.0033,0.0036,0.0042,0.000576,0.00021,1.5e-5,0.0002,0.0004,0.0006,0.0007,0.001,6.5e-5,9.0e-5,6.0e-6,0.0,0.0,0.0,0.0001,0.0003,0.014739,0.00081,5.7e-5,0.0132,0.0142,0.0148,0.0153,0.0164,0.014803,0.00081,5.8e-5,0.0132,0.01428,0.0149,0.0153,0.0165
0.75,0.98212,0.00116,8.2e-5,0.9798,0.9813,0.9821,0.9829,0.9843,0.011802,0.00105,7.4e-5,0.0098,0.0111,0.0118,0.0125,0.0136,0.004674,0.00059,4.2e-5,0.0035,0.0043,0.0046,0.00502,0.0059,0.00116,0.00032,2.2e-5,0.0006,0.0009,0.0011,0.0014,0.0018,0.000244,0.00016,1.1e-5,0.0,0.0001,0.0002,0.0003,0.0006,0.017637,0.00116,8.2e-5,0.0154,0.0168,0.0176,0.0184,0.0201,0.01788,0.00116,8.2e-5,0.0157,0.0171,0.0179,0.0187,0.0202
1.0,0.978604,0.00154,0.000109,0.97618,0.9776,0.97845,0.9796,0.9818,0.012984,0.00132,9.3e-5,0.0108,0.0121,0.013,0.0139,0.0156,0.006026,0.00066,4.7e-5,0.0047,0.0055,0.006,0.0065,0.00731,0.001862,0.00042,2.9e-5,0.0011,0.0016,0.0019,0.0022,0.0027,0.000525,0.00021,1.5e-5,0.0002,0.0004,0.0005,0.0007,0.0009,0.020871,0.00155,0.00011,0.0177,0.0199,0.0209,0.02203,0.02352,0.021396,0.00154,0.000109,0.0182,0.0204,0.02155,0.0224,0.02382
1.25,0.97457,0.00188,0.000133,0.9712,0.9732,0.9746,0.9759,0.9785,0.014477,0.00146,0.000103,0.01179,0.0135,0.0146,0.0153,0.0175,0.00728,0.0008,5.6e-5,0.0057,0.0067,0.0073,0.0078,0.0088,0.00273,0.0005,3.5e-5,0.0018,0.0024,0.0027,0.0031,0.0036,0.000944,0.0003,2.1e-5,0.0004,0.00078,0.0009,0.0011,0.0015,0.024486,0.00187,0.000132,0.0206,0.02317,0.0245,0.02582,0.02811,0.02543,0.00188,0.000133,0.0215,0.0241,0.0254,0.0268,0.0288
1.5,0.969977,0.00247,0.000175,0.965,0.9682,0.9702,0.9716,0.9749,0.016178,0.00178,0.000126,0.0128,0.015,0.0162,0.0173,0.0203,0.008672,0.00098,6.9e-5,0.007,0.00798,0.0087,0.0093,0.0106,0.003601,0.00061,4.3e-5,0.0025,0.0032,0.0036,0.0039,0.0048,0.001573,0.00039,2.8e-5,0.0009,0.0013,0.0015,0.0018,0.0024,0.02845,0.00249,0.000176,0.0234,0.02688,0.0285,0.0301,0.03331,0.030023,0.00247,0.000175,0.0251,0.0284,0.0298,0.0318,0.035
1.75,0.964706,0.00305,0.000216,0.9581,0.9629,0.96485,0.9667,0.9706,0.018239,0.00211,0.000149,0.01449,0.01698,0.0182,0.0193,0.02291,0.010104,0.00113,8.0e-5,0.0081,0.00927,0.01005,0.0109,0.0123,0.004652,0.00071,5.0e-5,0.0034,0.00418,0.0047,0.0051,0.0061,0.002299,0.00048,3.4e-5,0.0015,0.002,0.0023,0.0026,0.0032,0.032995,0.00304,0.000215,0.0271,0.031,0.03305,0.0346,0.03923,0.035294,0.00305,0.000216,0.0294,0.0333,0.03515,0.0371,0.0419
2.0,0.958655,0.0037,0.000262,0.95109,0.95658,0.9587,0.96092,0.9655,0.020683,0.00243,0.000172,0.01629,0.01907,0.0205,0.0222,0.026,0.011693,0.00136,9.6e-5,0.0093,0.0107,0.0117,0.0126,0.0141,0.005712,0.00081,5.7e-5,0.0043,0.0051,0.0057,0.0062,0.0075,0.003257,0.00059,4.1e-5,0.0021,0.00288,0.0032,0.0037,0.0045,0.038088,0.00368,0.00026,0.031,0.03578,0.0382,0.04002,0.0456,0.041345,0.0037,0.000262,0.0345,0.03908,0.0413,0.04343,0.0489
2.25,0.951869,0.00437,0.000309,0.9426,0.94935,0.95235,0.95435,0.9599,0.023304,0.00269,0.00019,0.01849,0.0214,0.02315,0.02482,0.029,0.01346,0.0016,0.000113,0.0105,0.0123,0.0135,0.0147,0.0163,0.006962,0.00088,6.2e-5,0.0054,0.0063,0.007,0.0076,0.0088,0.004404,0.0007,5.0e-5,0.0031,0.0039,0.0044,0.0049,0.0058,0.043726,0.00423,0.000299,0.0357,0.04138,0.0437,0.0462,0.053,0.04813,0.00437,0.000309,0.0401,0.04565,0.04765,0.05065,0.0574
2.5,0.94415,0.00515,0.000364,0.93289,0.941,0.9443,0.9472,0.9533,0.026449,0.003,0.000212,0.021,0.02448,0.02615,0.0283,0.0325,0.015302,0.00174,0.000123,0.01219,0.0141,0.01525,0.0166,0.01851,0.008244,0.00107,7.5e-5,0.0062,0.0075,0.00825,0.00882,0.0104,0.005855,0.00083,5.8e-5,0.0043,0.0053,0.00585,0.0063,0.0075,0.049995,0.00488,0.000345,0.04089,0.0472,0.0499,0.05275,0.0615,0.05585,0.00515,0.000364,0.0467,0.0528,0.0557,0.059,0.06711
2.75,0.935397,0.00609,0.00043,0.92128,0.93208,0.9355,0.9392,0.94602,0.029904,0.00338,0.000239,0.0239,0.0277,0.0295,0.03183,0.0377,0.017551,0.002,0.000141,0.01359,0.0164,0.0176,0.0189,0.0222,0.009624,0.00111,7.9e-5,0.0075,0.009,0.0096,0.0102,0.0121,0.007526,0.00101,7.1e-5,0.0056,0.0068,0.0075,0.0082,0.0094,0.057078,0.00568,0.000402,0.04707,0.05388,0.05685,0.06022,0.07082,0.064603,0.00609,0.00043,0.05398,0.0608,0.0645,0.06792,0.07872
3.0,0.925656,0.00725,0.000513,0.90848,0.9218,0.92585,0.93042,0.93824,0.033663,0.00396,0.00028,0.0265,0.0312,0.03315,0.0359,0.04261,0.019995,0.00227,0.000161,0.0159,0.0186,0.0199,0.0212,0.02501,0.011243,0.00129,9.1e-5,0.009,0.0104,0.0112,0.01182,0.01401,0.009443,0.00118,8.4e-5,0.0072,0.0086,0.00935,0.01012,0.0117,0.064901,0.0067,0.000474,0.05279,0.06058,0.0647,0.0686,0.08122,0.074344,0.00725,0.000513,0.06176,0.06958,0.07415,0.0782,0.09152
3.25,0.914778,0.00843,0.000596,0.89724,0.91038,0.91505,0.9205,0.93121,0.037724,0.00451,0.000319,0.029,0.03498,0.0375,0.04002,0.04715,0.02278,0.00266,0.000188,0.0179,0.021,0.02275,0.0242,0.0283,0.012988,0.00147,0.000104,0.0105,0.012,0.01285,0.0139,0.0163,0.011728,0.00135,9.6e-5,0.0093,0.0109,0.0117,0.0125,0.01421,0.073493,0.00771,0.000545,0.059,0.06848,0.0729,0.0778,0.09173,0.085221,0.00843,0.000596,0.06879,0.0795,0.08495,0.08962,0.10277
3.5,0.902566,0.00955,0.000676,0.88049,0.8977,0.9031,0.90903,0.91883,0.042427,0.00489,0.000346,0.03349,0.0392,0.042,0.04522,0.05381,0.025738,0.00303,0.000215,0.02049,0.02378,0.0255,0.0275,0.03201,0.014886,0.00167,0.000118,0.0121,0.01378,0.0147,0.016,0.0184,0.014383,0.00153,0.000108,0.0117,0.0132,0.0143,0.0153,0.0175,0.08305,0.0086,0.000608,0.0678,0.07738,0.08265,0.08792,0.10351,0.097434,0.00955,0.000676,0.08117,0.09098,0.0969,0.1023,0.1195
3.75,0.889084,0.01088,0.000769,0.86439,0.88358,0.88935,0.89622,0.9083,0.047499,0.00546,0.000386,0.0365,0.04418,0.0471,0.0505,0.0597,0.028943,0.00339,0.00024,0.02309,0.0267,0.0288,0.03112,0.03621,0.017138,0.00194,0.000137,0.0137,0.01588,0.0169,0.0185,0.0214,0.017336,0.00174,0.000123,0.0142,0.0161,0.01725,0.0184,0.0212,0.093581,0.00972,0.000688,0.07656,0.08742,0.09315,0.0989,0.1168,0.110916,0.01088,0.000769,0.0917,0.10378,0.11065,0.11642,0.13561
4.0,0.874123,0.0122,0.000862,0.84527,0.86795,0.87525,0.8824,0.89532,0.05305,0.00575,0.000407,0.04259,0.0492,0.05255,0.05603,0.06621,0.032565,0.00389,0.000275,0.02549,0.02985,0.03235,0.0349,0.04121,0.019528,0.00227,0.000161,0.0154,0.018,0.0194,0.02102,0.0242,0.020733,0.00198,0.00014,0.0172,0.0195,0.0207,0.022,0.02511,0.105144,0.0108,0.000764,0.08538,0.0983,0.1041,0.11082,0.13028,0.125877,0.0122,0.000862,0.10468,0.1176,0.12475,0.13205,0.15473
4.25,0.857768,0.01371,0.000969,0.82464,0.85095,0.8587,0.86668,0.88151,0.058975,0.00624,0.000441,0.0476,0.05485,0.0588,0.0626,0.07262,0.036558,0.0042,0.000297,0.02959,0.03367,0.0361,0.03942,0.04582,0.022084,0.00261,0.000185,0.01699,0.0203,0.02215,0.0237,0.02762,0.024614,0.00233,0.000165,0.02059,0.02298,0.0246,0.02613,0.0297,0.117618,0.012,0.000849,0.09598,0.1101,0.11625,0.12432,0.14547,0.142232,0.01371,0.000969,0.11849,0.13332,0.1413,0.14905,0.17536
4.5,0.839941,0.01542,0.001091,0.80185,0.8315,0.8418,0.84972,0.8684,0.065091,0.00677,0.000479,0.0516,0.0606,0.0644,0.0692,0.08,0.04094,0.00476,0.000336,0.0334,0.03753,0.0404,0.04382,0.05161,0.024986,0.00289,0.000204,0.01958,0.02328,0.0251,0.0266,0.03102,0.029042,0.00271,0.000191,0.02459,0.027,0.0291,0.0308,0.03471,0.131017,0.01336,0.000945,0.10557,0.1229,0.1293,0.13802,0.16253,0.160059,0.01542,0.001091,0.1316,0.15028,0.1582,0.1685,0.19815
4.75,0.820587,0.01711,0.00121,0.7772,0.8111,0.8224,0.8312,0.85075,0.071727,0.00714,0.000505,0.05707,0.0673,0.07125,0.07612,0.08593,0.045612,0.00526,0.000372,0.0371,0.0419,0.04475,0.04872,0.05753,0.02805,0.00332,0.000235,0.02236,0.02578,0.02785,0.0302,0.0353,0.034024,0.00316,0.000224,0.0287,0.03178,0.03415,0.0359,0.04052,0.145389,0.01465,0.001036,0.11867,0.13675,0.14345,0.15308,0.1785,0.179412,0.01711,0.00121,0.14925,0.1688,0.1776,0.1889,0.2228
5.0,0.799796,0.01886,0.001334,0.75414,0.7894,0.8025,0.81103,0.83386,0.078399,0.00772,0.000546,0.0638,0.07368,0.0777,0.08315,0.0944,0.050726,0.00554,0.000392,0.04119,0.0467,0.05005,0.05402,0.063,0.031363,0.0036,0.000254,0.02418,0.0287,0.0313,0.0337,0.0391,0.039717,0.00366,0.000259,0.03368,0.0371,0.0396,0.04182,0.0476,0.160488,0.01594,0.001127,0.12989,0.15135,0.1576,0.1696,0.19406,0.200204,0.01886,0.001334,0.16614,0.18898,0.1975,0.2106,0.24586
5.25,0.77762,0.02043,0.001445,0.7295,0.7663,0.78005,0.79042,0.81485,0.085258,0.008,0.000566,0.0704,0.07978,0.0846,0.0905,0.10202,0.056027,0.006,0.000424,0.0458,0.05168,0.05565,0.0594,0.0697,0.035192,0.00388,0.000275,0.02798,0.0328,0.03475,0.0378,0.04411,0.045903,0.00431,0.000305,0.0385,0.04298,0.0457,0.04832,0.05433,0.176477,0.01691,0.001196,0.14458,0.16572,0.17375,0.18567,0.21534,0.22238,0.02043,0.001445,0.18515,0.20958,0.21995,0.2337,0.2705
5.5,0.75393,0.02194,0.001551,0.70346,0.7405,0.75555,0.76725,0.79504,0.092407,0.00808,0.000571,0.07668,0.08745,0.0915,0.09762,0.1111,0.061651,0.00655,0.000463,0.0503,0.05687,0.0613,0.06547,0.07671,0.03904,0.00433,0.000306,0.0313,0.03668,0.0388,0.04142,0.0485,0.052973,0.00489,0.000346,0.04469,0.04977,0.05275,0.0562,0.06243,0.193097,0.01786,0.001263,0.15969,0.18255,0.1913,0.20342,0.23378,0.24607,0.02194,0.001551,0.20496,0.23275,0.24445,0.2595,0.29654
5.75,0.729038,0.0235,0.001661,0.67744,0.715,0.7311,0.74265,0.77375,0.099422,0.00816,0.000577,0.08399,0.09412,0.09855,0.10423,0.11591,0.067496,0.00685,0.000484,0.05488,0.06308,0.06655,0.07168,0.0828,0.043351,0.0048,0.00034,0.03487,0.0405,0.0431,0.0461,0.0533,0.060693,0.0056,0.000396,0.05079,0.05705,0.0604,0.0643,0.07282,0.210268,0.01875,0.001326,0.17438,0.19902,0.20785,0.22065,0.2532,0.270962,0.0235,0.001661,0.22625,0.25735,0.2689,0.285,0.32256
6.0,0.703234,0.02478,0.001752,0.64817,0.6891,0.70545,0.7174,0.75088,0.105943,0.00818,0.000579,0.091,0.10055,0.1058,0.1109,0.12231,0.073556,0.00698,0.000494,0.06098,0.0686,0.07315,0.07772,0.08892,0.047936,0.00525,0.000371,0.0386,0.0446,0.0478,0.0508,0.06051,0.069331,0.0064,0.000452,0.057,0.06537,0.0692,0.07342,0.08292,0.227434,0.01928,0.001363,0.18987,0.21585,0.22575,0.23875,0.26953,0.296766,0.02478,0.001752,0.24912,0.2826,0.29455,0.3109,0.35182
6.25,0.676778,0.02594,0.001834,0.6204,0.66108,0.6787,0.69155,0.72612,0.111928,0.00802,0.000567,0.0966,0.10678,0.1118,0.11685,0.12853,0.079756,0.00725,0.000512,0.0664,0.07532,0.07915,0.08422,0.09552,0.052749,0.00551,0.00039,0.04269,0.04938,0.05265,0.0559,0.0649,0.07879,0.00723,0.000511,0.06548,0.0739,0.07885,0.083,0.09431,0.244432,0.01966,0.00139,0.20716,0.2328,0.24345,0.25605,0.28423,0.323221,0.02594,0.001834,0.27389,0.30845,0.3213,0.33892,0.3796
6.5,0.649479,0.02682,0.001897,0.59064,0.63375,0.6503,0.665,0.70205,0.117629,0.00775,0.000548,0.1041,0.11258,0.11655,0.12238,0.13276,0.085771,0.00734,0.000519,0.07139,0.08105,0.08605,0.0901,0.10173,0.05785,0.00587,0.000415,0.04729,0.05398,0.0577,0.061,0.06983,0.089271,0.00812,0.000574,0.0746,0.08438,0.08915,0.09382,0.10781,0.26125,0.01966,0.00139,0.22296,0.24975,0.26125,0.27192,0.30293,0.350521,0.02682,0.001897,0.29795,0.335,0.3497,0.36625,0.40936
6.75,0.621833,0.02738,0.001936,0.56298,0.60618,0.6211,0.63835,0.67357,0.122684,0.00736,0.00052,0.10959,0.11777,0.1219,0.12752,0.1392,0.09172,0.00715,0.000506,0.078,0.08718,0.09155,0.09582,0.10722,0.063185,0.00631,0.000446,0.05186,0.05948,0.06315,0.0666,0.07691,0.100578,0.00906,0.00064,0.08518,0.09535,0.09995,0.10562,0.12055,0.277589,0.01937,0.00137,0.24194,0.26522,0.27695,0.28862,0.3168,0.378167,0.02738,0.001936,0.32644,0.36165,0.3789,0.39382,0.43702
7.0,0.59397,0.02801,0.001981,0.535,0.57808,0.5939,0.6122,0.64723,0.127034,0.0072,0.000509,0.11329,0.12188,0.12685,0.13232,0.14142,0.097428,0.00716,0.000506,0.0842,0.09288,0.0974,0.1017,0.11262,0.068618,0.00644,0.000456,0.05646,0.06448,0.06855,0.07245,0.08175,0.112949,0.01012,0.000715,0.09477,0.10668,0.1125,0.1191,0.13603,0.293081,0.019,0.001344,0.25719,0.28108,0.2934,0.3042,0.33194,0.40603,0.02801,0.001981,0.35277,0.3878,0.4061,0.42192,0.465
7.25,0.566077,0.02803,0.001982,0.50828,0.5499,0.566,0.58442,0.62096,0.130777,0.00662,0.000468,0.11909,0.12567,0.1307,0.13552,0.14421,0.102739,0.00712,0.000504,0.08899,0.09808,0.10235,0.10735,0.11821,0.07422,0.0067,0.000474,0.06169,0.07045,0.0739,0.0781,0.08961,0.126186,0.01109,0.000784,0.10498,0.1191,0.1252,0.13285,0.1524,0.307737,0.01824,0.00129,0.27326,0.29525,0.30825,0.3189,0.34557,0.433923,0.02803,0.001982,0.37904,0.41558,0.434,0.4501,0.49172
7.5,0.538527,0.02819,0.001993,0.48146,0.523,0.53875,0.55643,0.59246,0.133359,0.00616,0.000435,0.12198,0.1291,0.13295,0.13777,0.14571,0.10784,0.00685,0.000485,0.09626,0.1032,0.108,0.11222,0.12174,0.079625,0.00688,0.000487,0.066,0.07547,0.0792,0.08358,0.09442,0.140649,0.01213,0.000857,0.11808,0.1332,0.1402,0.14768,0.16954,0.320824,0.01753,0.00124,0.28869,0.30923,0.3209,0.3303,0.35669,0.461473,0.02819,0.001993,0.40755,0.44358,0.46125,0.477,0.51854
7.75,0.511617,0.02773,0.001961,0.4541,0.49548,0.511,0.52965,0.56482,0.13523,0.0054,0.000382,0.12609,0.13152,0.1351,0.1385,0.14543,0.112232,0.00625,0.000442,0.1015,0.1076,0.1122,0.11622,0.12442,0.084814,0.00697,0.000493,0.07149,0.0808,0.0848,0.08878,0.0992,0.156108,0.01337,0.000945,0.13068,0.1479,0.1559,0.1634,0.1885,0.332276,0.016,0.001131,0.30258,0.32175,0.33265,0.3418,0.36596,0.488383,0.02773,0.001961,0.43518,0.47035,0.489,0.50452,0.5459
8.0,0.485446,0.02729,0.00193,0.42696,0.46965,0.48465,0.5039,0.53792,0.13602,0.00501,0.000354,0.1271,0.13267,0.13565,0.13903,0.1459,0.116095,0.0058,0.00041,0.10659,0.11185,0.1156,0.12002,0.12781,0.089976,0.00685,0.000484,0.0761,0.08607,0.0901,0.09382,0.10482,0.172462,0.01452,0.001027,0.14394,0.1645,0.17245,0.18022,0.2072,0.342092,0.01466,0.001036,0.31738,0.33182,0.34225,0.35098,0.37443,0.514554,0.02729,0.00193,0.46208,0.4961,0.51535,0.53035,0.57303
8.25,0.460113,0.02664,0.001884,0.40218,0.44432,0.4599,0.47722,0.51024,0.13565,0.00459,0.000324,0.12659,0.13278,0.1353,0.1389,0.14361,0.11941,0.00535,0.000378,0.11049,0.11577,0.1189,0.1229,0.13001,0.094914,0.0069,0.000488,0.0819,0.0907,0.0947,0.0995,0.11072,0.189913,0.01556,0.0011,0.15842,0.18025,0.1899,0.19798,0.22671,0.349973,0.01339,0.000947,0.326,0.33998,0.3501,0.35862,0.37859,0.539887,0.02664,0.001884,0.48976,0.52278,0.5401,0.55567,0.59782
8.5,0.435663,0.02583,0.001826,0.37926,0.42222,0.4352,0.45278,0.4822,0.134698,0.00454,0.000321,0.12439,0.1318,0.1349,0.1378,0.1433,0.122119,0.00498,0.000352,0.1136,0.11867,0.1217,0.1254,0.13222,0.099389,0.0066,0.000467,0.0873,0.09515,0.09925,0.1035,0.1137,0.20813,0.01669,0.00118,0.17464,0.19788,0.2082,0.2167,0.24703,0.356207,0.01193,0.000843,0.33525,0.34745,0.35555,0.36428,0.38112,0.564336,0.02583,0.001826,0.5178,0.54723,0.5648,0.57778,0.62074
8.75,0.412393,0.02485,0.001757,0.35689,0.3991,0.41295,0.42878,0.4566,0.133026,0.00457,0.000323,0.12426,0.13,0.133,0.13582,0.14191,0.124153,0.00461,0.000326,0.11559,0.1209,0.12435,0.1272,0.13331,0.103325,0.00634,0.000448,0.092,0.09967,0.10305,0.10725,0.11652,0.227104,0.01744,0.001233,0.19125,0.21588,0.2264,0.2369,0.2669,0.360503,0.01071,0.000757,0.34243,0.35208,0.3609,0.36772,0.3821,0.587607,0.02485,0.001757,0.5434,0.57122,0.58705,0.6009,0.64311
9.0,0.390394,0.02372,0.001677,0.33888,0.3779,0.3904,0.4066,0.4362,0.130303,0.00484,0.000342,0.12099,0.12688,0.1303,0.1337,0.1402,0.125326,0.00451,0.000319,0.1163,0.1224,0.12515,0.12845,0.13381,0.106937,0.00598,0.000423,0.0965,0.10295,0.10705,0.11055,0.1208,0.247041,0.01826,0.001291,0.21026,0.23565,0.2469,0.25675,0.28721,0.362565,0.00966,0.000683,0.34459,0.3556,0.36355,0.36912,0.37972,0.609606,0.02372,0.001677,0.5638,0.5934,0.6096,0.6221,0.66112
9.25,0.36978,0.02272,0.001607,0.32217,0.35678,0.3703,0.38432,0.41314,0.126803,0.00507,0.000359,0.1164,0.1232,0.1265,0.13025,0.1369,0.125846,0.00432,0.000305,0.11769,0.1231,0.1259,0.1285,0.1338,0.110236,0.00533,0.000377,0.1002,0.10645,0.1105,0.1136,0.12291,0.267335,0.01926,0.001362,0.22569,0.25558,0.2667,0.27747,0.30892,0.362885,0.00868,0.000614,0.34559,0.35695,0.3633,0.3693,0.37891,0.63022,0.02272,0.001607,0.58686,0.61568,0.6297,0.64322,0.67784
9.5,0.350408,0.02161,0.001528,0.30569,0.3377,0.35095,0.3637,0.39276,0.122654,0.00524,0.000371,0.11159,0.11905,0.12275,0.12602,0.13274,0.12575,0.00393,0.000278,0.11839,0.123,0.1257,0.12822,0.1344,0.113008,0.00534,0.000377,0.10359,0.1092,0.113,0.11662,0.1243,0.28818,0.01981,0.001401,0.24775,0.276,0.2878,0.29907,0.3315,0.361412,0.00818,0.000579,0.34615,0.3567,0.3613,0.36642,0.37751,0.649592,0.02161,0.001528,0.60724,0.6363,0.64905,0.6623,0.69431
9.75,0.332616,0.02041,0.001443,0.28978,0.32077,0.3335,0.34522,0.37159,0.117839,0.00547,0.000387,0.1071,0.11438,0.1184,0.1215,0.12704,0.125085,0.00384,0.000272,0.1177,0.1223,0.125,0.12743,0.13422,0.11484,0.00499,0.000353,0.10649,0.11127,0.1149,0.1183,0.12551,0.309619,0.02043,0.001445,0.2665,0.29698,0.30855,0.32212,0.35402,0.357765,0.00829,0.000587,0.3426,0.3526,0.35805,0.36255,0.37371,0.667384,0.02041,0.001443,0.62841,0.65478,0.6665,0.67923,0.71022
10.0,0.316063,0.01931,0.001366,0.2764,0.30438,0.3175,0.3285,0.3522,0.112885,0.00565,0.000399,0.10189,0.1093,0.1135,0.11642,0.1237,0.123197,0.00401,0.000284,0.11629,0.1202,0.12305,0.12593,0.13131,0.116626,0.00464,0.000328,0.1084,0.11358,0.11595,0.11972,0.1261,0.331229,0.02087,0.001476,0.28758,0.31802,0.3302,0.34385,0.37673,0.352708,0.00839,0.000593,0.33679,0.3468,0.35265,0.35832,0.36792,0.683937,0.01931,0.001366,0.6478,0.6715,0.6825,0.69562,0.7236
10.25,0.300753,0.01816,0.001284,0.26228,0.28915,0.3014,0.31295,0.33523,0.10754,0.00596,0.000421,0.0963,0.10357,0.1077,0.1115,0.11882,0.120785,0.00411,0.00029,0.11338,0.11818,0.12055,0.1231,0.12991,0.117676,0.00432,0.000306,0.11018,0.11448,0.1174,0.1209,0.126,0.353246,0.02121,0.0015,0.31092,0.3405,0.3522,0.36488,0.39974,0.346001,0.00881,0.000623,0.3295,0.33978,0.3454,0.35262,0.36302,0.699247,0.01816,0.001284,0.66477,0.68705,0.6986,0.71085,0.73772
10.5,0.286688,0.01714,0.001212,0.25067,0.27582,0.2866,0.29825,0.3184,0.101812,0.00599,0.000423,0.0899,0.09808,0.1022,0.10602,0.11331,0.118223,0.00435,0.000307,0.10909,0.1154,0.11825,0.1211,0.12621,0.117699,0.0041,0.00029,0.10999,0.11488,0.1176,0.12052,0.1263,0.375577,0.02149,0.00152,0.33353,0.36177,0.37475,0.38798,0.42231,0.337735,0.00928,0.000656,0.32139,0.33135,0.33725,0.3443,0.35601,0.713312,0.01714,0.001212,0.6816,0.70175,0.7134,0.72417,0.74932
10.75,0.27363,0.01608,0.001137,0.24125,0.2634,0.2746,0.28418,0.30265,0.096391,0.00598,0.000423,0.08409,0.09232,0.0963,0.1005,0.10822,0.1148,0.0047,0.000332,0.10579,0.11175,0.115,0.1176,0.12401,0.117548,0.00401,0.000284,0.1099,0.1149,0.1176,0.12,0.1254,0.397631,0.02174,0.001537,0.35434,0.38295,0.39615,0.40958,0.44307,0.328739,0.01003,0.000709,0.31047,0.32135,0.3285,0.3357,0.34712,0.72637,0.01608,0.001137,0.69735,0.71582,0.7254,0.7366,0.75875
11.0,0.26161,0.01511,0.001068,0.23139,0.2516,0.2621,0.2716,0.28875,0.090819,0.0061,0.000432,0.07848,0.08657,0.0906,0.095,0.1025,0.111197,0.005,0.000354,0.10049,0.1081,0.11135,0.1142,0.1219,0.116804,0.00377,0.000266,0.1104,0.114,0.11665,0.11923,0.12431,0.419569,0.02191,0.001549,0.37898,0.4052,0.41845,0.43253,0.46559,0.31882,0.01067,0.000754,0.29808,0.3112,0.31945,0.32542,0.33953,0.73839,0.01511,0.001068,0.71125,0.7284,0.7379,0.7484,0.76861
11.25,0.250764,0.01419,0.001003,0.2226,0.24122,0.2514,0.26035,0.27602,0.085182,0.00631,0.000446,0.07206,0.08105,0.0855,0.0892,0.09801,0.107066,0.00505,0.000357,0.09718,0.1043,0.10685,0.10985,0.1176,0.115548,0.00388,0.000274,0.10849,0.1129,0.1157,0.1179,0.12291,0.44144,0.02192,0.00155,0.40103,0.4274,0.44105,0.45385,0.48877,0.307796,0.01134,0.000802,0.28518,0.30018,0.3086,0.3152,0.33011,0.749236,0.01419,0.001003,0.72398,0.73965,0.7486,0.75878,0.7774
11.5,0.240946,0.0133,0.000941,0.21373,0.2323,0.2417,0.25008,0.26501,0.079619,0.00614,0.000434,0.06598,0.0763,0.0798,0.08383,0.09141,0.102924,0.00519,0.000367,0.09308,0.0999,0.103,0.106,0.11441,0.113512,0.00383,0.000271,0.1063,0.11108,0.1136,0.1158,0.12082,0.462999,0.02179,0.001541,0.42304,0.4496,0.4626,0.47588,0.51001,0.296055,0.01175,0.000831,0.27148,0.28855,0.29695,0.30302,0.31983,0.759054,0.0133,0.000941,0.735,0.74992,0.7583,0.7677,0.78627
11.75,0.231876,0.01251,0.000885,0.2041,0.22265,0.23255,0.24078,0.25401,0.074392,0.00601,0.000425,0.06169,0.07098,0.0744,0.07842,0.08691,0.098239,0.00545,0.000386,0.0877,0.0947,0.0983,0.10182,0.1095,0.111282,0.00379,0.000268,0.10399,0.1086,0.11115,0.1138,0.1193,0.484211,0.02168,0.001533,0.44288,0.47115,0.483,0.49595,0.53051,0.283913,0.01231,0.00087,0.25888,0.27643,0.28435,0.29182,0.30952,0.768124,0.01251,0.000885,0.74599,0.75922,0.76745,0.77735,0.7959
12.0,0.223598,0.01184,0.000837,0.19738,0.21605,0.2247,0.23248,0.2457,0.069161,0.00579,0.00041,0.0572,0.0654,0.0693,0.07262,0.08192,0.093711,0.0055,0.000389,0.08258,0.0903,0.0936,0.09712,0.10482,0.1087,0.00398,0.000282,0.1008,0.106,0.10885,0.11115,0.11741,0.50483,0.02153,0.001522,0.46437,0.4916,0.5045,0.51732,0.54992,0.271572,0.01271,0.000899,0.245,0.26338,0.272,0.2801,0.29831,0.776402,0.01184,0.000837,0.7543,0.76752,0.7753,0.78395,0.80262
12.25,0.216122,0.01113,0.000787,0.1921,0.20905,0.2167,0.2243,0.2365,0.06403,0.00562,0.000398,0.05198,0.06067,0.064,0.0671,0.07531,0.089142,0.00538,0.000381,0.07739,0.08588,0.08915,0.0929,0.0989,0.105826,0.00416,0.000294,0.0985,0.10315,0.1055,0.1087,0.11481,0.52488,0.02114,0.001495,0.48577,0.51178,0.5252,0.53632,0.56814,0.258998,0.0129,0.000912,0.2328,0.25048,0.2595,0.26678,0.28722,0.783878,0.01113,0.000787,0.7635,0.7757,0.7833,0.79095,0.8079
12.5,0.209363,0.01044,0.000738,0.18738,0.20308,0.21,0.21722,0.22812,0.059178,0.0053,0.000375,0.04799,0.05605,0.0591,0.06233,0.06872,0.084622,0.00526,0.000372,0.07376,0.08138,0.08465,0.0878,0.0952,0.102421,0.00464,0.000328,0.0933,0.09898,0.1023,0.1055,0.11111,0.544416,0.0208,0.001471,0.50618,0.53078,0.5437,0.55615,0.58556,0.246221,0.01311,0.000927,0.21916,0.23815,0.2466,0.25372,0.275,0.790637,0.01044,0.000738,0.77188,0.78278,0.79,0.79693,0.81262
12.75,0.20315,0.00991,0.000701,0.18329,0.197,0.20335,0.2104,0.2211,0.054792,0.00519,0.000367,0.04269,0.05165,0.0546,0.0579,0.06432,0.079825,0.00516,0.000365,0.0692,0.0766,0.0801,0.0833,0.0897,0.098776,0.00479,0.000339,0.09009,0.0955,0.09855,0.10192,0.1091,0.563456,0.02019,0.001428,0.52595,0.55008,0.5623,0.57545,0.60304,0.233394,0.01308,0.000925,0.20734,0.22538,0.23385,0.24095,0.2609,0.79685,0.00991,0.000701,0.7789,0.7896,0.79665,0.803,0.81671
13.0,0.197581,0.00944,0.000668,0.17868,0.19162,0.19825,0.20425,0.2148,0.050507,0.00489,0.000346,0.03978,0.0479,0.05065,0.05375,0.06,0.075065,0.00507,0.000359,0.06359,0.072,0.0754,0.0781,0.0851,0.095438,0.00499,0.000353,0.0867,0.0924,0.095,0.0985,0.10631,0.58141,0.01975,0.001396,0.54248,0.5694,0.5808,0.59265,0.61952,0.221009,0.01308,0.000925,0.19507,0.21322,0.2215,0.22872,0.24773,0.802419,0.00944,0.000668,0.7852,0.79575,0.80175,0.80838,0.82132
13.25,0.192474,0.00911,0.000644,0.174,0.18638,0.19315,0.19882,0.20901,0.046477,0.00452,0.00032,0.03728,0.04368,0.04665,0.0492,0.0561,0.070512,0.00503,0.000355,0.05969,0.0674,0.0704,0.0737,0.08062,0.091489,0.00512,0.000362,0.0825,0.0884,0.09135,0.09412,0.10152,0.599048,0.01914,0.001353,0.56266,0.58728,0.59845,0.6107,0.63643,0.208478,0.01291,0.000913,0.18247,0.20068,0.20855,0.21592,0.23471,0.807526,0.00911,0.000644,0.79099,0.80118,0.80685,0.81362,0.826
13.5,0.187828,0.00867,0.000613,0.1699,0.1821,0.18855,0.1941,0.2033,0.042743,0.00428,0.000303,0.0333,0.0403,0.04305,0.0455,0.05131,0.066113,0.00485,0.000343,0.05648,0.0631,0.06625,0.0691,0.07521,0.087426,0.00522,0.000369,0.0771,0.08358,0.0871,0.0906,0.09771,0.61589,0.01856,0.001312,0.58311,0.6049,0.6153,0.6263,0.65306,0.196283,0.01265,0.000895,0.1694,0.1887,0.1968,0.20345,0.222,0.812173,0.00867,0.000613,0.7967,0.8059,0.81145,0.8179,0.8301
13.75,0.183591,0.00833,0.000589,0.16639,0.17838,0.18415,0.18902,0.19881,0.039377,0.00406,0.000287,0.03109,0.03708,0.0397,0.04192,0.0477,0.061558,0.00454,0.000321,0.05188,0.0587,0.0616,0.0646,0.07001,0.08356,0.00526,0.000372,0.0733,0.08015,0.0834,0.08672,0.0952,0.631914,0.01784,0.001262,0.59918,0.6212,0.6313,0.64162,0.66905,0.184495,0.01233,0.000872,0.15869,0.17748,0.1849,0.19192,0.2088,0.816409,0.00833,0.000589,0.80119,0.81098,0.81585,0.82162,0.83361
14.0,0.179888,0.00806,0.00057,0.1636,0.1745,0.1803,0.18535,0.19482,0.035839,0.00379,0.000268,0.0283,0.0338,0.0362,0.038,0.0439,0.057694,0.00439,0.000311,0.04839,0.05487,0.05785,0.06042,0.0662,0.079432,0.00515,0.000364,0.0699,0.0756,0.0794,0.08242,0.09011,0.647148,0.01711,0.00121,0.61609,0.6368,0.64595,0.65702,0.68333,0.172964,0.01189,0.000841,0.14848,0.16642,0.1733,0.1807,0.19571,0.820112,0.00806,0.00057,0.80518,0.81465,0.8197,0.8255,0.8364
14.25,0.176481,0.00784,0.000555,0.16079,0.1712,0.17675,0.1821,0.1915,0.032881,0.00351,0.000248,0.0255,0.031,0.0331,0.03502,0.0397,0.053675,0.0042,0.000297,0.0447,0.0507,0.054,0.0564,0.0615,0.075314,0.00508,0.000359,0.06569,0.07178,0.0753,0.07825,0.08506,0.661648,0.01644,0.001162,0.6322,0.65162,0.6601,0.67092,0.69554,0.16187,0.01144,0.000809,0.13809,0.1559,0.16215,0.16982,0.1834,0.823519,0.00784,0.000555,0.8085,0.8179,0.82325,0.8288,0.83922
14.5,0.173365,0.00758,0.000536,0.15898,0.16838,0.17335,0.1784,0.1877,0.030212,0.00337,0.000238,0.0234,0.02825,0.0305,0.03242,0.03661,0.049893,0.00406,0.000287,0.0415,0.04728,0.05015,0.0528,0.0573,0.071359,0.00486,0.000344,0.06189,0.06795,0.07125,0.07432,0.0823,0.675171,0.01575,0.001113,0.64667,0.66562,0.67375,0.68375,0.70723,0.151464,0.011,0.000778,0.12858,0.14568,0.15155,0.15798,0.1727,0.826634,0.00758,0.000536,0.8123,0.8216,0.82665,0.83162,0.84102
14.75,0.170524,0.00738,0.000522,0.15708,0.16538,0.1702,0.1759,0.1845,0.027573,0.0032,0.000227,0.0211,0.0256,0.0277,0.0294,0.03361,0.046445,0.004,0.000283,0.0387,0.04358,0.04665,0.0492,0.0537,0.067262,0.00466,0.00033,0.0584,0.0643,0.06715,0.07,0.07792,0.688198,0.01517,0.001073,0.66166,0.67902,0.68715,0.6966,0.71932,0.141279,0.01058,0.000748,0.11997,0.1353,0.14145,0.14762,0.16171,0.829477,0.00738,0.000522,0.8155,0.8241,0.8298,0.83462,0.84292
15.0,0.167855,0.00729,0.000515,0.1542,0.1627,0.16725,0.17272,0.18151,0.0252,0.00296,0.000209,0.01939,0.0234,0.0255,0.02695,0.0313,0.043114,0.00384,0.000272,0.0347,0.0405,0.04325,0.04582,0.05041,0.063454,0.00428,0.000302,0.0552,0.0608,0.0636,0.0659,0.07351,0.700376,0.01436,0.001016,0.67474,0.69185,0.6989,0.7084,0.72973,0.131769,0.00984,0.000696,0.11138,0.12638,0.13155,0.13752,0.1516,0.832145,0.00729,0.000515,0.81849,0.82728,0.83275,0.8373,0.8458
15.25,0.165501,0.00711,0.000503,0.15229,0.1606,0.1649,0.1704,0.17902,0.023102,0.00281,0.000198,0.01789,0.0211,0.02325,0.02482,0.02861,0.039853,0.00368,0.00026,0.03219,0.0375,0.0397,0.04255,0.04631,0.059672,0.00419,0.000296,0.0517,0.05708,0.0595,0.06213,0.0684,0.711872,0.01385,0.000979,0.68668,0.704,0.71125,0.72002,0.7406,0.122627,0.00947,0.000669,0.10379,0.11727,0.1226,0.1288,0.1412,0.834499,0.00711,0.000503,0.82098,0.8296,0.8351,0.8394,0.84771
15.5,0.16338,0.00698,0.000494,0.15019,0.15828,0.163,0.1681,0.1772,0.021061,0.0026,0.000184,0.0161,0.01917,0.02115,0.02262,0.0264,0.036848,0.00348,0.000246,0.0298,0.0346,0.037,0.0392,0.0435,0.055969,0.00403,0.000285,0.04819,0.053,0.0562,0.0588,0.06431,0.722742,0.01318,0.000932,0.69859,0.7145,0.7222,0.73072,0.7508,0.113878,0.00898,0.000635,0.09528,0.10888,0.11425,0.11915,0.131,0.836621,0.00698,0.000494,0.8228,0.8319,0.837,0.84172,0.84981
15.75,0.161481,0.00683,0.000483,0.14917,0.15645,0.16125,0.166,0.1746,0.019216,0.00243,0.000172,0.0143,0.0175,0.0194,0.0207,0.0241,0.03393,0.00327,0.000231,0.0273,0.03178,0.03415,0.0361,0.0401,0.052472,0.00393,0.000278,0.0454,0.05027,0.0526,0.0553,0.06012,0.732902,0.01256,0.000888,0.70978,0.72485,0.73285,0.7403,0.75855,0.105617,0.0085,0.000601,0.08848,0.10105,0.1058,0.11092,0.1221,0.838519,0.00683,0.000483,0.8254,0.834,0.83875,0.84355,0.85083
16.0,0.159754,0.00672,0.000475,0.14778,0.15478,0.1593,0.1643,0.173,0.017488,0.0023,0.000163,0.0132,0.01598,0.01755,0.0189,0.02202,0.031305,0.00314,0.000222,0.02519,0.02908,0.03155,0.0335,0.037,0.04889,0.00371,0.000262,0.04209,0.0464,0.04885,0.05152,0.0559,0.742562,0.01199,0.000848,0.72145,0.73455,0.7423,0.7497,0.76666,0.097684,0.00798,0.000564,0.08119,0.09298,0.09795,0.10272,0.11302,0.840246,0.00672,0.000475,0.827,0.8357,0.8407,0.84522,0.85222
16.25,0.158196,0.00663,0.000469,0.14628,0.15318,0.1579,0.1627,0.171,0.015881,0.00212,0.00015,0.0119,0.01438,0.01575,0.01732,0.0202,0.028851,0.00299,0.000211,0.02299,0.02698,0.0289,0.03062,0.0349,0.045758,0.00355,0.000251,0.03839,0.0434,0.0458,0.0483,0.05241,0.751314,0.01157,0.000818,0.7296,0.7438,0.7512,0.75828,0.77622,0.09049,0.00758,0.000536,0.07517,0.08657,0.0908,0.09525,0.10472,0.841804,0.00663,0.000469,0.82899,0.8373,0.8421,0.84682,0.85372
16.5,0.156779,0.00654,0.000462,0.1446,0.1517,0.15645,0.1611,0.16931,0.014412,0.002,0.000141,0.0105,0.0129,0.0144,0.01572,0.0183,0.026525,0.00292,0.000207,0.02119,0.0246,0.02655,0.02833,0.0325,0.042617,0.00341,0.000241,0.03558,0.04045,0.0427,0.0447,0.04902,0.759668,0.01116,0.000789,0.7387,0.75238,0.75965,0.766,0.7835,0.083554,0.00726,0.000513,0.0689,0.07905,0.08335,0.08825,0.0984,0.843222,0.00654,0.000462,0.83069,0.8389,0.84355,0.8483,0.8554
16.75,0.155465,0.00646,0.000457,0.14408,0.15028,0.1552,0.15982,0.16791,0.013162,0.00187,0.000133,0.0093,0.0121,0.0131,0.01432,0.0167,0.02424,0.00269,0.00019,0.0188,0.0224,0.0243,0.026,0.0293,0.039762,0.00336,0.000237,0.0322,0.0377,0.0396,0.0418,0.04661,0.767371,0.01077,0.000761,0.74809,0.76055,0.7671,0.77392,0.78972,0.077164,0.0069,0.000488,0.063,0.07287,0.0772,0.0815,0.09032,0.844535,0.00646,0.000457,0.83209,0.84018,0.8448,0.84972,0.85592
17.0,0.154291,0.00636,0.00045,0.1429,0.1492,0.15405,0.1588,0.1666,0.012019,0.00177,0.000125,0.0084,0.0109,0.012,0.0133,0.0153,0.022201,0.00251,0.000177,0.0175,0.0206,0.0222,0.0239,0.0269,0.036917,0.00325,0.00023,0.02989,0.03498,0.037,0.03892,0.0438,0.774572,0.01031,0.000729,0.7561,0.76793,0.77415,0.78088,0.79487,0.071137,0.0065,0.00046,0.05769,0.0671,0.0712,0.0754,0.08352,0.845709,0.00636,0.00045,0.8334,0.8412,0.84595,0.8508,0.8571
17.25,0.153213,0.00629,0.000445,0.14189,0.14818,0.1531,0.1575,0.16521,0.010903,0.00163,0.000115,0.0074,0.0098,0.0109,0.012,0.0139,0.020405,0.00239,0.000169,0.0158,0.0189,0.02035,0.0219,0.0248,0.034289,0.00317,0.000224,0.02819,0.03228,0.0343,0.03642,0.04071,0.78119,0.01003,0.000709,0.76328,0.77518,0.7809,0.78705,0.80123,0.065597,0.00625,0.000442,0.05209,0.06175,0.06575,0.07015,0.07773,0.846787,0.00629,0.000445,0.8348,0.8425,0.8469,0.85182,0.85811
17.5,0.152233,0.00623,0.00044,0.14128,0.1472,0.152,0.15665,0.1644,0.009943,0.00159,0.000113,0.0067,0.00888,0.0098,0.0109,0.0129,0.018664,0.00228,0.000161,0.01399,0.0171,0.0187,0.02022,0.02281,0.03173,0.00305,0.000216,0.0256,0.0298,0.03175,0.03382,0.0381,0.78743,0.00966,0.000683,0.7704,0.78108,0.78675,0.793,0.80703,0.060337,0.00595,0.000421,0.04698,0.0564,0.0605,0.06452,0.0728,0.847767,0.00623,0.00044,0.8356,0.84335,0.848,0.8528,0.85872
17.75,0.151324,0.00622,0.00044,0.14067,0.14628,0.1512,0.1556,0.16321,0.009055,0.00144,0.000102,0.00619,0.0081,0.00895,0.00993,0.0121,0.017085,0.00208,0.000147,0.0126,0.01578,0.0171,0.01852,0.021,0.02943,0.00294,0.000208,0.02389,0.0275,0.02935,0.0313,0.03532,0.793106,0.00938,0.000663,0.77607,0.78747,0.7928,0.79855,0.8132,0.055569,0.00562,0.000397,0.04319,0.0518,0.0555,0.0595,0.06651,0.848675,0.00622,0.00044,0.83679,0.8444,0.8488,0.85372,0.85933
18.0,0.150498,0.00615,0.000435,0.13978,0.14555,0.1503,0.15482,0.1625,0.008245,0.00135,9.5e-5,0.0056,0.00748,0.0082,0.0091,0.01101,0.015639,0.00203,0.000144,0.0116,0.0144,0.0157,0.0169,0.0197,0.027157,0.00269,0.00019,0.022,0.0255,0.0271,0.0289,0.03241,0.798461,0.00904,0.000639,0.78109,0.7927,0.7978,0.80408,0.81722,0.051041,0.00527,0.000372,0.04057,0.04758,0.0512,0.05472,0.0609,0.849502,0.00615,0.000435,0.8375,0.84518,0.8497,0.85445,0.86022
18.25,0.149774,0.00609,0.00043,0.13919,0.14492,0.1495,0.15392,0.1615,0.007525,0.0013,9.2e-5,0.0052,0.00657,0.0076,0.0085,0.00991,0.014274,0.00186,0.000132,0.0105,0.01318,0.01425,0.01552,0.0177,0.025098,0.00254,0.00018,0.0204,0.02358,0.0251,0.0267,0.0302,0.803329,0.00874,0.000618,0.7857,0.79745,0.8028,0.80865,0.82021,0.046897,0.00497,0.000352,0.0367,0.04358,0.04725,0.0505,0.0564,0.850226,0.00609,0.00043,0.8385,0.84608,0.8505,0.85508,0.86081
18.5,0.14912,0.00605,0.000428,0.13849,0.14428,0.14905,0.15295,0.16042,0.006822,0.00123,8.7e-5,0.0045,0.006,0.00685,0.00773,0.0091,0.013099,0.00176,0.000124,0.0096,0.012,0.013,0.0141,0.01641,0.023052,0.00252,0.000178,0.0184,0.0214,0.0229,0.0247,0.02801,0.807908,0.00848,0.0006,0.7906,0.80232,0.80745,0.8137,0.82422,0.042972,0.00474,0.000335,0.033,0.03988,0.0432,0.0463,0.0519,0.850881,0.00605,0.000428,0.83958,0.84705,0.85095,0.85572,0.86151
18.75,0.148505,0.00599,0.000423,0.138,0.14362,0.1485,0.1524,0.15961,0.006197,0.00117,8.3e-5,0.004,0.0054,0.0061,0.007,0.0084,0.01196,0.00166,0.000117,0.0086,0.0109,0.01185,0.01292,0.0152,0.021281,0.00235,0.000166,0.0169,0.01988,0.0212,0.02262,0.0258,0.812058,0.00816,0.000577,0.79519,0.80678,0.8118,0.8175,0.82753,0.039438,0.00438,0.000309,0.0301,0.0365,0.0395,0.04222,0.04752,0.851495,0.00599,0.000423,0.84039,0.8476,0.8515,0.85637,0.862
19.0,0.147953,0.00593,0.00042,0.13779,0.14318,0.1479,0.15185,0.1593,0.005647,0.00106,7.5e-5,0.0035,0.0049,0.0056,0.00642,0.0074,0.010894,0.00158,0.000112,0.00819,0.0099,0.01085,0.01182,0.0144,0.019568,0.00222,0.000157,0.01509,0.0182,0.0195,0.021,0.02361,0.815938,0.0079,0.000559,0.7995,0.81098,0.81585,0.8212,0.83094,0.036109,0.00409,0.000289,0.0271,0.0334,0.03625,0.0389,0.04312,0.852047,0.00593,0.00042,0.8407,0.84815,0.8521,0.85682,0.86221
19.25,0.147444,0.00591,0.000418,0.1371,0.14258,0.1475,0.1511,0.1586,0.005144,0.00102,7.2e-5,0.0032,0.00448,0.00515,0.0059,0.007,0.009977,0.00147,0.000104,0.0073,0.00897,0.00995,0.0109,0.013,0.018004,0.00209,0.000148,0.014,0.0166,0.0179,0.0194,0.0223,0.81943,0.00767,0.000542,0.8032,0.8144,0.8196,0.8249,0.83431,0.033125,0.00384,0.000272,0.0247,0.03048,0.03305,0.03585,0.03991,0.852555,0.00591,0.000418,0.8414,0.8489,0.8525,0.85742,0.8629
19.5,0.146993,0.00591,0.000418,0.1366,0.14218,0.1469,0.15075,0.1582,0.004674,0.00092,6.5e-5,0.0028,0.004,0.00475,0.0053,0.0064,0.009078,0.00136,9.6e-5,0.0066,0.0081,0.009,0.00982,0.0118,0.01668,0.00212,0.00015,0.01279,0.0152,0.01645,0.01813,0.0207,0.822576,0.00747,0.000529,0.80659,0.81762,0.8226,0.8278,0.83672,0.030431,0.00367,0.00026,0.0231,0.02808,0.03045,0.033,0.03721,0.853007,0.00591,0.000418,0.8418,0.84925,0.8531,0.85782,0.8634
19.75,0.146588,0.00589,0.000416,0.13639,0.1417,0.14645,0.1506,0.15771,0.004248,0.00086,6.1e-5,0.0027,0.00358,0.0043,0.0048,0.0057,0.008348,0.00127,9.0e-5,0.006,0.0075,0.0084,0.0092,0.011,0.015251,0.00195,0.000138,0.0115,0.0139,0.01505,0.0165,0.01901,0.825567,0.00732,0.000518,0.8101,0.82068,0.8255,0.83062,0.8395,0.027846,0.0034,0.00024,0.0211,0.02558,0.02765,0.0303,0.03451,0.853412,0.00589,0.000416,0.84229,0.8494,0.85355,0.8583,0.8636
20.0,0.146208,0.00591,0.000418,0.13589,0.14162,0.14605,0.1501,0.1574,0.00384,0.00084,6.0e-5,0.0023,0.0032,0.0039,0.0043,0.0055,0.007654,0.00125,8.8e-5,0.0055,0.0068,0.0077,0.0084,0.01011,0.013965,0.00183,0.000129,0.0103,0.0127,0.0139,0.0152,0.01722,0.828333,0.00718,0.000508,0.8133,0.82392,0.82825,0.83355,0.8421,0.025458,0.00317,0.000224,0.0192,0.02328,0.02545,0.0277,0.0323,0.853791,0.00591,0.000418,0.8426,0.8499,0.85395,0.85838,0.86411
20.25,0.145849,0.00589,0.000417,0.13548,0.1411,0.14565,0.14972,0.15681,0.003502,0.0008,5.7e-5,0.0021,0.0029,0.0035,0.00392,0.005,0.006967,0.00118,8.3e-5,0.005,0.0061,0.0069,0.0077,0.0095,0.012807,0.00175,0.000124,0.00959,0.01157,0.0128,0.01402,0.0163,0.830874,0.00704,0.000498,0.8164,0.8266,0.83055,0.83632,0.84381,0.023277,0.00299,0.000212,0.01749,0.0213,0.0233,0.0253,0.03,0.854151,0.00589,0.000417,0.84319,0.85028,0.85435,0.8589,0.86452
20.5,0.145551,0.00587,0.000415,0.13518,0.14085,0.1453,0.14922,0.15631,0.003203,0.00075,5.3e-5,0.0018,0.0027,0.0032,0.0036,0.0048,0.006343,0.00111,7.9e-5,0.0043,0.0055,0.0063,0.007,0.0087,0.011729,0.00167,0.000118,0.00899,0.0104,0.01165,0.01283,0.01491,0.833173,0.00693,0.00049,0.8186,0.82872,0.833,0.83822,0.8458,0.021276,0.0028,0.000198,0.0156,0.01938,0.0214,0.02312,0.0272,0.854449,0.00587,0.000415,0.84369,0.85078,0.8547,0.85915,0.86482
20.75,0.145288,0.00586,0.000414,0.13498,0.1405,0.1452,0.14892,0.1561,0.00289,0.00072,5.1e-5,0.0017,0.0024,0.0029,0.00332,0.00421,0.005815,0.00105,7.4e-5,0.0038,0.0052,0.0057,0.00632,0.008,0.010708,0.00153,0.000108,0.0079,0.0095,0.0106,0.0118,0.0137,0.8353,0.00681,0.000482,0.82099,0.83075,0.8353,0.84062,0.8473,0.019412,0.00263,0.000186,0.01459,0.01758,0.01945,0.0212,0.0246,0.854712,0.00586,0.000414,0.8439,0.85108,0.8548,0.8595,0.86502
21.0,0.145042,0.00584,0.000413,0.13487,0.1404,0.14485,0.14853,0.156,0.002614,0.00067,4.8e-5,0.0014,0.0022,0.0026,0.003,0.0042,0.005276,0.00095,6.7e-5,0.0036,0.00478,0.0052,0.0058,0.0073,0.009848,0.00142,0.0001,0.0072,0.00888,0.0097,0.01082,0.0128,0.837219,0.00672,0.000475,0.8233,0.83245,0.8372,0.8426,0.8488,0.017738,0.00246,0.000174,0.0131,0.01598,0.01775,0.01933,0.0221,0.854958,0.00584,0.000413,0.844,0.85148,0.85515,0.8596,0.86513
21.25,0.144821,0.00584,0.000413,0.13458,0.14,0.14475,0.14832,0.1557,0.002343,0.00062,4.4e-5,0.0012,0.0019,0.0023,0.0027,0.0037,0.004771,0.0009,6.3e-5,0.0031,0.0041,0.0047,0.0053,0.00671,0.009062,0.00132,9.3e-5,0.0063,0.0082,0.009,0.0099,0.0116,0.839003,0.00659,0.000466,0.82559,0.834,0.8389,0.84412,0.85031,0.016176,0.00229,0.000162,0.0118,0.01478,0.01605,0.0176,0.02031,0.855179,0.00584,0.000413,0.8443,0.85168,0.85525,0.86,0.86542
21.5,0.144599,0.00582,0.000411,0.13448,0.1398,0.1446,0.1483,0.1554,0.002149,0.00057,4.1e-5,0.0012,0.0018,0.0021,0.0025,0.00351,0.00434,0.00087,6.2e-5,0.0026,0.0038,0.0043,0.0049,0.0063,0.008268,0.00124,8.8e-5,0.0059,0.00748,0.0082,0.009,0.0109,0.840644,0.00653,0.000461,0.82758,0.8362,0.8406,0.8457,0.85221,0.014757,0.00216,0.000153,0.0109,0.01327,0.0147,0.01622,0.0189,0.855401,0.00582,0.000411,0.8446,0.8517,0.8554,0.8602,0.86552
21.75,0.144414,0.00583,0.000412,0.13447,0.13958,0.14435,0.148,0.1552,0.00197,0.00055,3.9e-5,0.0011,0.0016,0.0019,0.0023,0.0032,0.003919,0.00081,5.7e-5,0.0024,0.0034,0.0039,0.0044,0.0056,0.007555,0.00125,8.9e-5,0.0053,0.00668,0.0076,0.0083,0.0102,0.842141,0.00648,0.000458,0.82978,0.83768,0.84215,0.8473,0.85361,0.013444,0.00206,0.000145,0.00979,0.01198,0.0135,0.01492,0.01761,0.855586,0.00583,0.000412,0.8448,0.852,0.85565,0.86042,0.86553
22.0,0.144238,0.00581,0.000411,0.13437,0.1395,0.14415,0.14792,0.1551,0.001772,0.0005,3.6e-5,0.001,0.0014,0.0017,0.0021,0.0029,0.003585,0.00081,5.7e-5,0.0021,0.0031,0.0035,0.00402,0.00521,0.006877,0.00116,8.2e-5,0.0048,0.00618,0.0069,0.0075,0.0093,0.843527,0.00639,0.000452,0.8314,0.83907,0.8436,0.8486,0.85443,0.012235,0.00192,0.000136,0.0086,0.01088,0.01235,0.0136,0.01601,0.855762,0.00581,0.000411,0.8449,0.85207,0.85585,0.8605,0.86563
22.25,0.144073,0.0058,0.00041,0.13417,0.1394,0.14405,0.14782,0.1548,0.001632,0.00049,3.5e-5,0.0008,0.0013,0.0016,0.00192,0.0028,0.00323,0.00081,5.8e-5,0.0018,0.0027,0.0032,0.00372,0.005,0.006337,0.00108,7.6e-5,0.0043,0.00568,0.0064,0.007,0.00831,0.844729,0.00634,0.000448,0.83328,0.8402,0.8448,0.8498,0.8562,0.011199,0.00184,0.00013,0.0074,0.0098,0.01135,0.01242,0.0148,0.855927,0.0058,0.00041,0.84519,0.85218,0.85595,0.8606,0.86583
22.5,0.143936,0.0058,0.00041,0.13417,0.1393,0.144,0.1477,0.1547,0.00149,0.00047,3.3e-5,0.0007,0.0011,0.0014,0.0018,0.0025,0.002934,0.00077,5.5e-5,0.00159,0.00247,0.00285,0.0035,0.0046,0.005755,0.00103,7.3e-5,0.0037,0.005,0.0057,0.0065,0.0075,0.845886,0.00631,0.000446,0.8343,0.841,0.84595,0.8509,0.8575,0.010178,0.00175,0.000124,0.0066,0.0089,0.0102,0.01132,0.0135,0.856064,0.0058,0.00041,0.8453,0.8523,0.856,0.8607,0.86583
22.75,0.143816,0.0058,0.00041,0.13407,0.13918,0.1439,0.14762,0.1546,0.001349,0.00045,3.2e-5,0.0006,0.001,0.0013,0.00163,0.0023,0.002643,0.00073,5.2e-5,0.0013,0.0021,0.0026,0.0031,0.00411,0.005284,0.00097,6.9e-5,0.0035,0.0046,0.00525,0.0059,0.007,0.846907,0.00623,0.00044,0.8354,0.8424,0.8468,0.85172,0.858,0.009276,0.00165,0.000117,0.006,0.008,0.0093,0.0104,0.0124,0.856184,0.0058,0.00041,0.8454,0.85238,0.8561,0.86082,0.86593
23.0,0.143707,0.0058,0.00041,0.13388,0.139,0.14375,0.1474,0.1544,0.001232,0.00043,3.0e-5,0.0005,0.0009,0.0012,0.0015,0.002,0.002406,0.00066,4.6e-5,0.0013,0.00198,0.0024,0.0028,0.0037,0.004788,0.00091,6.4e-5,0.00309,0.0041,0.0048,0.0054,0.0066,0.847866,0.00615,0.000435,0.83649,0.8434,0.8478,0.8526,0.8591,0.008427,0.00152,0.000108,0.00549,0.0073,0.0084,0.0096,0.0114,0.856293,0.0058,0.00041,0.8456,0.8526,0.85625,0.861,0.86612
23.25,0.143599,0.00578,0.000409,0.13368,0.1389,0.1436,0.14732,0.15411,0.001124,0.00039,2.8e-5,0.0004,0.0009,0.0011,0.0014,0.0019,0.002174,0.00062,4.4e-5,0.0011,0.00178,0.0021,0.0025,0.0034,0.004364,0.00089,6.3e-5,0.0025,0.0037,0.0043,0.00502,0.00601,0.848738,0.00611,0.000432,0.8374,0.84465,0.8489,0.85365,0.86,0.007663,0.00141,0.0001,0.00499,0.0066,0.0076,0.0087,0.0103,0.856401,0.00578,0.000409,0.84589,0.85268,0.8564,0.8611,0.86632
23.5,0.143506,0.00577,0.000408,0.13348,0.1388,0.1436,0.14715,0.1541,0.00102,0.00035,2.5e-5,0.0004,0.00078,0.001,0.0013,0.0017,0.001976,0.00058,4.1e-5,0.0009,0.0016,0.002,0.0024,0.00311,0.003962,0.00086,6.1e-5,0.0024,0.0033,0.0039,0.0046,0.0057,0.849536,0.00609,0.000431,0.838,0.84515,0.8496,0.85453,0.8607,0.006958,0.00135,9.5e-5,0.0044,0.00598,0.0069,0.0079,0.0095,0.856494,0.00577,0.000408,0.8459,0.85285,0.8564,0.8612,0.86652
23.75,0.143424,0.00577,0.000408,0.13339,0.1387,0.1435,0.1471,0.1541,0.000916,0.00035,2.5e-5,0.0003,0.0007,0.0009,0.0012,0.0016,0.001824,0.00053,3.7e-5,0.0009,0.0014,0.0018,0.00213,0.0029,0.003608,0.00079,5.6e-5,0.0022,0.003,0.00355,0.0041,0.0052,0.850228,0.00606,0.000429,0.8386,0.8459,0.85025,0.85495,0.8611,0.006348,0.00125,8.8e-5,0.0041,0.0055,0.0063,0.0073,0.0088,0.856576,0.00577,0.000408,0.8459,0.8529,0.8565,0.8613,0.86661
24.0,0.143352,0.00578,0.000409,0.13339,0.13868,0.14335,0.14702,0.154,0.000832,0.00033,2.3e-5,0.0003,0.0006,0.0008,0.0011,0.0015,0.00164,0.00049,3.4e-5,0.0007,0.00138,0.0016,0.002,0.0026,0.003298,0.00076,5.4e-5,0.0019,0.00277,0.0033,0.0038,0.0047,0.850879,0.00605,0.000428,0.8393,0.84678,0.8508,0.85582,0.8617,0.005769,0.00116,8.2e-5,0.0036,0.0048,0.0058,0.0067,0.008,0.856648,0.00578,0.000409,0.846,0.85298,0.85665,0.86132,0.86661
24.25,0.143276,0.00578,0.000409,0.13329,0.13868,0.1432,0.14683,0.15371,0.000761,0.00034,2.4e-5,0.0002,0.0005,0.0007,0.001,0.0014,0.001499,0.00047,3.4e-5,0.0007,0.0012,0.0014,0.0018,0.0024,0.002974,0.00071,5.0e-5,0.0018,0.00247,0.0029,0.0035,0.0044,0.851492,0.00603,0.000427,0.84,0.8476,0.8514,0.85632,0.86221,0.005233,0.00111,7.9e-5,0.0033,0.00438,0.0052,0.0061,0.00721,0.856725,0.00578,0.000409,0.84629,0.85317,0.8568,0.86132,0.86671
24.5,0.14321,0.00578,0.000409,0.13319,0.13868,0.14305,0.14672,0.15371,0.000698,0.00033,2.4e-5,0.0002,0.0004,0.0007,0.0009,0.0014,0.00137,0.00043,3.1e-5,0.0006,0.0011,0.0013,0.0016,0.0022,0.002689,0.00067,4.7e-5,0.0015,0.0022,0.0027,0.0032,0.004,0.852032,0.00601,0.000425,0.84078,0.84825,0.85185,0.85685,0.8628,0.004758,0.00107,7.6e-5,0.0029,0.0039,0.0047,0.0055,0.0069,0.85679,0.00578,0.000409,0.84629,0.85328,0.85695,0.86132,0.86681
24.75,0.143159,0.00578,0.000409,0.13319,0.13868,0.14295,0.14672,0.15371,0.00065,0.00032,2.2e-5,0.0001,0.0004,0.0006,0.0009,0.0013,0.001207,0.00041,2.9e-5,0.0005,0.0009,0.0012,0.0015,0.0019,0.002489,0.00066,4.6e-5,0.0014,0.002,0.0024,0.00292,0.0037,0.852496,0.00596,0.000422,0.84148,0.8485,0.85225,0.85742,0.86301,0.004345,0.00102,7.2e-5,0.0025,0.0036,0.0043,0.0051,0.0064,0.856841,0.00578,0.000409,0.84629,0.85328,0.85705,0.86132,0.86681
25.0,0.143098,0.00578,0.000409,0.13319,0.13858,0.1429,0.14672,0.1537,0.000597,0.0003,2.1e-5,0.0001,0.0004,0.0005,0.0008,0.0012,0.001094,0.00039,2.8e-5,0.0004,0.0008,0.0011,0.0014,0.0018,0.002252,0.00063,4.5e-5,0.0012,0.0018,0.0022,0.0027,0.0034,0.852959,0.00593,0.000419,0.84189,0.84888,0.85285,0.85788,0.86331,0.003944,0.00096,6.8e-5,0.0024,0.0032,0.0038,0.0047,0.006,0.856902,0.00578,0.000409,0.8463,0.85328,0.8571,0.86142,0.86681
25.25,0.143049,0.00578,0.000409,0.13309,0.13858,0.1429,0.1467,0.1536,0.000536,0.00029,2.0e-5,0.0001,0.0003,0.0005,0.0007,0.0011,0.001007,0.00038,2.7e-5,0.0004,0.0007,0.001,0.0012,0.0017,0.00206,0.00058,4.1e-5,0.0011,0.0016,0.002,0.0025,0.00311,0.853349,0.00591,0.000418,0.8422,0.84932,0.8533,0.85827,0.86371,0.003602,0.00089,6.3e-5,0.0021,0.0029,0.0035,0.0042,0.0054,0.856951,0.00578,0.000409,0.8464,0.8533,0.8571,0.86142,0.86691
25.5,0.142998,0.00578,0.000409,0.13309,0.13858,0.14285,0.14662,0.1536,0.000487,0.00025,1.8e-5,0.0001,0.0003,0.00045,0.0006,0.001,0.000922,0.00035,2.5e-5,0.0004,0.0006,0.0009,0.0011,0.0016,0.001856,0.00054,3.8e-5,0.0009,0.0014,0.0018,0.0023,0.0028,0.853737,0.0059,0.000417,0.8424,0.84978,0.85355,0.8587,0.864,0.003265,0.00083,5.9e-5,0.0018,0.0027,0.0032,0.0039,0.0049,0.857002,0.00578,0.000409,0.8464,0.85338,0.85715,0.86142,0.86691
25.75,0.142963,0.00578,0.000409,0.133,0.1385,0.14285,0.14662,0.15351,0.000422,0.00024,1.7e-5,0.0001,0.0002,0.0004,0.0006,0.0009,0.000866,0.00035,2.4e-5,0.0003,0.0006,0.0008,0.0011,0.0017,0.001668,0.0005,3.5e-5,0.0009,0.0013,0.0016,0.002,0.0028,0.854081,0.00587,0.000415,0.8429,0.8502,0.85385,0.85902,0.86431,0.002956,0.00079,5.6e-5,0.0015,0.0024,0.00285,0.0036,0.0046,0.857037,0.00578,0.000409,0.84649,0.85338,0.85715,0.8615,0.867
26.0,0.142927,0.00577,0.000408,0.1329,0.13848,0.14285,0.14662,0.15351,0.000384,0.00022,1.5e-5,0.0001,0.0002,0.0004,0.0005,0.0009,0.000781,0.00034,2.4e-5,0.0002,0.00058,0.0007,0.001,0.0016,0.001534,0.00047,3.3e-5,0.0007,0.0012,0.0015,0.0018,0.0024,0.854374,0.00586,0.000414,0.84358,0.85048,0.85425,0.85922,0.8648,0.002699,0.00076,5.4e-5,0.0013,0.0022,0.0026,0.0033,0.0042,0.857073,0.00577,0.000408,0.84649,0.85338,0.85715,0.86153,0.8671
26.25,0.142896,0.00577,0.000408,0.1329,0.13848,0.14275,0.1466,0.1535,0.000352,0.00021,1.5e-5,0.0,0.0002,0.0003,0.0005,0.0008,0.0007,0.00032,2.3e-5,0.0002,0.0005,0.0007,0.0009,0.0014,0.001408,0.00044,3.1e-5,0.0006,0.0011,0.0014,0.0017,0.0023,0.854644,0.00585,0.000413,0.8438,0.8505,0.8545,0.85952,0.86492,0.00246,0.00071,5.0e-5,0.0012,0.002,0.0024,0.003,0.0039,0.857104,0.00577,0.000408,0.8465,0.8534,0.85725,0.86153,0.8671
26.5,0.14287,0.00577,0.000408,0.1329,0.13848,0.14275,0.1466,0.1535,0.00032,0.0002,1.4e-5,0.0,0.0002,0.0003,0.0004,0.0007,0.000628,0.00029,2.1e-5,0.0001,0.0004,0.0006,0.0008,0.0013,0.001292,0.00042,3.0e-5,0.0005,0.001,0.0013,0.0016,0.0021,0.854889,0.00584,0.000413,0.84419,0.85078,0.85485,0.85965,0.86502,0.002241,0.00068,4.8e-5,0.0011,0.00178,0.0021,0.0027,0.0037,0.85713,0.00577,0.000408,0.8465,0.8534,0.85725,0.86153,0.8671
26.75,0.142847,0.00577,0.000408,0.1328,0.13848,0.1427,0.1466,0.15341,0.000284,0.00019,1.3e-5,0.0,0.00018,0.0003,0.0004,0.0007,0.000573,0.00029,2.0e-5,0.0001,0.0003,0.0006,0.0008,0.0011,0.001191,0.00041,2.9e-5,0.0004,0.0009,0.0012,0.0015,0.002,0.855105,0.00584,0.000413,0.8442,0.85105,0.85505,0.85975,0.86541,0.002048,0.00065,4.6e-5,0.0009,0.0015,0.0019,0.0025,0.0033,0.857153,0.00577,0.000408,0.84659,0.8534,0.8573,0.86153,0.8672
27.0,0.142825,0.00577,0.000408,0.1328,0.13848,0.1427,0.1466,0.15341,0.000251,0.00017,1.2e-5,0.0,0.0001,0.0002,0.0004,0.0007,0.000524,0.00027,1.9e-5,0.0001,0.0003,0.0005,0.0007,0.0011,0.001089,0.00039,2.7e-5,0.0004,0.0008,0.0011,0.0014,0.0018,0.855311,0.00583,0.000412,0.8444,0.8512,0.8554,0.85992,0.86542,0.001864,0.00061,4.3e-5,0.0008,0.0014,0.0018,0.0023,0.0031,0.857176,0.00577,0.000408,0.84659,0.8534,0.8573,0.86153,0.8672
27.25,0.142809,0.00577,0.000408,0.13279,0.13848,0.14265,0.1466,0.15341,0.000222,0.00017,1.2e-5,0.0,0.0001,0.0002,0.0003,0.0006,0.000473,0.00025,1.8e-5,0.0001,0.0003,0.0005,0.0006,0.001,0.001002,0.00037,2.6e-5,0.0004,0.0007,0.001,0.00122,0.0017,0.855494,0.00582,0.000411,0.8447,0.8515,0.85575,0.86012,0.86571,0.001696,0.00056,4.0e-5,0.0007,0.0013,0.0016,0.0021,0.0028,0.857191,0.00577,0.000408,0.84659,0.8534,0.85735,0.86153,0.86721
27.5,0.142792,0.00577,0.000408,0.13279,0.13848,0.14265,0.14653,0.15331,0.000205,0.00017,1.2e-5,0.0,0.0001,0.0002,0.0003,0.0006,0.000435,0.00023,1.6e-5,0.0001,0.0002,0.0004,0.0006,0.0009,0.000896,0.00035,2.5e-5,0.0003,0.0006,0.0009,0.0011,0.0016,0.855673,0.0058,0.00041,0.8449,0.85188,0.85585,0.86022,0.86582,0.001535,0.00052,3.7e-5,0.0006,0.0012,0.0015,0.0019,0.0025,0.857209,0.00577,0.000408,0.84669,0.85348,0.85735,0.86153,0.86721
27.75,0.142774,0.00576,0.000408,0.13279,0.13848,0.14265,0.14653,0.15331,0.00019,0.00015,1.1e-5,0.0,0.0001,0.0002,0.0003,0.0005,0.000386,0.00021,1.5e-5,0.0001,0.0002,0.0004,0.0005,0.0009,0.000815,0.00034,2.4e-5,0.0003,0.0006,0.0008,0.001,0.0015,0.855834,0.00579,0.000409,0.8449,0.8521,0.85595,0.86045,0.86582,0.001392,0.0005,3.6e-5,0.00059,0.001,0.0013,0.0018,0.0024,0.857226,0.00576,0.000408,0.84669,0.85348,0.85735,0.86153,0.86721
28.0,0.142762,0.00576,0.000407,0.13279,0.13848,0.1426,0.14653,0.15331,0.000169,0.00015,1.0e-5,0.0,8.0e-5,0.0001,0.0003,0.0005,0.000349,0.00021,1.5e-5,0.0,0.0002,0.0003,0.0005,0.0008,0.00074,0.00032,2.2e-5,0.0002,0.0005,0.0007,0.0009,0.0014,0.855982,0.00579,0.000409,0.8451,0.85227,0.85605,0.86063,0.86602,0.001257,0.00047,3.3e-5,0.0004,0.0009,0.0012,0.0016,0.00221,0.857239,0.00576,0.000407,0.84669,0.85348,0.8574,0.86153,0.86721
28.25,0.142747,0.00576,0.000408,0.13279,0.13848,0.1426,0.1465,0.15331,0.00015,0.00014,1.0e-5,0.0,0.0,0.0001,0.0002,0.0004,0.000323,0.00021,1.5e-5,0.0,0.0002,0.0003,0.0004,0.0008,0.000666,0.00029,2.1e-5,0.0002,0.0005,0.0006,0.0009,0.0012,0.856114,0.00579,0.000409,0.8452,0.8524,0.85615,0.86072,0.86602,0.00114,0.00045,3.2e-5,0.0003,0.0008,0.0011,0.0014,0.0021,0.857253,0.00576,0.000408,0.84669,0.8535,0.8574,0.86153,0.86721
28.5,0.142735,0.00576,0.000407,0.13279,0.13848,0.14255,0.1465,0.15331,0.000134,0.00012,9.0e-6,0.0,0.0,0.0001,0.0002,0.0004,0.00029,0.00019,1.4e-5,0.0,0.0002,0.0003,0.0004,0.0008,0.000605,0.00029,2.0e-5,0.0001,0.0004,0.0006,0.0008,0.0012,0.856236,0.00578,0.000409,0.8453,0.85258,0.85635,0.8609,0.86622,0.001029,0.00043,3.1e-5,0.0003,0.0007,0.001,0.0013,0.002,0.857265,0.00576,0.000407,0.84669,0.8535,0.85745,0.86153,0.86721
28.75,0.142726,0.00576,0.000407,0.13279,0.13848,0.14255,0.1465,0.15331,0.000118,0.00012,9.0e-6,0.0,0.0,0.0001,0.0002,0.0004,0.000263,0.00018,1.3e-5,0.0,0.0001,0.0002,0.0004,0.0007,0.000546,0.00027,1.9e-5,0.0001,0.0004,0.0005,0.0007,0.0011,0.856348,0.00578,0.000409,0.8453,0.85272,0.85655,0.861,0.86642,0.000927,0.00041,2.9e-5,0.0003,0.0006,0.0009,0.0012,0.0018,0.857274,0.00576,0.000407,0.84669,0.8535,0.85745,0.86153,0.86721
29.0,0.142712,0.00576,0.000407,0.13279,0.13848,0.14255,0.1465,0.15331,0.000114,0.00012,9.0e-6,0.0,0.0,0.0001,0.0002,0.0004,0.000236,0.00018,1.2e-5,0.0,0.0001,0.0002,0.0003,0.0006,0.000489,0.00025,1.7e-5,0.0001,0.0003,0.00045,0.0007,0.001,0.85645,0.00578,0.000409,0.8456,0.8529,0.8567,0.86102,0.86642,0.000839,0.00037,2.6e-5,0.0002,0.00058,0.0008,0.0011,0.0017,0.857289,0.00576,0.000407,0.84669,0.8535,0.85745,0.86153,0.86721
29.25,0.142702,0.00576,0.000407,0.13279,0.13848,0.1425,0.14642,0.15331,0.000105,0.00011,8.0e-6,0.0,0.0,0.0001,0.0002,0.0004,0.0002,0.00017,1.2e-5,0.0,0.0001,0.0002,0.0003,0.0006,0.000464,0.00023,1.7e-5,0.0001,0.0003,0.0004,0.0006,0.001,0.856528,0.00578,0.000409,0.8457,0.8529,0.8567,0.8611,0.8668,0.00077,0.00036,2.6e-5,0.0002,0.0005,0.0007,0.001,0.0016,0.857298,0.00576,0.000407,0.84669,0.85358,0.8575,0.86153,0.86721
29.5,0.142692,0.00575,0.000407,0.13279,0.13848,0.14245,0.1464,0.15312,9.6e-5,0.00011,8.0e-6,0.0,0.0,0.0001,0.0002,0.0004,0.000186,0.00016,1.1e-5,0.0,0.0001,0.0002,0.0003,0.0005,0.000422,0.00024,1.7e-5,0.0001,0.0002,0.0004,0.00052,0.0009,0.856604,0.00579,0.000409,0.8457,0.85292,0.8567,0.8612,0.8668,0.000704,0.00035,2.5e-5,0.0002,0.0005,0.0007,0.0009,0.0015,0.857308,0.00575,0.000407,0.84688,0.8536,0.85755,0.86153,0.86721
29.75,0.142684,0.00575,0.000407,0.13279,0.13848,0.14245,0.1464,0.15312,8.7e-5,0.0001,7.0e-6,0.0,0.0,0.0001,0.0002,0.0003,0.000166,0.00015,1.1e-5,0.0,0.0001,0.0001,0.0002,0.0006,0.000381,0.00023,1.6e-5,0.0001,0.0002,0.0003,0.0005,0.0009,0.856682,0.0058,0.00041,0.8458,0.85295,0.8568,0.8612,0.867,0.000634,0.00033,2.4e-5,0.0001,0.0004,0.0006,0.0008,0.0013,0.857316,0.00575,0.000407,0.84688,0.8536,0.85755,0.86153,0.86721
30.0,0.142678,0.00575,0.000407,0.13279,0.13848,0.14245,0.1464,0.15302,7.9e-5,0.0001,7.0e-6,0.0,0.0,0.0,0.0001,0.0003,0.000147,0.00014,1.0e-5,0.0,0.0,0.0001,0.0002,0.0005,0.00035,0.00022,1.5e-5,0.0,0.0002,0.0003,0.0005,0.0009,0.856744,0.00579,0.00041,0.8459,0.85298,0.8569,0.86122,0.8671,0.000577,0.00032,2.3e-5,0.0001,0.0003,0.0005,0.0008,0.0013,0.857322,0.00575,0.000407,0.84698,0.8536,0.85755,0.86153,0.86721
30.25,0.14267,0.00576,0.000407,0.13279,0.13848,0.14245,0.1464,0.15292,6.9e-5,9.0e-5,6.0e-6,0.0,0.0,0.0,0.0001,0.0003,0.000139,0.00014,1.0e-5,0.0,0.0,0.0001,0.0002,0.0005,0.00032,0.00022,1.5e-5,0.0,0.0002,0.0003,0.0004,0.0008,0.856801,0.00579,0.00041,0.846,0.85305,0.85695,0.86122,0.8671,0.000528,0.00031,2.2e-5,0.0001,0.0003,0.0005,0.0007,0.0012,0.85733,0.00576,0.000407,0.84708,0.8536,0.85755,0.86153,0.86721
30.5,0.142664,0.00576,0.000407,0.13279,0.13848,0.14245,0.1464,0.15292,6.5e-5,9.0e-5,6.0e-6,0.0,0.0,0.0,0.0001,0.0003,0.00012,0.00013,9.0e-6,0.0,0.0,0.0001,0.0002,0.0004,0.000288,0.00021,1.5e-5,0.0,0.0001,0.0003,0.0004,0.0008,0.856864,0.00579,0.00041,0.84619,0.85315,0.857,0.8614,0.8672,0.000473,0.0003,2.1e-5,0.0,0.0002,0.0004,0.00062,0.0012,0.857336,0.00576,0.000407,0.84708,0.8536,0.85755,0.86153,0.86721
30.75,0.142658,0.00576,0.000407,0.13279,0.13848,0.14245,0.1464,0.15292,5.7e-5,8.0e-5,6.0e-6,0.0,0.0,0.0,0.0001,0.0003,0.000112,0.00012,9.0e-6,0.0,0.0,0.0001,0.0002,0.0004,0.000259,0.00019,1.3e-5,0.0,0.0001,0.0002,0.0004,0.0007,0.856914,0.00579,0.000409,0.84629,0.8532,0.857,0.8614,0.8672,0.000428,0.00028,2.0e-5,0.0,0.0002,0.0004,0.0006,0.0011,0.857342,0.00576,0.000407,0.84708,0.8536,0.85755,0.86153,0.86721
31.0,0.142653,0.00576,0.000407,0.13279,0.13848,0.14245,0.1464,0.15292,5.0e-5,8.0e-5,5.0e-6,0.0,0.0,0.0,0.0001,0.0002,0.000106,0.00012,9.0e-6,0.0,0.0,0.0001,0.0002,0.0004,0.000231,0.00017,1.2e-5,0.0,0.0001,0.0002,0.0003,0.0006,0.85696,0.00579,0.000409,0.84629,0.85328,0.8571,0.8614,0.86721,0.000388,0.00026,1.9e-5,0.0,0.0002,0.0003,0.00052,0.001,0.857347,0.00576,0.000407,0.84708,0.8536,0.85755,0.86153,0.86721
31.25,0.142652,0.00576,0.000407,0.13279,0.13848,0.14245,0.1464,0.15292,4.5e-5,7.0e-5,5.0e-6,0.0,0.0,0.0,0.0001,0.0002,9.5e-5,0.00012,8.0e-6,0.0,0.0,0.0001,0.0002,0.0004,0.000209,0.00016,1.2e-5,0.0,0.0001,0.0002,0.0003,0.0006,0.856999,0.00579,0.000409,0.84639,0.85328,0.8571,0.86142,0.86721,0.00035,0.00025,1.8e-5,0.0,0.0002,0.0003,0.0005,0.0009,0.857348,0.00576,0.000407,0.84708,0.8536,0.85755,0.86153,0.86721
31.5,0.142646,0.00576,0.000407,0.13279,0.13845,0.14245,0.14633,0.15292,4.4e-5,7.0e-5,5.0e-6,0.0,0.0,0.0,0.0001,0.0002,8.2e-5,0.0001,7.0e-6,0.0,0.0,0.0001,0.0001,0.0003,0.000192,0.00016,1.1e-5,0.0,0.0001,0.0002,0.0003,0.0006,0.857037,0.00579,0.000409,0.84649,0.8533,0.8571,0.86142,0.86721,0.000317,0.00024,1.7e-5,0.0,0.0001,0.0003,0.00042,0.0009,0.857354,0.00576,0.000407,0.84708,0.85368,0.85755,0.86155,0.86721
31.75,0.142642,0.00576,0.000407,0.13279,0.13845,0.14245,0.14633,0.15292,4.4e-5,7.0e-5,5.0e-6,0.0,0.0,0.0,0.0001,0.0002,7.5e-5,0.0001,7.0e-6,0.0,0.0,0.0,0.0001,0.0003,0.000171,0.00015,1.1e-5,0.0,8.0e-5,0.0001,0.0003,0.0005,0.85707,0.00578,0.000409,0.84659,0.85338,0.8572,0.86142,0.86721,0.000289,0.00023,1.6e-5,0.0,0.0001,0.0002,0.0004,0.0009,0.857359,0.00576,0.000407,0.84708,0.85368,0.85755,0.86155,0.86721
32.0,0.14264,0.00576,0.000407,0.13279,0.13845,0.14245,0.14633,0.15292,4.0e-5,6.0e-5,5.0e-6,0.0,0.0,0.0,0.0001,0.0002,6.9e-5,9.0e-5,7.0e-6,0.0,0.0,0.0,0.0001,0.0003,0.000148,0.00013,1.0e-5,0.0,0.0,0.0001,0.0002,0.0005,0.857105,0.00578,0.000409,0.84659,0.85338,0.8573,0.86142,0.86721,0.000256,0.00021,1.5e-5,0.0,0.0001,0.0002,0.0004,0.0008,0.857361,0.00576,0.000407,0.84708,0.85368,0.85755,0.86155,0.86721
32.25,0.142638,0.00576,0.000407,0.13279,0.13845,0.14245,0.14633,0.15292,3.4e-5,6.0e-5,4.0e-6,0.0,0.0,0.0,0.0001,0.0002,6.6e-5,0.0001,7.0e-6,0.0,0.0,0.0,0.0001,0.0003,0.000128,0.00013,9.0e-6,0.0,0.0,0.0001,0.0002,0.0005,0.857134,0.00578,0.000409,0.84659,0.85345,0.85735,0.8615,0.86721,0.000228,0.0002,1.4e-5,0.0,0.0001,0.0002,0.0003,0.0007,0.857362,0.00576,0.000407,0.84708,0.85368,0.85755,0.86155,0.86721
32.5,0.142636,0.00575,0.000407,0.13279,0.13845,0.14245,0.14633,0.15292,2.6e-5,5.0e-5,4.0e-6,0.0,0.0,0.0,0.0,0.0002,6.2e-5,9.0e-5,7.0e-6,0.0,0.0,0.0,0.0001,0.0003,0.000117,0.00012,9.0e-6,0.0,0.0,0.0001,0.0002,0.0004,0.857159,0.00578,0.000409,0.84668,0.85348,0.85735,0.8615,0.86721,0.000205,0.00019,1.3e-5,0.0,0.0001,0.0002,0.0003,0.0007,0.857365,0.00575,0.000407,0.84708,0.85368,0.85755,0.86155,0.86721
32.75,0.142634,0.00575,0.000407,0.13279,0.13845,0.14245,0.14633,0.15292,2.4e-5,5.0e-5,4.0e-6,0.0,0.0,0.0,0.0,0.0002,5.8e-5,9.0e-5,6.0e-6,0.0,0.0,0.0,0.0001,0.0003,0.000107,0.00012,9.0e-6,0.0,0.0,0.0001,0.0002,0.0004,0.857178,0.00578,0.000408,0.84669,0.8535,0.8574,0.8615,0.86721,0.000188,0.00018,1.3e-5,0.0,0.0001,0.0001,0.0003,0.0007,0.857367,0.00575,0.000407,0.84708,0.85368,0.85755,0.86155,0.86721
33.0,0.142633,0.00575,0.000407,0.13279,0.13845,0.14245,0.14633,0.15292,2.2e-5,5.0e-5,3.0e-6,0.0,0.0,0.0,0.0,0.0001,5.0e-5,8.0e-5,6.0e-6,0.0,0.0,0.0,0.0001,0.0003,9.8e-5,0.00011,8.0e-6,0.0,0.0,0.0001,0.0001,0.0004,0.857197,0.00578,0.000409,0.84669,0.8535,0.8574,0.8615,0.86721,0.000171,0.00017,1.2e-5,0.0,0.0,0.0001,0.0003,0.0006,0.857368,0.00575,0.000407,0.84708,0.85368,0.85755,0.86155,0.86721
33.25,0.142631,0.00575,0.000407,0.13279,0.13845,0.14245,0.14633,0.15282,2.0e-5,5.0e-5,3.0e-6,0.0,0.0,0.0,0.0,0.0001,4.8e-5,8.0e-5,5.0e-6,0.0,0.0,0.0,0.0001,0.0003,8.2e-5,0.0001,7.0e-6,0.0,0.0,0.0001,0.0001,0.0003,0.85722,0.00577,0.000408,0.84688,0.8535,0.8574,0.8615,0.86721,0.000149,0.00016,1.1e-5,0.0,0.0,0.0001,0.0002,0.0006,0.85737,0.00575,0.000407,0.84718,0.85368,0.85755,0.86155,0.86721
33.5,0.14263,0.00575,0.000407,0.13279,0.13845,0.14245,0.14633,0.15282,1.8e-5,4.0e-5,3.0e-6,0.0,0.0,0.0,0.0,0.0001,4.2e-5,7.0e-5,5.0e-6,0.0,0.0,0.0,0.0001,0.0002,7.9e-5,0.0001,7.0e-6,0.0,0.0,0.0001,0.0001,0.0003,0.857232,0.00577,0.000408,0.84688,0.85358,0.8574,0.8615,0.86721,0.000138,0.00015,1.0e-5,0.0,0.0,0.0001,0.0002,0.0006,0.857371,0.00575,0.000407,0.84718,0.85368,0.85755,0.86155,0.86721
33.75,0.142629,0.00575,0.000407,0.13279,0.13845,0.14245,0.14633,0.15282,1.6e-5,4.0e-5,3.0e-6,0.0,0.0,0.0,0.0,0.0001,3.6e-5,7.0e-5,5.0e-6,0.0,0.0,0.0,0.0001,0.0002,7.5e-5,9.0e-5,6.0e-6,0.0,0.0,0.0001,0.0001,0.0003,0.857245,0.00577,0.000408,0.84688,0.85358,0.85745,0.8615,0.86721,0.000126,0.00014,1.0e-5,0.0,0.0,0.0001,0.0002,0.0005,0.857371,0.00575,0.000407,0.84718,0.85368,0.85755,0.86155,0.86721
34.0,0.142628,0.00575,0.000407,0.13279,0.13845,0.14245,0.14633,0.15282,1.3e-5,4.0e-5,2.0e-6,0.0,0.0,0.0,0.0,0.0001,3.2e-5,6.0e-5,4.0e-6,0.0,0.0,0.0,0.0001,0.0002,6.7e-5,8.0e-5,6.0e-6,0.0,0.0,0.0,0.0001,0.0003,0.857261,0.00577,0.000408,0.84688,0.85358,0.85745,0.8615,0.86721,0.000111,0.00012,9.0e-6,0.0,0.0,0.0001,0.0002,0.0004,0.857372,0.00575,0.000407,0.84718,0.85368,0.85755,0.86155,0.86721
34.25,0.142628,0.00575,0.000407,0.13279,0.13845,0.14245,0.14633,0.15282,9.0e-6,3.0e-5,2.0e-6,0.0,0.0,0.0,0.0,0.0001,3.3e-5,6.0e-5,4.0e-6,0.0,0.0,0.0,0.0001,0.0002,5.7e-5,8.0e-5,5.0e-6,0.0,0.0,0.0,0.0001,0.0003,0.857274,0.00577,0.000408,0.84688,0.85358,0.85745,0.8615,0.86721,9.8e-5,0.00012,8.0e-6,0.0,0.0,0.0001,0.0001,0.0004,0.857372,0.00575,0.000407,0.84718,0.85368,0.85755,0.86155,0.86721
34.5,0.142628,0.00575,0.000407,0.13279,0.13845,0.14245,0.14633,0.15282,7.0e-6,3.0e-5,2.0e-6,0.0,0.0,0.0,0.0,0.0001,2.6e-5,5.0e-5,4.0e-6,0.0,0.0,0.0,0.0,0.0001,5.6e-5,7.0e-5,5.0e-6,0.0,0.0,0.0,0.0001,0.0002,0.857284,0.00577,0.000408,0.84688,0.85358,0.85745,0.86153,0.86721,8.8e-5,0.00011,7.0e-6,0.0,0.0,0.0001,0.0001,0.0003,0.857372,0.00575,0.000407,0.84718,0.85368,0.85755,0.86155,0.86721
34.75,0.142626,0.00575,0.000407,0.13279,0.13845,0.14245,0.14633,0.15282,8.0e-6,3.0e-5,2.0e-6,0.0,0.0,0.0,0.0,0.0001,1.9e-5,4.0e-5,3.0e-6,0.0,0.0,0.0,0.0,0.0001,5.4e-5,8.0e-5,5.0e-6,0.0,0.0,0.0,0.0001,0.0002,0.857294,0.00577,0.000408,0.84688,0.85358,0.85745,0.86153,0.86721,8.0e-5,0.0001,7.0e-6,0.0,0.0,0.0001,0.0001,0.0003,0.857374,0.00575,0.000407,0.84718,0.85368,0.85755,0.86155,0.86721
35.0,0.142626,0.00575,0.000407,0.13279,0.13845,0.14245,0.14633,0.15282,7.0e-6,3.0e-5,2.0e-6,0.0,0.0,0.0,0.0,0.0001,1.9e-5,5.0e-5,3.0e-6,0.0,0.0,0.0,0.0,0.0001,4.5e-5,7.0e-5,5.0e-6,0.0,0.0,0.0,0.0001,0.0002,0.857304,0.00576,0.000408,0.84698,0.85358,0.85745,0.86153,0.86721,7.1e-5,0.0001,7.0e-6,0.0,0.0,0.0,0.0001,0.0003,0.857374,0.00575,0.000407,0.84718,0.85368,0.85755,0.86155,0.86721
35.25,0.142626,0.00575,0.000407,0.13279,0.13845,0.14245,0.14633,0.15282,5.0e-6,2.0e-5,2.0e-6,0.0,0.0,0.0,0.0,0.0001,1.8e-5,4.0e-5,3.0e-6,0.0,0.0,0.0,0.0,0.0001,3.7e-5,6.0e-5,4.0e-6,0.0,0.0,0.0,0.0001,0.0002,0.857315,0.00576,0.000407,0.84698,0.85358,0.85745,0.86153,0.86721,5.9e-5,9.0e-5,6.0e-6,0.0,0.0,0.0,0.0001,0.0003,0.857374,0.00575,0.000407,0.84718,0.85368,0.85755,0.86155,0.86721
35.5,0.142626,0.00575,0.000407,0.13279,0.13845,0.14245,0.14633,0.15282,5.0e-6,2.0e-5,2.0e-6,0.0,0.0,0.0,0.0,0.0001,1.5e-5,4.0e-5,3.0e-6,0.0,0.0,0.0,0.0,0.0001,3.3e-5,6.0e-5,4.0e-6,0.0,0.0,0.0,0.0001,0.0002,0.857322,0.00576,0.000407,0.84698,0.85358,0.85745,0.86153,0.86721,5.3e-5,8.0e-5,6.0e-6,0.0,0.0,0.0,0.0001,0.0003,0.857375,0.00575,0.000407,0.84718,0.85368,0.85755,0.86155,0.86721
35.75,0.142624,0.00575,0.000407,0.13279,0.13845,0.14245,0.14633,0.15282,4.0e-6,2.0e-5,2.0e-6,0.0,0.0,0.0,0.0,0.0001,1.4e-5,4.0e-5,3.0e-6,0.0,0.0,0.0,0.0,0.0001,3.0e-5,5.0e-5,4.0e-6,0.0,0.0,0.0,0.0001,0.0002,0.857328,0.00576,0.000407,0.84708,0.85358,0.85745,0.86153,0.86721,4.8e-5,8.0e-5,5.0e-6,0.0,0.0,0.0,0.0001,0.0002,0.857376,0.00575,0.000407,0.84718,0.85368,0.85755,0.86155,0.86721
36.0,0.142624,0.00575,0.000407,0.13279,0.13845,0.14245,0.14633,0.15282,4.0e-6,2.0e-5,1.0e-6,0.0,0.0,0.0,0.0,0.0001,1.3e-5,4.0e-5,3.0e-6,0.0,0.0,0.0,0.0,0.0001,2.7e-5,5.0e-5,4.0e-6,0.0,0.0,0.0,0.0,0.0002,0.857332,0.00576,0.000407,0.84708,0.85358,0.85745,0.86155,0.86721,4.4e-5,8.0e-5,5.0e-6,0.0,0.0,0.0,0.0001,0.0002,0.857376,0.00575,0.000407,0.84718,0.85368,0.85755,0.86155,0.86721
36.25,0.142624,0.00575,0.000407,0.13279,0.13845,0.14245,0.14633,0.15282,4.0e-6,2.0e-5,1.0e-6,0.0,0.0,0.0,0.0,0.0001,1.1e-5,3.0e-5,2.0e-6,0.0,0.0,0.0,0.0,0.0001,2.6e-5,5.0e-5,4.0e-6,0.0,0.0,0.0,0.0,0.0002,0.857336,0.00576,0.000407,0.84708,0.85358,0.85745,0.86155,0.86721,4.0e-5,7.0e-5,5.0e-6,0.0,0.0,0.0,0.0001,0.0002,0.857376,0.00575,0.000407,0.84718,0.85368,0.85755,0.86155,0.86721
36.5,0.142622,0.00575,0.000407,0.13279,0.13845,0.14245,0.14633,0.15282,4.0e-6,2.0e-5,2.0e-6,0.0,0.0,0.0,0.0,0.0001,1.0e-5,3.0e-5,2.0e-6,0.0,0.0,0.0,0.0,0.0001,2.3e-5,5.0e-5,3.0e-6,0.0,0.0,0.0,0.0,0.0001,0.857339,0.00576,0.000407,0.84708,0.85358,0.85745,0.86155,0.86721,3.8e-5,7.0e-5,5.0e-6,0.0,0.0,0.0,0.0001,0.0002,0.857378,0.00575,0.000407,0.84718,0.85368,0.85755,0.86155,0.86721
36.75,0.142622,0.00575,0.000407,0.13279,0.13845,0.14245,0.14633,0.15282,3.0e-6,2.0e-5,1.0e-6,0.0,0.0,0.0,0.0,0.0,8.0e-6,3.0e-5,2.0e-6,0.0,0.0,0.0,0.0,0.0001,2.3e-5,5.0e-5,4.0e-6,0.0,0.0,0.0,0.0,0.0002,0.857343,0.00576,0.000407,0.84708,0.85358,0.85745,0.86155,0.86721,3.5e-5,7.0e-5,5.0e-6,0.0,0.0,0.0,0.0001,0.0002,0.857378,0.00575,0.000407,0.84718,0.85368,0.85755,0.86155,0.86721
37.0,0.142622,0.00575,0.000407,0.13279,0.13845,0.14245,0.14633,0.15282,2.0e-6,2.0e-5,1.0e-6,0.0,0.0,0.0,0.0,0.0,6.0e-6,2.0e-5,2.0e-6,0.0,0.0,0.0,0.0,0.0001,2.2e-5,5.0e-5,4.0e-6,0.0,0.0,0.0,0.0,0.0002,0.857346,0.00576,0.000407,0.84708,0.85358,0.85745,0.86155,0.86721,3.2e-5,6.0e-5,5.0e-6,0.0,0.0,0.0,0.0,0.0002,0.857378,0.00575,0.000407,0.84718,0.85368,0.85755,0.86155,0.86721
37.25,0.142622,0.00575,0.000407,0.13279,0.13845,0.14245,0.14633,0.15282,2.0e-6,2.0e-5,1.0e-6,0.0,0.0,0.0,0.0,0.0,4.0e-6,2.0e-5,1.0e-6,0.0,0.0,0.0,0.0,0.0001,2.2e-5,5.0e-5,4.0e-6,0.0,0.0,0.0,0.0,0.0002,0.857349,0.00575,0.000407,0.84708,0.85358,0.85745,0.86155,0.86721,2.9e-5,6.0e-5,4.0e-6,0.0,0.0,0.0,0.0,0.0002,0.857378,0.00575,0.000407,0.84718,0.85368,0.85755,0.86155,0.86721
37.5,0.142622,0.00575,0.000407,0.13279,0.13845,0.14245,0.14633,0.15282,2.0e-6,2.0e-5,1.0e-6,0.0,0.0,0.0,0.0,0.0,2.0e-6,2.0e-5,1.0e-6,0.0,0.0,0.0,0.0,0.0,2.0e-5,5.0e-5,4.0e-6,0.0,0.0,0.0,0.0,0.0002,0.857353,0.00575,0.000407,0.84708,0.8536,0.85745,0.86155,0.86721,2.5e-5,6.0e-5,4.0e-6,0.0,0.0,0.0,0.0,0.0002,0.857378,0.00575,0.000407,0.84718,0.85368,0.85755,0.86155,0.86721
37.75,0.142622,0.00575,0.000407,0.13279,0.13845,0.14245,0.14633,0.15282,2.0e-6,2.0e-5,1.0e-6,0.0,0.0,0.0,0.0,0.0,3.0e-6,2.0e-5,1.0e-6,0.0,0.0,0.0,0.0,0.0001,1.6e-5,4.0e-5,3.0e-6,0.0,0.0,0.0,0.0,0.0001,0.857356,0.00576,0.000407,0.84708,0.8536,0.85745,0.86155,0.86721,2.2e-5,5.0e-5,4.0e-6,0.0,0.0,0.0,0.0,0.0002,0.857378,0.00575,0.000407,0.84718,0.85368,0.85755,0.86155,0.86721
38.0,0.142622,0.00575,0.000407,0.13279,0.13845,0.14245,0.14633,0.15282,2.0e-6,2.0e-5,1.0e-6,0.0,0.0,0.0,0.0,0.0,2.0e-6,2.0e-5,1.0e-6,0.0,0.0,0.0,0.0,0.0,1.6e-5,4.0e-5,3.0e-6,0.0,0.0,0.0,0.0,0.0001,0.857358,0.00576,0.000407,0.84708,0.8536,0.85745,0.86155,0.86721,2.1e-5,5.0e-5,4.0e-6,0.0,0.0,0.0,0.0,0.0002,0.857378,0.00575,0.000407,0.84718,0.85368,0.85755,0.86155,0.86721
38.25,0.142622,0.00575,0.000407,0.13279,0.13845,0.14245,0.14633,0.15282,2.0e-6,2.0e-5,1.0e-6,0.0,0.0,0.0,0.0,0.0,2.0e-6,1.0e-5,1.0e-6,0.0,0.0,0.0,0.0,0.0,1.4e-5,4.0e-5,3.0e-6,0.0,0.0,0.0,0.0,0.0001,0.85736,0.00575,0.000407,0.84708,0.8536,0.85745,0.86155,0.86721,1.8e-5,5.0e-5,3.0e-6,0.0,0.0,0.0,0.0,0.0002,0.857378,0.00575,0.000407,0.84718,0.85368,0.85755,0.86155,0.86721
38.5,0.142622,0.00575,0.000407,0.13279,0.13845,0.14245,0.14633,0.15282,2.0e-6,2.0e-5,1.0e-6,0.0,0.0,0.0,0.0,0.0,2.0e-6,2.0e-5,1.0e-6,0.0,0.0,0.0,0.0,0.0,1.2e-5,3.0e-5,2.0e-6,0.0,0.0,0.0,0.0,0.0001,0.857363,0.00575,0.000407,0.84708,0.85368,0.85745,0.86155,0.86721,1.6e-5,5.0e-5,3.0e-6,0.0,0.0,0.0,0.0,0.0001,0.857378,0.00575,0.000407,0.84718,0.85368,0.85755,0.86155,0.86721
38.75,0.142621,0.00575,0.000407,0.13279,0.13845,0.14245,0.14633,0.15282,2.0e-6,2.0e-5,1.0e-6,0.0,0.0,0.0,0.0,0.0,2.0e-6,1.0e-5,1.0e-6,0.0,0.0,0.0,0.0,0.0,8.0e-6,3.0e-5,2.0e-6,0.0,0.0,0.0,0.0,0.0001,0.857366,0.00575,0.000407,0.84718,0.85368,0.85745,0.86155,0.86721,1.3e-5,4.0e-5,3.0e-6,0.0,0.0,0.0,0.0,0.0002,0.857379,0.00575,0.000407,0.84718,0.85368,0.85755,0.86155,0.86721
39.0,0.142621,0.00575,0.000407,0.13279,0.13845,0.14245,0.14633,0.15282,2.0e-6,1.0e-5,1.0e-6,0.0,0.0,0.0,0.0,0.0,2.0e-6,1.0e-5,1.0e-6,0.0,0.0,0.0,0.0,0.0,8.0e-6,3.0e-5,2.0e-6,0.0,0.0,0.0,0.0,0.0001,0.857368,0.00575,0.000407,0.84718,0.85368,0.85745,0.86155,0.86721,1.2e-5,4.0e-5,3.0e-6,0.0,0.0,0.0,0.0,0.0001,0.857379,0.00575,0.000407,0.84718,0.85368,0.85755,0.86155,0.86721
39.25,0.142621,0.00575,0.000407,0.13279,0.13845,0.14245,0.14633,0.15282,2.0e-6,1.0e-5,1.0e-6,0.0,0.0,0.0,0.0,0.0,1.0e-6,1.0e-5,1.0e-6,0.0,0.0,0.0,0.0,0.0,7.0e-6,3.0e-5,2.0e-6,0.0,0.0,0.0,0.0,0.0001,0.857369,0.00575,0.000407,0.84718,0.85368,0.85755,0.86155,0.86721,1.0e-5,4.0e-5,3.0e-6,0.0,0.0,0.0,0.0,0.0001,0.857379,0.00575,0.000407,0.84718,0.85368,0.85755,0.86155,0.86721
39.5,0.142621,0.00575,0.000407,0.13279,0.13845,0.14245,0.14633,0.15282,0.0,1.0e-5,1.0e-6,0.0,0.0,0.0,0.0,0.0,2.0e-6,2.0e-5,1.0e-6,0.0,0.0,0.0,0.0,0.0,7.0e-6,3.0e-5,2.0e-6,0.0,0.0,0.0,0.0,0.0001,0.85737,0.00575,0.000407,0.84718,0.85368,0.85755,0.86155,0.86721,1.0e-5,4.0e-5,3.0e-6,0.0,0.0,0.0,0.0,0.0001,0.857379,0.00575,0.000407,0.84718,0.85368,0.85755,0.86155,0.86721
39.75,0.142621,0.00575,0.000407,0.13279,0.13845,0.14245,0.14633,0.15282,0.0,1.0e-5,1.0e-6,0.0,0.0,0.0,0.0,0.0,2.0e-6,2.0e-5,1.0e-6,0.0,0.0,0.0,0.0,0.0,6.0e-6,3.0e-5,2.0e-6,0.0,0.0,0.0,0.0,0.0001,0.85737,0.00575,0.000407,0.84718,0.85368,0.85755,0.86155,0.86721,8.0e-6,3.0e-5,2.0e-6,0.0,0.0,0.0,0.0,0.0001,0.857379,0.00575,0.000407,0.84718,0.85368,0.85755,0.86155,0.86721
40.0,0.142621,0.00575,0.000407,0.13279,0.13845,0.14245,0.14633,0.15282,0.0,1.0e-5,1.0e-6,0.0,0.0,0.0,0.0,0.0,1.0e-6,1.0e-5,1.0e-6,0.0,0.0,0.0,0.0,0.0,4.0e-6,2.0e-5,2.0e-6,0.0,0.0,0.0,0.0,0.0001,0.857373,0.00575,0.000407,0.84718,0.85368,0.85755,0.86155,0.86721,6.0e-6,3.0e-5,2.0e-6,0.0,0.0,0.0,0.0,0.0001,0.857379,0.00575,0.000407,0.84718,0.85368,0.85755,0.86155,0.86721
40.25,0.142621,0.00575,0.000407,0.13279,0.13845,0.14245,0.14633,0.15282,0.0,1.0e-5,1.0e-6,0.0,0.0,0.0,0.0,0.0,1.0e-6,1.0e-5,1.0e-6,0.0,0.0,0.0,0.0,0.0,4.0e-6,2.0e-5,1.0e-6,0.0,0.0,0.0,0.0,0.0001,0.857374,0.00575,0.000407,0.84718,0.85368,0.85755,0.86155,0.86721,5.0e-6,2.0e-5,2.0e-6,0.0,0.0,0.0,0.0,0.0001,0.857379,0.00575,0.000407,0.84718,0.85368,0.85755,0.86155,0.86721
40.5,0.142621,0.00575,0.000407,0.13279,0.13845,0.14245,0.14633,0.15282,0.0,1.0e-5,1.0e-6,0.0,0.0,0.0,0.0,0.0,1.0e-6,1.0e-5,1.0e-6,0.0,0.0,0.0,0.0,0.0,4.0e-6,2.0e-5,1.0e-6,0.0,0.0,0.0,0.0,0.0001,0.857374,0.00575,0.000407,0.84718,0.85368,0.85755,0.86155,0.86721,5.0e-6,2.0e-5,2.0e-6,0.0,0.0,0.0,0.0,0.0001,0.857379,0.00575,0.000407,0.84718,0.85368,0.85755,0.86155,0.86721
40.75,0.14262,0.00575,0.000407,0.13279,0.13845,0.14245,0.14633,0.15282,1.0e-6,1.0e-5,1.0e-6,0.0,0.0,0.0,0.0,0.0,1.0e-6,1.0e-5,1.0e-6,0.0,0.0,0.0,0.0,0.0,3.0e-6,2.0e-5,1.0e-6,0.0,0.0,0.0,0.0,0.0,0.857374,0.00575,0.000407,0.84718,0.85368,0.85755,0.86155,0.86721,5.0e-6,3.0e-5,2.0e-6,0.0,0.0,0.0,0.0,0.0001,0.85738,0.00575,0.000407,0.84718,0.85368,0.85755,0.86155,0.86721
41.0,0.14262,0.00575,0.000407,0.13279,0.13845,0.14245,0.14633,0.15282,1.0e-6,1.0e-5,1.0e-6,0.0,0.0,0.0,0.0,0.0,1.0e-6,1.0e-5,1.0e-6,0.0,0.0,0.0,0.0,0.0,2.0e-6,1.0e-5,1.0e-6,0.0,0.0,0.0,0.0,0.0,0.857376,0.00575,0.000407,0.84718,0.85368,0.85755,0.86155,0.86721,4.0e-6,2.0e-5,2.0e-6,0.0,0.0,0.0,0.0,0.0001,0.85738,0.00575,0.000407,0.84718,0.85368,0.85755,0.86155,0.86721
41.25,0.14262,0.00575,0.000407,0.13279,0.13845,0.14245,0.14633,0.15282,2.0e-6,2.0e-5,1.0e-6,0.0,0.0,0.0,0.0,0.0,1.0e-6,1.0e-5,1.0e-6,0.0,0.0,0.0,0.0,0.0,2.0e-6,1.0e-5,1.0e-6,0.0,0.0,0.0,0.0,0.0,0.857376,0.00575,0.000407,0.84718,0.85368,0.85755,0.86155,0.86721,4.0e-6,3.0e-5,2.0e-6,0.0,0.0,0.0,0.0,0.0001,0.85738,0.00575,0.000407,0.84718,0.85368,0.85755,0.86155,0.86721
41.5,0.14262,0.00575,0.000407,0.13279,0.13845,0.14245,0.14633,0.15282,2.0e-6,2.0e-5,1.0e-6,0.0,0.0,0.0,0.0,0.0,1.0e-6,1.0e-5,1.0e-6,0.0,0.0,0.0,0.0,0.0,2.0e-6,1.0e-5,1.0e-6,0.0,0.0,0.0,0.0,0.0,0.857376,0.00575,0.000407,0.84718,0.85368,0.85755,0.86155,0.86721,4.0e-6,2.0e-5,2.0e-6,0.0,0.0,0.0,0.0,0.0001,0.85738,0.00575,0.000407,0.84718,0.85368,0.85755,0.86155,0.86721
41.75,0.14262,0.00575,0.000407,0.13279,0.13845,0.14245,0.14633,0.15282,1.0e-6,1.0e-5,1.0e-6,0.0,0.0,0.0,0.0,0.0,1.0e-6,1.0e-5,1.0e-6,0.0,0.0,0.0,0.0,0.0,2.0e-6,1.0e-5,1.0e-6,0.0,0.0,0.0,0.0,0.0,0.857376,0.00575,0.000407,0.84718,0.85368,0.85755,0.86155,0.86721,4.0e-6,2.0e-5,2.0e-6,0.0,0.0,0.0,0.0,0.0001,0.85738,0.00575,0.000407,0.84718,0.85368,0.85755,0.86155,0.86721
42.0,0.14262,0.00575,0.000407,0.13279,0.13845,0.14245,0.14633,0.15282,1.0e-6,1.0e-5,1.0e-6,0.0,0.0,0.0,0.0,0.0,1.0e-6,1.0e-5,1.0e-6,0.0,0.0,0.0,0.0,0.0,2.0e-6,1.0e-5,1.0e-6,0.0,0.0,0.0,0.0,0.0,0.857376,0.00575,0.000407,0.84718,0.85368,0.85755,0.86155,0.86721,4.0e-6,2.0e-5,2.0e-6,0.0,0.0,0.0,0.0,0.0001,0.85738,0.00575,0.000407,0.84718,0.85368,0.85755,0.86155,0.86721
42.25,0.14262,0.00575,0.000407,0.13279,0.13845,0.14245,0.14633,0.15282,1.0e-6,1.0e-5,1.0e-6,0.0,0.0,0.0,0.0,0.0,0.0,1.0e-5,1.0e-6,0.0,0.0,0.0,0.0,0.0,2.0e-6,1.0e-5,1.0e-6,0.0,0.0,0.0,0.0,0.0,0.857376,0.00575,0.000407,0.84718,0.85368,0.85755,0.86155,0.86721,4.0e-6,2.0e-5,1.0e-6,0.0,0.0,0.0,0.0,0.0001,0.85738,0.00575,0.000407,0.84718,0.85368,0.85755,0.86155,0.86721
42.5,0.14262,0.00575,0.000407,0.13279,0.13845,0.14245,0.14633,0.15282,1.0e-6,1.0e-5,1.0e-6,0.0,0.0,0.0,0.0,0.0,1.0e-6,1.0e-5,1.0e-6,0.0,0.0,0.0,0.0,0.0,1.0e-6,1.0e-5,1.0e-6,0.0,0.0,0.0,0.0,0.0,0.857378,0.00575,0.000407,0.84718,0.85368,0.85755,0.86155,0.86721,3.0e-6,2.0e-5,1.0e-6,0.0,0.0,0.0,0.0,0.0,0.85738,0.00575,0.000407,0.84718,0.85368,0.85755,0.86155,0.86721
42.75,0.14262,0.00575,0.000407,0.13279,0.13845,0.14245,0.14633,0.15282,1.0e-6,1.0e-5,1.0e-6,0.0,0.0,0.0,0.0,0.0,1.0e-6,1.0e-5,1.0e-6,0.0,0.0,0.0,0.0,0.0,1.0e-6,1.0e-5,1.0e-6,0.0,0.0,0.0,0.0,0.0,0.857378,0.00575,0.000407,0.84718,0.85368,0.85755,0.86155,0.86721,3.0e-6,2.0e-5,1.0e-6,0.0,0.0,0.0,0.0,0.0,0.85738,0.00575,0.000407,0.84718,0.85368,0.85755,0.86155,0.86721
43.0,0.14262,0.00575,0.000407,0.13279,0.13845,0.14245,0.14633,0.15282,1.0e-6,1.0e-5,1.0e-6,0.0,0.0,0.0,0.0,0.0,1.0e-6,1.0e-5,1.0e-6,0.0,0.0,0.0,0.0,0.0,1.0e-6,1.0e-5,1.0e-6,0.0,0.0,0.0,0.0,0.0,0.857378,0.00575,0.000407,0.84718,0.85368,0.85755,0.86155,0.86721,3.0e-6,2.0e-5,1.0e-6,0.0,0.0,0.0,0.0,0.0,0.85738,0.00575,0.000407,0.84718,0.85368,0.85755,0.86155,0.86721
43.25,0.142619,0.00575,0.000407,0.13279,0.13845,0.14245,0.14633,0.15282,2.0e-6,2.0e-5,1.0e-6,0.0,0.0,0.0,0.0,0.0,1.0e-6,1.0e-5,1.0e-6,0.0,0.0,0.0,0.0,0.0,1.0e-6,1.0e-5,1.0e-6,0.0,0.0,0.0,0.0,0.0,0.857378,0.00575,0.000407,0.84718,0.85368,0.85755,0.86155,0.86721,4.0e-6,2.0e-5,2.0e-6,0.0,0.0,0.0,0.0,0.0,0.857381,0.00575,0.000407,0.84718,0.85368,0.85755,0.86155,0.86721
43.5,0.142619,0.00575,0.000407,0.13279,0.13845,0.14245,0.14633,0.15282,1.0e-6,1.0e-5,1.0e-6,0.0,0.0,0.0,0.0,0.0,2.0e-6,1.0e-5,1.0e-6,0.0,0.0,0.0,0.0,0.0,1.0e-6,1.0e-5,1.0e-6,0.0,0.0,0.0,0.0,0.0,0.857378,0.00575,0.000407,0.84718,0.85368,0.85755,0.86155,0.86721,4.0e-6,2.0e-5,2.0e-6,0.0,0.0,0.0,0.0,0.0,0.857381,0.00575,0.000407,0.84718,0.85368,0.85755,0.86155,0.86721
43.75,0.142619,0.00575,0.000407,0.13279,0.13845,0.14245,0.14633,0.15282,1.0e-6,1.0e-5,1.0e-6,0.0,0.0,0.0,0.0,0.0,1.0e-6,1.0e-5,1.0e-6,0.0,0.0,0.0,0.0,0.0,0.0,1.0e-5,1.0e-6,0.0,0.0,0.0,0.0,0.0,0.857378,0.00575,0.000407,0.84718,0.85368,0.85755,0.86155,0.86721,2.0e-6,2.0e-5,1.0e-6,0.0,0.0,0.0,0.0,0.0,0.857381,0.00575,0.000407,0.84718,0.85368,0.85755,0.86155,0.86721
44.0,0.142619,0.00575,0.000407,0.13279,0.13845,0.14245,0.14633,0.15282,1.0e-6,1.0e-5,1.0e-6,0.0,0.0,0.0,0.0,0.0,1.0e-6,1.0e-5,1.0e-6,0.0,0.0,0.0,0.0,0.0,0.0,0.0,0.0,0.0,0.0,0.0,0.0,0.0,0.857379,0.00575,0.000407,0.84718,0.85368,0.85755,0.86155,0.86721,2.0e-6,2.0e-5,1.0e-6,0.0,0.0,0.0,0.0,0.0,0.857381,0.00575,0.000407,0.84718,0.85368,0.85755,0.86155,0.86721
44.25,0.142619,0.00575,0.000407,0.13279,0.13845,0.14245,0.14633,0.15282,0.0,1.0e-5,1.0e-6,0.0,0.0,0.0,0.0,0.0,2.0e-6,1.0e-5,1.0e-6,0.0,0.0,0.0,0.0,0.0,0.0,0.0,0.0,0.0,0.0,0.0,0.0,0.0,0.857379,0.00575,0.000407,0.84718,0.85368,0.85755,0.86155,0.86721,2.0e-6,2.0e-5,1.0e-6,0.0,0.0,0.0,0.0,0.0,0.857381,0.00575,0.000407,0.84718,0.85368,0.85755,0.86155,0.86721
44.5,0.142619,0.00575,0.000407,0.13279,0.13845,0.14245,0.14633,0.15282,0.0,1.0e-5,1.0e-6,0.0,0.0,0.0,0.0,0.0,2.0e-6,1.0e-5,1.0e-6,0.0,0.0,0.0,0.0,0.0,0.0,0.0,0.0,0.0,0.0,0.0,0.0,0.0,0.857379,0.00575,0.000407,0.84718,0.85368,0.85755,0.86155,0.86721,2.0e-6,2.0e-5,1.0e-6,0.0,0.0,0.0,0.0,0.0,0.857381,0.00575,0.000407,0.84718,0.85368,0.85755,0.86155,0.86721
44.75,0.142619,0.00575,0.000407,0.13279,0.13845,0.14245,0.14633,0.15282,0.0,1.0e-5,1.0e-6,0.0,0.0,0.0,0.0,0.0,2.0e-6,1.0e-5,1.0e-6,0.0,0.0,0.0,0.0,0.0,0.0,0.0,0.0,0.0,0.0,0.0,0.0,0.0,0.857379,0.00575,0.000407,0.84718,0.85368,0.85755,0.86155,0.86721,2.0e-6,2.0e-5,1.0e-6,0.0,0.0,0.0,0.0,0.0,0.857381,0.00575,0.000407,0.84718,0.85368,0.85755,0.86155,0.86721
45.0,0.142619,0.00575,0.000407,0.13279,0.13845,0.14245,0.14633,0.15282,0.0,1.0e-5,1.0e-6,0.0,0.0,0.0,0.0,0.0,1.0e-6,1.0e-5,1.0e-6,0.0,0.0,0.0,0.0,0.0,0.0,0.0,0.0,0.0,0.0,0.0,0.0,0.0,0.85738,0.00575,0.000407,0.84718,0.85368,0.85755,0.86155,0.86721,2.0e-6,1.0e-5,1.0e-6,0.0,0.0,0.0,0.0,0.0,0.857381,0.00575,0.000407,0.84718,0.85368,0.85755,0.86155,0.86721
45.25,0.142619,0.00575,0.000407,0.13279,0.13845,0.14245,0.14633,0.15282,0.0,1.0e-5,1.0e-6,0.0,0.0,0.0,0.0,0.0,1.0e-6,1.0e-5,1.0e-6,0.0,0.0,0.0,0.0,0.0,0.0,0.0,0.0,0.0,0.0,0.0,0.0,0.0,0.85738,0.00575,0.000407,0.84718,0.85368,0.85755,0.86155,0.86721,2.0e-6,1.0e-5,1.0e-6,0.0,0.0,0.0,0.0,0.0,0.857381,0.00575,0.000407,0.84718,0.85368,0.85755,0.86155,0.86721
45.5,0.142619,0.00575,0.000407,0.13279,0.13845,0.14245,0.14633,0.15282,0.0,1.0e-5,1.0e-6,0.0,0.0,0.0,0.0,0.0,0.0,1.0e-5,1.0e-6,0.0,0.0,0.0,0.0,0.0,0.0,1.0e-5,1.0e-6,0.0,0.0,0.0,0.0,0.0,0.85738,0.00575,0.000407,0.84718,0.85368,0.85755,0.86155,0.86721,2.0e-6,1.0e-5,1.0e-6,0.0,0.0,0.0,0.0,0.0,0.857381,0.00575,0.000407,0.84718,0.85368,0.85755,0.86155,0.86721
45.75,0.142619,0.00575,0.000407,0.13279,0.13845,0.14245,0.14633,0.15282,0.0,1.0e-5,1.0e-6,0.0,0.0,0.0,0.0,0.0,0.0,1.0e-5,1.0e-6,0.0,0.0,0.0,0.0,0.0,0.0,1.0e-5,1.0e-6,0.0,0.0,0.0,0.0,0.0,0.85738,0.00575,0.000407,0.84718,0.85368,0.85755,0.86155,0.86721,2.0e-6,1.0e-5,1.0e-6,0.0,0.0,0.0,0.0,0.0,0.857381,0.00575,0.000407,0.84718,0.85368,0.85755,0.86155,0.86721
46.0,0.142619,0.00575,0.000407,0.13279,0.13845,0.14245,0.14633,0.15282,0.0,1.0e-5,1.0e-6,0.0,0.0,0.0,0.0,0.0,0.0,0.0,0.0,0.0,0.0,0.0,0.0,0.0,1.0e-6,1.0e-5,1.0e-6,0.0,0.0,0.0,0.0,0.0,0.85738,0.00575,0.000407,0.84718,0.85368,0.85755,0.86155,0.86721,2.0e-6,1.0e-5,1.0e-6,0.0,0.0,0.0,0.0,0.0,0.857381,0.00575,0.000407,0.84718,0.85368,0.85755,0.86155,0.86721
46.25,0.142619,0.00575,0.000407,0.13279,0.13845,0.14245,0.14633,0.15282,0.0,1.0e-5,1.0e-6,0.0,0.0,0.0,0.0,0.0,0.0,0.0,0.0,0.0,0.0,0.0,0.0,0.0,1.0e-6,1.0e-5,1.0e-6,0.0,0.0,0.0,0.0,0.0,0.85738,0.00575,0.000407,0.84718,0.85368,0.85755,0.86155,0.86721,2.0e-6,1.0e-5,1.0e-6,0.0,0.0,0.0,0.0,0.0,0.857381,0.00575,0.000407,0.84718,0.85368,0.85755,0.86155,0.86721
46.5,0.142619,0.00575,0.000407,0.13279,0.13845,0.14245,0.14633,0.15282,0.0,1.0e-5,1.0e-6,0.0,0.0,0.0,0.0,0.0,0.0,0.0,0.0,0.0,0.0,0.0,0.0,0.0,0.0,1.0e-5,1.0e-6,0.0,0.0,0.0,0.0,0.0,0.85738,0.00575,0.000407,0.84718,0.85368,0.85755,0.86155,0.86721,1.0e-6,1.0e-5,1.0e-6,0.0,0.0,0.0,0.0,0.0,0.857381,0.00575,0.000407,0.84718,0.85368,0.85755,0.86155,0.86721
46.75,0.142619,0.00575,0.000407,0.13279,0.13845,0.14245,0.14633,0.15282,0.0,0.0,0.0,0.0,0.0,0.0,0.0,0.0,0.0,0.0,0.0,0.0,0.0,0.0,0.0,0.0,1.0e-6,1.0e-5,1.0e-6,0.0,0.0,0.0,0.0,0.0,0.85738,0.00575,0.000407,0.84718,0.85368,0.85755,0.86155,0.86721,1.0e-6,1.0e-5,1.0e-6,0.0,0.0,0.0,0.0,0.0,0.857381,0.00575,0.000407,0.84718,0.85368,0.85755,0.86155,0.86721
47.0,0.142619,0.00575,0.000407,0.13279,0.13845,0.14245,0.14633,0.15282,0.0,0.0,0.0,0.0,0.0,0.0,0.0,0.0,0.0,0.0,0.0,0.0,0.0,0.0,0.0,0.0,1.0e-6,1.0e-5,1.0e-6,0.0,0.0,0.0,0.0,0.0,0.85738,0.00575,0.000407,0.84718,0.85368,0.85755,0.86155,0.86721,1.0e-6,1.0e-5,1.0e-6,0.0,0.0,0.0,0.0,0.0,0.857381,0.00575,0.000407,0.84718,0.85368,0.85755,0.86155,0.86721
47.25,0.142619,0.00575,0.000407,0.13279,0.13845,0.14245,0.14633,0.15282,0.0,0.0,0.0,0.0,0.0,0.0,0.0,0.0,0.0,0.0,0.0,0.0,0.0,0.0,0.0,0.0,0.0,0.0,0.0,0.0,0.0,0.0,0.0,0.0,0.857381,0.00575,0.000407,0.84718,0.85368,0.85755,0.86155,0.86721,0.0,0.0,0.0,0.0,0.0,0.0,0.0,0.0,0.857381,0.00575,0.000407,0.84718,0.85368,0.85755,0.86155,0.86721
47.5,0.142619,0.00575,0.000407,0.13279,0.13845,0.14245,0.14633,0.15282,0.0,0.0,0.0,0.0,0.0,0.0,0.0,0.0,0.0,0.0,0.0,0.0,0.0,0.0,0.0,0.0,0.0,0.0,0.0,0.0,0.0,0.0,0.0,0.0,0.857381,0.00575,0.000407,0.84718,0.85368,0.85755,0.86155,0.86721,0.0,0.0,0.0,0.0,0.0,0.0,0.0,0.0,0.857381,0.00575,0.000407,0.84718,0.85368,0.85755,0.86155,0.86721
47.75,0.142619,0.00575,0.000407,0.13279,0.13845,0.14245,0.14633,0.15282,0.0,0.0,0.0,0.0,0.0,0.0,0.0,0.0,0.0,0.0,0.0,0.0,0.0,0.0,0.0,0.0,0.0,0.0,0.0,0.0,0.0,0.0,0.0,0.0,0.857381,0.00575,0.000407,0.84718,0.85368,0.85755,0.86155,0.86721,0.0,0.0,0.0,0.0,0.0,0.0,0.0,0.0,0.857381,0.00575,0.000407,0.84718,0.85368,0.85755,0.86155,0.86721
48.0,0.142619,0.00575,0.000407,0.13279,0.13845,0.14245,0.14633,0.15282,0.0,0.0,0.0,0.0,0.0,0.0,0.0,0.0,0.0,0.0,0.0,0.0,0.0,0.0,0.0,0.0,0.0,0.0,0.0,0.0,0.0,0.0,0.0,0.0,0.857381,0.00575,0.000407,0.84718,0.85368,0.85755,0.86155,0.86721,0.0,0.0,0.0,0.0,0.0,0.0,0.0,0.0,0.857381,0.00575,0.000407,0.84718,0.85368,0.85755,0.86155,0.86721
48.25,0.142619,0.00575,0.000407,0.13279,0.13845,0.14245,0.14633,0.15282,0.0,0.0,0.0,0.0,0.0,0.0,0.0,0.0,0.0,0.0,0.0,0.0,0.0,0.0,0.0,0.0,0.0,0.0,0.0,0.0,0.0,0.0,0.0,0.0,0.857381,0.00575,0.000407,0.84718,0.85368,0.85755,0.86155,0.86721,0.0,0.0,0.0,0.0,0.0,0.0,0.0,0.0,0.857381,0.00575,0.000407,0.84718,0.85368,0.85755,0.86155,0.86721
48.5,0.142619,0.00575,0.000407,0.13279,0.13845,0.14245,0.14633,0.15282,0.0,0.0,0.0,0.0,0.0,0.0,0.0,0.0,0.0,0.0,0.0,0.0,0.0,0.0,0.0,0.0,0.0,0.0,0.0,0.0,0.0,0.0,0.0,0.0,0.857381,0.00575,0.000407,0.84718,0.85368,0.85755,0.86155,0.86721,0.0,0.0,0.0,0.0,0.0,0.0,0.0,0.0,0.857381,0.00575,0.000407,0.84718,0.85368,0.85755,0.86155,0.86721
48.75,0.142619,0.00575,0.000407,0.13279,0.13845,0.14245,0.14633,0.15282,0.0,0.0,0.0,0.0,0.0,0.0,0.0,0.0,0.0,0.0,0.0,0.0,0.0,0.0,0.0,0.0,0.0,0.0,0.0,0.0,0.0,0.0,0.0,0.0,0.857381,0.00575,0.000407,0.84718,0.85368,0.85755,0.86155,0.86721,0.0,0.0,0.0,0.0,0.0,0.0,0.0,0.0,0.857381,0.00575,0.000407,0.84718,0.85368,0.85755,0.86155,0.86721
49.0,0.142619,0.00575,0.000407,0.13279,0.13845,0.14245,0.14633,0.15282,0.0,0.0,0.0,0.0,0.0,0.0,0.0,0.0,0.0,0.0,0.0,0.0,0.0,0.0,0.0,0.0,0.0,0.0,0.0,0.0,0.0,0.0,0.0,0.0,0.857381,0.00575,0.000407,0.84718,0.85368,0.85755,0.86155,0.86721,0.0,0.0,0.0,0.0,0.0,0.0,0.0,0.0,0.857381,0.00575,0.000407,0.84718,0.85368,0.85755,0.86155,0.86721
49.25,0.142619,0.00575,0.000407,0.13279,0.13845,0.14245,0.14633,0.15282,0.0,0.0,0.0,0.0,0.0,0.0,0.0,0.0,0.0,0.0,0.0,0.0,0.0,0.0,0.0,0.0,0.0,0.0,0.0,0.0,0.0,0.0,0.0,0.0,0.857381,0.00575,0.000407,0.84718,0.85368,0.85755,0.86155,0.86721,0.0,0.0,0.0,0.0,0.0,0.0,0.0,0.0,0.857381,0.00575,0.000407,0.84718,0.85368,0.85755,0.86155,0.86721
49.5,0.142619,0.00575,0.000407,0.13279,0.13845,0.14245,0.14633,0.15282,0.0,0.0,0.0,0.0,0.0,0.0,0.0,0.0,0.0,0.0,0.0,0.0,0.0,0.0,0.0,0.0,0.0,0.0,0.0,0.0,0.0,0.0,0.0,0.0,0.857381,0.00575,0.000407,0.84718,0.85368,0.85755,0.86155,0.86721,0.0,0.0,0.0,0.0,0.0,0.0,0.0,0.0,0.857381,0.00575,0.000407,0.84718,0.85368,0.85755,0.86155,0.86721
49.75,0.142619,0.00575,0.000407,0.13279,0.13845,0.14245,0.14633,0.15282,0.0,0.0,0.0,0.0,0.0,0.0,0.0,0.0,0.0,0.0,0.0,0.0,0.0,0.0,0.0,0.0,0.0,0.0,0.0,0.0,0.0,0.0,0.0,0.0,0.857381,0.00575,0.000407,0.84718,0.85368,0.85755,0.86155,0.86721,0.0,0.0,0.0,0.0,0.0,0.0,0.0,0.0,0.857381,0.00575,0.000407,0.84718,0.85368,0.85755,0.86155,0.86721
50.0,0.142619,0.00575,0.000407,0.13279,0.13845,0.14245,0.14633,0.15282,0.0,0.0,0.0,0.0,0.0,0.0,0.0,0.0,0.0,0.0,0.0,0.0,0.0,0.0,0.0,0.0,0.0,0.0,0.0,0.0,0.0,0.0,0.0,0.0,0.857381,0.00575,0.000407,0.84718,0.85368,0.85755,0.86155,0.86721,0.0,0.0,0.0,0.0,0.0,0.0,0.0,0.0,0.857381,0.00575,0.000407,0.84718,0.85368,0.85755,0.86155,0.86721
50.25,0.142619,0.00575,0.000407,0.13279,0.13845,0.14245,0.14633,0.15282,0.0,0.0,0.0,0.0,0.0,0.0,0.0,0.0,0.0,0.0,0.0,0.0,0.0,0.0,0.0,0.0,0.0,0.0,0.0,0.0,0.0,0.0,0.0,0.0,0.857381,0.00575,0.000407,0.84718,0.85368,0.85755,0.86155,0.86721,0.0,0.0,0.0,0.0,0.0,0.0,0.0,0.0,0.857381,0.00575,0.000407,0.84718,0.85368,0.85755,0.86155,0.86721
50.5,0.142619,0.00575,0.000407,0.13279,0.13845,0.14245,0.14633,0.15282,0.0,0.0,0.0,0.0,0.0,0.0,0.0,0.0,0.0,0.0,0.0,0.0,0.0,0.0,0.0,0.0,0.0,0.0,0.0,0.0,0.0,0.0,0.0,0.0,0.857381,0.00575,0.000407,0.84718,0.85368,0.85755,0.86155,0.86721,0.0,0.0,0.0,0.0,0.0,0.0,0.0,0.0,0.857381,0.00575,0.000407,0.84718,0.85368,0.85755,0.86155,0.86721
50.75,0.142619,0.00575,0.000407,0.13279,0.13845,0.14245,0.14633,0.15282,0.0,0.0,0.0,0.0,0.0,0.0,0.0,0.0,0.0,0.0,0.0,0.0,0.0,0.0,0.0,0.0,0.0,0.0,0.0,0.0,0.0,0.0,0.0,0.0,0.857381,0.00575,0.000407,0.84718,0.85368,0.85755,0.86155,0.86721,0.0,0.0,0.0,0.0,0.0,0.0,0.0,0.0,0.857381,0.00575,0.000407,0.84718,0.85368,0.85755,0.86155,0.86721
51.0,0.142619,0.00575,0.000407,0.13279,0.13845,0.14245,0.14633,0.15282,0.0,0.0,0.0,0.0,0.0,0.0,0.0,0.0,0.0,0.0,0.0,0.0,0.0,0.0,0.0,0.0,0.0,0.0,0.0,0.0,0.0,0.0,0.0,0.0,0.857381,0.00575,0.000407,0.84718,0.85368,0.85755,0.86155,0.86721,0.0,0.0,0.0,0.0,0.0,0.0,0.0,0.0,0.857381,0.00575,0.000407,0.84718,0.85368,0.85755,0.86155,0.86721
51.25,0.142619,0.00575,0.000407,0.13279,0.13845,0.14245,0.14633,0.15282,0.0,0.0,0.0,0.0,0.0,0.0,0.0,0.0,0.0,0.0,0.0,0.0,0.0,0.0,0.0,0.0,0.0,0.0,0.0,0.0,0.0,0.0,0.0,0.0,0.857381,0.00575,0.000407,0.84718,0.85368,0.85755,0.86155,0.86721,0.0,0.0,0.0,0.0,0.0,0.0,0.0,0.0,0.857381,0.00575,0.000407,0.84718,0.85368,0.85755,0.86155,0.86721
51.5,0.142619,0.00575,0.000407,0.13279,0.13845,0.14245,0.14633,0.15282,0.0,0.0,0.0,0.0,0.0,0.0,0.0,0.0,0.0,0.0,0.0,0.0,0.0,0.0,0.0,0.0,0.0,0.0,0.0,0.0,0.0,0.0,0.0,0.0,0.857381,0.00575,0.000407,0.84718,0.85368,0.85755,0.86155,0.86721,0.0,0.0,0.0,0.0,0.0,0.0,0.0,0.0,0.857381,0.00575,0.000407,0.84718,0.85368,0.85755,0.86155,0.86721
51.75,0.142619,0.00575,0.000407,0.13279,0.13845,0.14245,0.14633,0.15282,0.0,0.0,0.0,0.0,0.0,0.0,0.0,0.0,0.0,0.0,0.0,0.0,0.0,0.0,0.0,0.0,0.0,0.0,0.0,0.0,0.0,0.0,0.0,0.0,0.857381,0.00575,0.000407,0.84718,0.85368,0.85755,0.86155,0.86721,0.0,0.0,0.0,0.0,0.0,0.0,0.0,0.0,0.857381,0.00575,0.000407,0.84718,0.85368,0.85755,0.86155,0.86721
52.0,0.142619,0.00575,0.000407,0.13279,0.13845,0.14245,0.14633,0.15282,0.0,0.0,0.0,0.0,0.0,0.0,0.0,0.0,0.0,0.0,0.0,0.0,0.0,0.0,0.0,0.0,0.0,0.0,0.0,0.0,0.0,0.0,0.0,0.0,0.857381,0.00575,0.000407,0.84718,0.85368,0.85755,0.86155,0.86721,0.0,0.0,0.0,0.0,0.0,0.0,0.0,0.0,0.857381,0.00575,0.000407,0.84718,0.85368,0.85755,0.86155,0.86721
52.25,0.142619,0.00575,0.000407,0.13279,0.13845,0.14245,0.14633,0.15282,0.0,0.0,0.0,0.0,0.0,0.0,0.0,0.0,0.0,0.0,0.0,0.0,0.0,0.0,0.0,0.0,0.0,0.0,0.0,0.0,0.0,0.0,0.0,0.0,0.857381,0.00575,0.000407,0.84718,0.85368,0.85755,0.86155,0.86721,0.0,0.0,0.0,0.0,0.0,0.0,0.0,0.0,0.857381,0.00575,0.000407,0.84718,0.85368,0.85755,0.86155,0.86721
52.5,0.142619,0.00575,0.000407,0.13279,0.13845,0.14245,0.14633,0.15282,0.0,0.0,0.0,0.0,0.0,0.0,0.0,0.0,0.0,0.0,0.0,0.0,0.0,0.0,0.0,0.0,0.0,0.0,0.0,0.0,0.0,0.0,0.0,0.0,0.857381,0.00575,0.000407,0.84718,0.85368,0.85755,0.86155,0.86721,0.0,0.0,0.0,0.0,0.0,0.0,0.0,0.0,0.857381,0.00575,0.000407,0.84718,0.85368,0.85755,0.86155,0.86721
52.75,0.142619,0.00575,0.000407,0.13279,0.13845,0.14245,0.14633,0.15282,0.0,0.0,0.0,0.0,0.0,0.0,0.0,0.0,0.0,0.0,0.0,0.0,0.0,0.0,0.0,0.0,0.0,0.0,0.0,0.0,0.0,0.0,0.0,0.0,0.857381,0.00575,0.000407,0.84718,0.85368,0.85755,0.86155,0.86721,0.0,0.0,0.0,0.0,0.0,0.0,0.0,0.0,0.857381,0.00575,0.000407,0.84718,0.85368,0.85755,0.86155,0.86721
53.0,0.142619,0.00575,0.000407,0.13279,0.13845,0.14245,0.14633,0.15282,0.0,0.0,0.0,0.0,0.0,0.0,0.0,0.0,0.0,0.0,0.0,0.0,0.0,0.0,0.0,0.0,0.0,0.0,0.0,0.0,0.0,0.0,0.0,0.0,0.857381,0.00575,0.000407,0.84718,0.85368,0.85755,0.86155,0.86721,0.0,0.0,0.0,0.0,0.0,0.0,0.0,0.0,0.857381,0.00575,0.000407,0.84718,0.85368,0.85755,0.86155,0.86721
53.25,0.142619,0.00575,0.000407,0.13279,0.13845,0.14245,0.14633,0.15282,0.0,0.0,0.0,0.0,0.0,0.0,0.0,0.0,0.0,0.0,0.0,0.0,0.0,0.0,0.0,0.0,0.0,0.0,0.0,0.0,0.0,0.0,0.0,0.0,0.857381,0.00575,0.000407,0.84718,0.85368,0.85755,0.86155,0.86721,0.0,0.0,0.0,0.0,0.0,0.0,0.0,0.0,0.857381,0.00575,0.000407,0.84718,0.85368,0.85755,0.86155,0.86721
53.5,0.142619,0.00575,0.000407,0.13279,0.13845,0.14245,0.14633,0.15282,0.0,0.0,0.0,0.0,0.0,0.0,0.0,0.0,0.0,0.0,0.0,0.0,0.0,0.0,0.0,0.0,0.0,0.0,0.0,0.0,0.0,0.0,0.0,0.0,0.857381,0.00575,0.000407,0.84718,0.85368,0.85755,0.86155,0.86721,0.0,0.0,0.0,0.0,0.0,0.0,0.0,0.0,0.857381,0.00575,0.000407,0.84718,0.85368,0.85755,0.86155,0.86721
53.75,0.142619,0.00575,0.000407,0.13279,0.13845,0.14245,0.14633,0.15282,0.0,0.0,0.0,0.0,0.0,0.0,0.0,0.0,0.0,0.0,0.0,0.0,0.0,0.0,0.0,0.0,0.0,0.0,0.0,0.0,0.0,0.0,0.0,0.0,0.857381,0.00575,0.000407,0.84718,0.85368,0.85755,0.86155,0.86721,0.0,0.0,0.0,0.0,0.0,0.0,0.0,0.0,0.857381,0.00575,0.000407,0.84718,0.85368,0.85755,0.86155,0.86721
54.0,0.142619,0.00575,0.000407,0.13279,0.13845,0.14245,0.14633,0.15282,0.0,0.0,0.0,0.0,0.0,0.0,0.0,0.0,0.0,0.0,0.0,0.0,0.0,0.0,0.0,0.0,0.0,0.0,0.0,0.0,0.0,0.0,0.0,0.0,0.857381,0.00575,0.000407,0.84718,0.85368,0.85755,0.86155,0.86721,0.0,0.0,0.0,0.0,0.0,0.0,0.0,0.0,0.857381,0.00575,0.000407,0.84718,0.85368,0.85755,0.86155,0.86721
54.25,0.142619,0.00575,0.000407,0.13279,0.13845,0.14245,0.14633,0.15282,0.0,0.0,0.0,0.0,0.0,0.0,0.0,0.0,0.0,0.0,0.0,0.0,0.0,0.0,0.0,0.0,0.0,0.0,0.0,0.0,0.0,0.0,0.0,0.0,0.857381,0.00575,0.000407,0.84718,0.85368,0.85755,0.86155,0.86721,0.0,0.0,0.0,0.0,0.0,0.0,0.0,0.0,0.857381,0.00575,0.000407,0.84718,0.85368,0.85755,0.86155,0.86721
54.5,0.142619,0.00575,0.000407,0.13279,0.13845,0.14245,0.14633,0.15282,0.0,0.0,0.0,0.0,0.0,0.0,0.0,0.0,0.0,0.0,0.0,0.0,0.0,0.0,0.0,0.0,0.0,0.0,0.0,0.0,0.0,0.0,0.0,0.0,0.857381,0.00575,0.000407,0.84718,0.85368,0.85755,0.86155,0.86721,0.0,0.0,0.0,0.0,0.0,0.0,0.0,0.0,0.857381,0.00575,0.000407,0.84718,0.85368,0.85755,0.86155,0.86721
54.75,0.142619,0.00575,0.000407,0.13279,0.13845,0.14245,0.14633,0.15282,0.0,0.0,0.0,0.0,0.0,0.0,0.0,0.0,0.0,0.0,0.0,0.0,0.0,0.0,0.0,0.0,0.0,0.0,0.0,0.0,0.0,0.0,0.0,0.0,0.857381,0.00575,0.000407,0.84718,0.85368,0.85755,0.86155,0.86721,0.0,0.0,0.0,0.0,0.0,0.0,0.0,0.0,0.857381,0.00575,0.000407,0.84718,0.85368,0.85755,0.86155,0.86721
55.0,0.142619,0.00575,0.000407,0.13279,0.13845,0.14245,0.14633,0.15282,0.0,0.0,0.0,0.0,0.0,0.0,0.0,0.0,0.0,0.0,0.0,0.0,0.0,0.0,0.0,0.0,0.0,0.0,0.0,0.0,0.0,0.0,0.0,0.0,0.857381,0.00575,0.000407,0.84718,0.85368,0.85755,0.86155,0.86721,0.0,0.0,0.0,0.0,0.0,0.0,0.0,0.0,0.857381,0.00575,0.000407,0.84718,0.85368,0.85755,0.86155,0.86721
55.25,0.142619,0.00575,0.000407,0.13279,0.13845,0.14245,0.14633,0.15282,0.0,0.0,0.0,0.0,0.0,0.0,0.0,0.0,0.0,0.0,0.0,0.0,0.0,0.0,0.0,0.0,0.0,0.0,0.0,0.0,0.0,0.0,0.0,0.0,0.857381,0.00575,0.000407,0.84718,0.85368,0.85755,0.86155,0.86721,0.0,0.0,0.0,0.0,0.0,0.0,0.0,0.0,0.857381,0.00575,0.000407,0.84718,0.85368,0.85755,0.86155,0.86721
55.5,0.142619,0.00575,0.000407,0.13279,0.13845,0.14245,0.14633,0.15282,0.0,0.0,0.0,0.0,0.0,0.0,0.0,0.0,0.0,0.0,0.0,0.0,0.0,0.0,0.0,0.0,0.0,0.0,0.0,0.0,0.0,0.0,0.0,0.0,0.857381,0.00575,0.000407,0.84718,0.85368,0.85755,0.86155,0.86721,0.0,0.0,0.0,0.0,0.0,0.0,0.0,0.0,0.857381,0.00575,0.000407,0.84718,0.85368,0.85755,0.86155,0.86721
55.75,0.142619,0.00575,0.000407,0.13279,0.13845,0.14245,0.14633,0.15282,0.0,0.0,0.0,0.0,0.0,0.0,0.0,0.0,0.0,0.0,0.0,0.0,0.0,0.0,0.0,0.0,0.0,0.0,0.0,0.0,0.0,0.0,0.0,0.0,0.857381,0.00575,0.000407,0.84718,0.85368,0.85755,0.86155,0.86721,0.0,0.0,0.0,0.0,0.0,0.0,0.0,0.0,0.857381,0.00575,0.000407,0.84718,0.85368,0.85755,0.86155,0.86721
56.0,0.142619,0.00575,0.000407,0.13279,0.13845,0.14245,0.14633,0.15282,0.0,0.0,0.0,0.0,0.0,0.0,0.0,0.0,0.0,0.0,0.0,0.0,0.0,0.0,0.0,0.0,0.0,0.0,0.0,0.0,0.0,0.0,0.0,0.0,0.857381,0.00575,0.000407,0.84718,0.85368,0.85755,0.86155,0.86721,0.0,0.0,0.0,0.0,0.0,0.0,0.0,0.0,0.857381,0.00575,0.000407,0.84718,0.85368,0.85755,0.86155,0.86721
56.25,0.142619,0.00575,0.000407,0.13279,0.13845,0.14245,0.14633,0.15282,0.0,0.0,0.0,0.0,0.0,0.0,0.0,0.0,0.0,0.0,0.0,0.0,0.0,0.0,0.0,0.0,0.0,0.0,0.0,0.0,0.0,0.0,0.0,0.0,0.857381,0.00575,0.000407,0.84718,0.85368,0.85755,0.86155,0.86721,0.0,0.0,0.0,0.0,0.0,0.0,0.0,0.0,0.857381,0.00575,0.000407,0.84718,0.85368,0.85755,0.86155,0.86721
56.5,0.142619,0.00575,0.000407,0.13279,0.13845,0.14245,0.14633,0.15282,0.0,0.0,0.0,0.0,0.0,0.0,0.0,0.0,0.0,0.0,0.0,0.0,0.0,0.0,0.0,0.0,0.0,0.0,0.0,0.0,0.0,0.0,0.0,0.0,0.857381,0.00575,0.000407,0.84718,0.85368,0.85755,0.86155,0.86721,0.0,0.0,0.0,0.0,0.0,0.0,0.0,0.0,0.857381,0.00575,0.000407,0.84718,0.85368,0.85755,0.86155,0.86721
56.75,0.142619,0.00575,0.000407,0.13279,0.13845,0.14245,0.14633,0.15282,0.0,0.0,0.0,0.0,0.0,0.0,0.0,0.0,0.0,0.0,0.0,0.0,0.0,0.0,0.0,0.0,0.0,0.0,0.0,0.0,0.0,0.0,0.0,0.0,0.857381,0.00575,0.000407,0.84718,0.85368,0.85755,0.86155,0.86721,0.0,0.0,0.0,0.0,0.0,0.0,0.0,0.0,0.857381,0.00575,0.000407,0.84718,0.85368,0.85755,0.86155,0.86721
57.0,0.142619,0.00575,0.000407,0.13279,0.13845,0.14245,0.14633,0.15282,0.0,0.0,0.0,0.0,0.0,0.0,0.0,0.0,0.0,0.0,0.0,0.0,0.0,0.0,0.0,0.0,0.0,0.0,0.0,0.0,0.0,0.0,0.0,0.0,0.857381,0.00575,0.000407,0.84718,0.85368,0.85755,0.86155,0.86721,0.0,0.0,0.0,0.0,0.0,0.0,0.0,0.0,0.857381,0.00575,0.000407,0.84718,0.85368,0.85755,0.86155,0.86721
57.25,0.142619,0.00575,0.000407,0.13279,0.13845,0.14245,0.14633,0.15282,0.0,0.0,0.0,0.0,0.0,0.0,0.0,0.0,0.0,0.0,0.0,0.0,0.0,0.0,0.0,0.0,0.0,0.0,0.0,0.0,0.0,0.0,0.0,0.0,0.857381,0.00575,0.000407,0.84718,0.85368,0.85755,0.86155,0.86721,0.0,0.0,0.0,0.0,0.0,0.0,0.0,0.0,0.857381,0.00575,0.000407,0.84718,0.85368,0.85755,0.86155,0.86721
57.5,0.142619,0.00575,0.000407,0.13279,0.13845,0.14245,0.14633,0.15282,0.0,0.0,0.0,0.0,0.0,0.0,0.0,0.0,0.0,0.0,0.0,0.0,0.0,0.0,0.0,0.0,0.0,0.0,0.0,0.0,0.0,0.0,0.0,0.0,0.857381,0.00575,0.000407,0.84718,0.85368,0.85755,0.86155,0.86721,0.0,0.0,0.0,0.0,0.0,0.0,0.0,0.0,0.857381,0.00575,0.000407,0.84718,0.85368,0.85755,0.86155,0.86721
57.75,0.142619,0.00575,0.000407,0.13279,0.13845,0.14245,0.14633,0.15282,0.0,0.0,0.0,0.0,0.0,0.0,0.0,0.0,0.0,0.0,0.0,0.0,0.0,0.0,0.0,0.0,0.0,0.0,0.0,0.0,0.0,0.0,0.0,0.0,0.857381,0.00575,0.000407,0.84718,0.85368,0.85755,0.86155,0.86721,0.0,0.0,0.0,0.0,0.0,0.0,0.0,0.0,0.857381,0.00575,0.000407,0.84718,0.85368,0.85755,0.86155,0.86721
58.0,0.142619,0.00575,0.000407,0.13279,0.13845,0.14245,0.14633,0.15282,0.0,0.0,0.0,0.0,0.0,0.0,0.0,0.0,0.0,0.0,0.0,0.0,0.0,0.0,0.0,0.0,0.0,0.0,0.0,0.0,0.0,0.0,0.0,0.0,0.857381,0.00575,0.000407,0.84718,0.85368,0.85755,0.86155,0.86721,0.0,0.0,0.0,0.0,0.0,0.0,0.0,0.0,0.857381,0.00575,0.000407,0.84718,0.85368,0.85755,0.86155,0.86721
58.25,0.142619,0.00575,0.000407,0.13279,0.13845,0.14245,0.14633,0.15282,0.0,0.0,0.0,0.0,0.0,0.0,0.0,0.0,0.0,0.0,0.0,0.0,0.0,0.0,0.0,0.0,0.0,0.0,0.0,0.0,0.0,0.0,0.0,0.0,0.857381,0.00575,0.000407,0.84718,0.85368,0.85755,0.86155,0.86721,0.0,0.0,0.0,0.0,0.0,0.0,0.0,0.0,0.857381,0.00575,0.000407,0.84718,0.85368,0.85755,0.86155,0.86721
58.5,0.142619,0.00575,0.000407,0.13279,0.13845,0.14245,0.14633,0.15282,0.0,0.0,0.0,0.0,0.0,0.0,0.0,0.0,0.0,0.0,0.0,0.0,0.0,0.0,0.0,0.0,0.0,0.0,0.0,0.0,0.0,0.0,0.0,0.0,0.857381,0.00575,0.000407,0.84718,0.85368,0.85755,0.86155,0.86721,0.0,0.0,0.0,0.0,0.0,0.0,0.0,0.0,0.857381,0.00575,0.000407,0.84718,0.85368,0.85755,0.86155,0.86721
58.75,0.142619,0.00575,0.000407,0.13279,0.13845,0.14245,0.14633,0.15282,0.0,0.0,0.0,0.0,0.0,0.0,0.0,0.0,0.0,0.0,0.0,0.0,0.0,0.0,0.0,0.0,0.0,0.0,0.0,0.0,0.0,0.0,0.0,0.0,0.857381,0.00575,0.000407,0.84718,0.85368,0.85755,0.86155,0.86721,0.0,0.0,0.0,0.0,0.0,0.0,0.0,0.0,0.857381,0.00575,0.000407,0.84718,0.85368,0.85755,0.86155,0.86721
59.0,0.142619,0.00575,0.000407,0.13279,0.13845,0.14245,0.14633,0.15282,0.0,0.0,0.0,0.0,0.0,0.0,0.0,0.0,0.0,0.0,0.0,0.0,0.0,0.0,0.0,0.0,0.0,0.0,0.0,0.0,0.0,0.0,0.0,0.0,0.857381,0.00575,0.000407,0.84718,0.85368,0.85755,0.86155,0.86721,0.0,0.0,0.0,0.0,0.0,0.0,0.0,0.0,0.857381,0.00575,0.000407,0.84718,0.85368,0.85755,0.86155,0.86721
59.25,0.142619,0.00575,0.000407,0.13279,0.13845,0.14245,0.14633,0.15282,0.0,0.0,0.0,0.0,0.0,0.0,0.0,0.0,0.0,0.0,0.0,0.0,0.0,0.0,0.0,0.0,0.0,0.0,0.0,0.0,0.0,0.0,0.0,0.0,0.857381,0.00575,0.000407,0.84718,0.85368,0.85755,0.86155,0.86721,0.0,0.0,0.0,0.0,0.0,0.0,0.0,0.0,0.857381,0.00575,0.000407,0.84718,0.85368,0.85755,0.86155,0.86721
59.5,0.142619,0.00575,0.000407,0.13279,0.13845,0.14245,0.14633,0.15282,0.0,0.0,0.0,0.0,0.0,0.0,0.0,0.0,0.0,0.0,0.0,0.0,0.0,0.0,0.0,0.0,0.0,0.0,0.0,0.0,0.0,0.0,0.0,0.0,0.857381,0.00575,0.000407,0.84718,0.85368,0.85755,0.86155,0.86721,0.0,0.0,0.0,0.0,0.0,0.0,0.0,0.0,0.857381,0.00575,0.000407,0.84718,0.85368,0.85755,0.86155,0.86721
59.75,0.142619,0.00575,0.000407,0.13279,0.13845,0.14245,0.14633,0.15282,0.0,0.0,0.0,0.0,0.0,0.0,0.0,0.0,0.0,0.0,0.0,0.0,0.0,0.0,0.0,0.0,0.0,0.0,0.0,0.0,0.0,0.0,0.0,0.0,0.857381,0.00575,0.000407,0.84718,0.85368,0.85755,0.86155,0.86721,0.0,0.0,0.0,0.0,0.0,0.0,0.0,0.0,0.857381,0.00575,0.000407,0.84718,0.85368,0.85755,0.86155,0.86721
60.0,0.142619,0.00575,0.000407,0.13279,0.13845,0.14245,0.14633,0.15282,0.0,0.0,0.0,0.0,0.0,0.0,0.0,0.0,0.0,0.0,0.0,0.0,0.0,0.0,0.0,0.0,0.0,0.0,0.0,0.0,0.0,0.0,0.0,0.0,0.857381,0.00575,0.000407,0.84718,0.85368,0.85755,0.86155,0.86721,0.0,0.0,0.0,0.0,0.0,0.0,0.0,0.0,0.857381,0.00575,0.000407,0.84718,0.85368,0.85755,0.86155,0.86721
