run,final_size,peak_t,peak_value,major,realised.clustering,realised.erased_fraction,realised.excess_degree,realised.mean_degree
1,0.9764,10.935522,0.237,1,0.000482874,0.0,4.986,4.9842
2,0.9759,10.849925,0.252,1,0.000526089,0.0,5.00854,5.0096
3,0.9701,10.741087,0.2329,1,0.000420095,0.0,4.93821,4.9168
4,0.976,11.274433,0.2614,1,0.000468904,0.0,5.06003,5.0576
5,0.9801,11.045297,0.2496,1,0.000543465,0.0,5.03721,5.041
6,0.9774,12.200387,0.2476,1,0.000337138,0.0,4.98651,4.9966
7,0.9746,11.3996,0.2335,1,0.000532001,0.0,4.98714,4.9752
8,0.9762,11.577335,0.2448,1,0.00040397,0.0,5.02736,5.0224
9,0.9748,11.104022,0.2577,1,0.000601039,0.0,4.99896,4.9924
10,0.9748,10.52197,0.2605,1,0.000476467,0.0,5.02121,5.0158
11,0.9743,10.509163,0.2599,1,0.000549009,0.0,5.01701,5.0102
12,0.977,11.064486,0.2433,1,0.000606477,0.0,4.97706,4.9694
13,0.9753,10.455996,0.2501,1,0.000719183,0.0,4.99689,5.0088
14,0.977,10.967244,0.2421,1,0.000491604,0.0,5.0625,5.0628
15,0.9745,12.213843,0.2436,1,0.000436692,0.0,4.98476,4.9614
16,0.9766,11.601098,0.2325,1,0.000429273,0.0,5.01171,5.02
17,0.9759,11.0774,0.2467,1,0.000457412,0.0,4.99836,4.9862
18,0.9763,12.857384,0.2393,1,0.000380252,0.0,5.02156,5.0276
19,0.9788,11.802868,0.2474,1,0.000503807,0.0,4.99932,5.0026
20,0.9772,11.743036,0.2368,1,0.000380117,0.0,5.04402,5.007
21,0.9769,10.87893,0.239,1,0.000572943,0.0,5.01404,5.0126
22,0.9764,11.724678,0.2496,1,0.000446488,0.0,5.05256,5.0534
23,0.9773,10.539539,0.2441,1,0.000548738,0.0,5.01328,5.0164
24,0.9756,12.207021,0.2316,1,0.000543456,0.0,4.92138,4.9354
25,0.9762,11.666433,0.2306,1,0.000509569,0.0,4.97121,4.974
26,0.9741,11.459925,0.2366,1,0.000440198,0.0,4.95164,4.9548
27,0.9749,12.896393,0.2362,1,0.000380084,0.0,5.03822,5.0132
28,0.9741,12.138261,0.2411,1,0.000604907,0.0,4.98476,4.9746
29,0.9759,11.632926,0.2472,1,0.000511003,0.0,4.95845,4.9728
30,0.9763,12.255619,0.2285,1,0.000548507,0.0,5.0106,5.0212
31,0.9763,11.932009,0.2372,1,0.000361353,0.0,4.99206,4.9892
32,0.9767,12.4453,0.2412,1,0.000576023,0.0,4.998,5.0018
33,0.9743,11.277616,0.2582,1,0.000400254,0.0,5.0453,5.051
34,0.9769,11.766403,0.2341,1,0.000480277,0.0,4.98734,5.0098
35,0.9789,12.5464,0.2368,1,0.000450767,0.0,5.01849,5.0394
36,0.9757,12.155847,0.2387,1,0.000502192,0.0,5.02343,4.9946
37,0.9751,11.558088,0.2343,1,0.000363536,0.0,4.98085,4.9704
38,0.9767,11.830568,0.2462,1,0.000522884,0.0,5.0256,5.0232
39,0.9777,11.612214,0.2394,1,0.000559697,0.0,4.96121,4.9698
40,0.8502,10.354651,0.2576,0,0.000565322,0.0,5.0436,5.0504
41,0.9743,11.123314,0.2251,1,0.000382546,0.0,5.01339,5.0056
42,0.9736,11.447158,0.2521,1,0.000479896,0.0,5.01231,4.9888
43,0.9786,11.626938,0.2455,1,0.000637303,0.0,5.03877,5.0448
44,0.9738,11.742744,0.2462,1,0.000438771,0.0,4.96574,4.9568
45,0.9741,10.897997,0.2521,1,0.000427953,0.0,5.02837,5.0188
46,0.977,12.656482,0.2302,1,0.000487037,0.0,4.9589,4.9686
47,0.9757,10.500891,0.2538,1,0.000257581,0.0,5.07145,5.0524
48,0.9754,12.195464,0.2396,1,0.000724212,0.0,4.98588,4.985
49,0.9749,12.638897,0.2238,1,0.000627706,0.0,4.98204,4.9884
50,0.973,11.440674,0.2373,1,0.000339866,0.0,4.96616,4.9768
51,0.9793,11.07098,0.2585,1,0.000398024,0.0,5.06035,5.0642
52,0.8434,10.241342,0.2516,0,0.000685579,0.0,5.03571,5.04
53,0.9709,11.761086,0.233,1,0.000383834,0.0,5.00657,4.9956
54,0.9803,11.411542,0.2626,1,0.000519019,0.0,5.05036,5.0358
55,0.9765,12.139133,0.2466,1,0.000499097,0.0,5.0252,5.0238
56,0.9776,11.758412,0.2378,1,0.000555466,0.0,4.99457,4.9742
57,0.9768,11.714868,0.2425,1,0.000779164,0.0,4.95831,4.9698
58,0.9766,12.011426,0.2418,1,0.000524617,0.0,5.024,5.0082
59,0.9764,11.430539,0.2423,1,0.000505732,0.0,4.99647,4.9864
60,0.9791,11.514943,0.2372,1,0.000378881,0.0,5.03593,5.0314
61,0.9784,11.56096,0.2364,1,0.000501006,0.0,5.01404,5.0158
62,0.9736,11.672343,0.2464,1,0.000342555,0.0,4.94946,4.9544
63,0.9769,12.127139,0.2463,1,0.000615072,0.0,4.93552,4.9412
64,0.9764,11.536749,0.2523,1,0.000429249,0.0,5.02521,5.0068
65,0.9735,12.204196,0.2526,1,0.000672264,0.0,4.99844,4.9996
66,0.9739,11.694476,0.2459,1,0.000520948,0.0,5.03465,5.0328
67,0.9761,11.630811,0.2416,1,0.000605444,0.0,4.98294,4.972
68,0.9776,10.934887,0.2473,1,0.000571193,0.0,5.017,5.025
69,0.9736,12.219035,0.2398,1,0.000575825,0.0,5.00212,4.9994
70,0.9772,12.054156,0.2338,1,0.000510138,0.0,4.97286,4.9668
71,0.978,12.105621,0.2351,1,0.000509095,0.0,4.97104,4.9788
72,0.975,12.642656,0.2456,1,0.000353321,0.0,5.04268,5.0514
73,0.9775,11.588103,0.2521,1,0.000463226,0.0,4.94614,4.9756
74,0.9747,11.652874,0.2357,1,0.000359715,0.0,5.00056,5.0034
75,0.9784,12.01806,0.2424,1,0.00042081,0.0,5.06029,5.0718
76,0.9797,11.729414,0.2418,1,0.000425485,0.0,5.03008,5.0462
77,0.976,11.59646,0.242,1,0.000524526,0.0,5.02849,5.0046
78,0.9749,11.961238,0.2357,1,0.000401205,0.0,5.04212,5.0422
79,0.9758,11.734641,0.2328,1,0.000589099,0.0,5.0423,5.0498
80,0.9762,10.945057,0.2434,1,0.000376988,0.0,5.03958,5.053
81,0.9784,11.024897,0.248,1,0.000529674,0.0,4.98779,4.9964
82,0.978,11.398453,0.2413,1,0.000506468,0.0,4.97942,4.9962
83,0.9738,11.619755,0.2494,1,0.000556232,0.0,4.97929,4.9826
84,0.9725,11.801542,0.2338,1,0.000385647,0.0,4.99522,4.9834
85,0.9759,11.576761,0.242,1,0.00055292,0.0,5.00048,4.9912
86,0.9727,11.641787,0.2457,1,0.000581072,0.0,4.97926,4.977
87,0.9765,11.401656,0.2508,1,0.000505862,0.0,4.98399,4.9976
88,0.9762,11.97604,0.2428,1,0.000649846,0.0,4.99159,4.9942
89,0.9772,11.026002,0.2498,1,0.000521983,0.0,5.03328,5.0242
90,0.9772,11.442313,0.2453,1,0.000645434,0.0,5.01527,5.0046
91,0.9728,10.666213,0.2325,1,0.000713329,0.0,5.03106,5.0156
92,0.9761,11.301522,0.2471,1,0.000602448,0.0,4.98546,4.9942
93,0.9779,11.154889,0.2399,1,0.000379984,0.0,5.0285,5.0242
94,0.9757,12.286974,0.2426,1,0.00033703,0.0,4.98173,5.003
95,0.9735,12.676461,0.2195,1,0.000508151,0.0,4.98448,4.9746
96,0.9801,11.58293,0.2503,1,0.000447294,0.0,5.04565,5.0512
97,0.9793,10.322615,0.2635,1,0.000468809,0.0,5.07169,5.047
98,0.9748,10.865197,0.2389,1,0.000441844,0.0,4.94677,4.9412
99,0.9785,10.955446,0.2495,1,0.000568267,0.0,5.03241,5.0354
100,0.9782,11.731659,0.2463,1,0.000453558,0.0,5.00111,5.0258
101,0.9742,11.271353,0.2462,1,0.000533489,0.0,4.98124,4.9672
102,0.972,11.746161,0.2317,1,0.000661257,0.0,4.95386,4.9454
103,0.9755,11.322472,0.2437,1,0.000440256,0.0,4.956,4.9498
104,0.976,12.086386,0.255,1,0.000501968,0.0,5.01462,5.0056
105,0.9795,10.593022,0.2492,1,0.000590844,0.0,5.05242,5.0248
106,0.974,9.78506,0.2498,1,0.000405838,0.0,5.01661,5.01
107,0.9755,10.20504,0.2674,1,0.00037984,0.0,5.03041,5.0242
108,0.9769,12.661358,0.2474,1,0.000602318,0.0,4.98096,4.9998
109,0.9762,10.369542,0.2497,1,0.000441768,0.0,4.93424,4.9546
110,0.978,11.054237,0.2613,1,0.000505927,0.0,4.99074,4.9902
111,0.9761,11.600365,0.2377,1,0.000359012,0.0,5.01236,5.0014
112,0.9744,11.550092,0.2502,1,0.000406887,0.0,5.00687,5.0068
113,0.9751,13.305884,0.2414,1,0.000443477,0.0,4.93175,4.938
114,0.9739,11.134121,0.2374,1,0.000381883,0.0,5.01328,5.0144
115,0.9772,10.879202,0.242,1,0.000527363,0.0,4.99804,5.008
116,0.9741,11.712227,0.2446,1,0.000575719,0.0,5.00665,4.9958
117,0.9768,11.208897,0.2467,1,0.000331442,0.0,5.04414,5.0244
118,0.9756,12.633479,0.2357,1,0.000604517,0.0,4.97,4.9926
119,0.977,12.273818,0.2379,1,0.000527992,0.0,4.99528,5.0048
120,0.9707,11.362844,0.2402,1,0.000439951,0.0,4.95363,4.9556
121,0.9792,11.035358,0.2478,1,0.000614987,0.0,5.02544,5.0476
122,0.9768,11.733242,0.2493,1,0.000330111,0.0,5.04881,5.04
123,0.9809,12.105165,0.2392,1,0.000727728,0.0,5.05618,5.055
124,0.9749,10.870135,0.2325,1,0.000573609,0.0,5.01542,5.0054
125,0.9791,12.375376,0.2466,1,0.000428323,0.0,5.00349,5.0394
126,0.978,11.675863,0.2469,1,0.00047459,0.0,5.03705,5.0198
127,0.9736,12.032198,0.2277,1,0.00056356,0.0,4.95412,4.9428
128,0.9766,11.807654,0.2481,1,0.000456482,0.0,4.99093,5.0038
129,0.9748,11.300999,0.2526,1,0.00047125,0.0,5.04581,5.0466
130,0.9776,11.990203,0.2326,1,0.000704744,0.0,5.06047,5.0472
131,0.9771,11.352488,0.253,1,0.000544817,0.0,5.04574,5.02
132,0.977,10.54445,0.2502,1,0.000574722,0.0,5.00431,5.0068
133,0.9761,11.45274,0.2512,1,0.000421266,0.0,5.0622,5.0644
134,0.9797,11.219017,0.2667,1,0.000442004,0.0,5.08911,5.068
135,0.9763,12.866054,0.238,1,0.000604234,0.0,4.9851,4.9798
136,0.9777,10.558905,0.2403,1,0.000553914,0.0,4.98851,4.9942
137,0.9746,12.706854,0.2347,1,0.000487242,0.0,4.96741,4.958
138,0.9773,10.850681,0.263,1,0.000485093,0.0,5.09522,5.0978
139,0.9734,11.815679,0.2417,1,0.000432086,0.0,5.01887,4.9802
140,0.974,11.603873,0.2412,1,0.000511397,0.0,4.96022,4.9672
141,0.9771,11.290586,0.2397,1,0.00054489,0.0,5.03884,5.0262
142,0.9726,11.839858,0.2398,1,0.000532894,0.0,4.98981,4.9642
143,0.9753,11.951358,0.2227,1,0.000585909,0.0,4.96489,4.9502
144,0.9743,11.689788,0.2537,1,0.000522263,0.0,5.03077,5.024
145,0.9768,11.155344,0.2413,1,0.000647182,0.0,5.00092,5.0054
146,0.9732,11.608374,0.2395,1,0.000755968,0.0,4.96172,4.9588
147,0.9747,12.690608,0.2356,1,0.000609191,0.0,4.96087,4.9634
148,0.9767,10.414321,0.2525,1,0.00042337,0.0,5.04322,5.0582
149,0.9757,10.76356,0.2488,1,0.000411108,0.0,4.97095,4.9912
150,0.9756,11.973735,0.2375,1,0.00042941,0.0,5.00155,5.0286
151,0.9802,11.801453,0.2405,1,0.000628657,0.0,4.97251,4.9904
152,0.9746,11.090731,0.2296,1,0.000484371,0.0,4.98038,4.9744
153,0.9796,10.561449,0.2441,1,0.000612769,0.0,5.04522,5.046
154,0.974,11.355323,0.2425,1,0.000556452,0.0,4.97632,4.9836
155,0.981,10.98303,0.2562,1,0.000468333,0.0,5.057,5.0668
156,0.9741,11.545194,0.2557,1,0.000544284,0.0,5.03743,5.0332
157,0.9764,10.951749,0.238,1,0.000476467,0.0,5.02342,5.0136
158,0.9751,11.896354,0.2369,1,0.000308705,0.0,5.03764,5.0156
159,0.9773,10.819467,0.2351,1,0.00050162,0.0,5.00889,5.0148
160,0.9723,11.811003,0.2367,1,0.00051421,0.0,4.94962,4.9506
161,0.9781,11.337752,0.2329,1,0.0007491,0.0,4.9855,4.9804
162,0.9737,11.746619,0.247,1,0.000532615,0.0,4.98399,4.9726
163,0.9765,10.661205,0.2328,1,0.000510336,0.0,4.97253,4.9652
164,0.9774,10.933183,0.246,1,0.000407446,0.0,5.0066,5.0002
165,0.9781,13.024152,0.2585,1,0.00051646,0.0,5.0579,5.0532
166,0.9759,11.234936,0.2408,1,0.000593731,0.0,4.91337,4.9362
167,0.9763,10.442544,0.2562,1,0.000478339,0.0,5.01596,5.0014
168,0.9765,11.481386,0.2566,1,0.000698139,0.0,4.98687,4.9978
169,0.9779,11.404539,0.2616,1,0.000522772,0.0,5.02868,5.0212
170,0.9742,11.235426,0.2517,1,0.000559207,0.0,4.97898,4.9564
171,0.9788,11.444193,0.2418,1,0.000598463,0.0,4.99705,5.0158
172,0.977,11.697303,0.2495,1,0.000333728,0.0,5.01998,5.014
173,0.9732,13.05381,0.239,1,0.000572669,0.0,5.02065,5.0084
174,0.9804,12.808778,0.2424,1,0.000665647,0.0,5.01303,5.0346
175,0.976,11.833467,0.2323,1,0.000781904,0.0,5.03696,5.0274
176,0.9756,11.486847,0.2458,1,0.000342994,0.0,4.94612,4.9514
177,0.9791,11.247051,0.251,1,0.000366191,0.0,5.13451,5.1058
178,0.9768,10.774078,0.242,1,0.000526249,0.0,5.0271,4.9896
179,0.9763,12.028778,0.2267,1,0.000467658,0.0,4.93298,4.9416
180,0.9804,12.394158,0.2278,1,0.000590133,0.0,5.03746,5.0458
181,0.9773,12.190484,0.2519,1,0.000264298,0.0,5.00256,4.9918
182,0.9757,11.048706,0.2435,1,0.000358551,0.0,5.01839,5.0018
183,0.9763,12.186844,0.2413,1,0.000354356,0.0,5.04814,5.0312
184,0.9794,11.930128,0.2408,1,0.000495345,0.0,5.04558,5.0414
185,0.9741,11.237408,0.2419,1,0.000692979,0.0,5.01418,5.0076
186,0.9767,11.370843,0.2552,1,0.00049933,0.0,5.02305,5.0236
187,0.9744,12.237578,0.2418,1,0.000434056,0.0,4.9933,4.983
188,0.9754,12.665279,0.2338,1,0.000380072,0.0,5.03617,5.0154
189,0.9758,11.005734,0.2529,1,0.000696814,0.0,4.99176,5.0024
190,0.975,10.84929,0.2419,1,0.000524801,0.0,5.00784,5.0226
191,0.9725,10.610421,0.2366,1,0.000431455,0.0,5.01877,4.9876
192,0.9755,12.163939,0.2322,1,0.000355086,0.0,5.03696,5.032
193,0.9766,10.592564,0.2382,1,0.000456029,0.0,5.00689,4.9928
194,0.9737,12.747929,0.2357,1,0.000651141,0.0,4.99346,4.9824
195,0.975,12.397189,0.2347,1,0.000640794,0.0,4.9281,4.94
196,0.9729,11.39628,0.2512,1,0.000745301,0.0,5.08797,5.0632
197,0.9789,12.323687,0.2343,1,0.000501748,0.0,5.00522,5.0172
198,0.9739,11.680277,0.2339,1,0.00031642,0.0,4.96431,4.9656
199,0.9772,11.736503,0.2573,1,0.000528766,0.0,4.98658,5.0062
200,0.9724,12.764704,0.2363,1,0.000341189,0.0,4.96647,4.9572
