t,cond.S.mean,cond.S.sd,cond.S.se,cond.S.q025,cond.S.q25,cond.S.q50,cond.S.q75,cond.S.q975,cond.I.mean,cond.I.sd,cond.I.se,cond.I.q025,cond.I.q25,cond.I.q50,cond.I.q75,cond.I.q975,cond.infectious.mean,cond.infectious.sd,cond.infectious.se,cond.infectious.q025,cond.infectious.q25,cond.infectious.q50,cond.infectious.q75,cond.infectious.q975,cond.cumulative.mean,cond.cumulative.sd,cond.cumulative.se,cond.cumulative.q025,cond.cumulative.q25,cond.cumulative.q50,cond.cumulative.q75,cond.cumulative.q975
0.0,0.99,0.0,0.0,0.99,0.99,0.99,0.99,0.99,0.01,0.0,0.0,0.01,0.01,0.01,0.01,0.01,0.01,0.0,0.0,0.01,0.01,0.01,0.01,0.01,0.01,0.0,0.0,0.01,0.01,0.01,0.01,0.01
0.25,0.986851,0.00065,4.6e-5,0.9856,0.9864,0.9869,0.9873,0.98801,0.013149,0.00065,4.6e-5,0.01199,0.0127,0.0131,0.0136,0.0144,0.013149,0.00065,4.6e-5,0.01199,0.0127,0.0131,0.0136,0.0144,0.013845,0.00062,4.4e-5,0.0127,0.0134,0.01385,0.0143,0.015
0.5,0.983714,0.00097,6.9e-5,0.9817,0.9831,0.9838,0.98432,0.9856,0.016285,0.00097,6.9e-5,0.0144,0.01567,0.0162,0.0169,0.0183,0.016285,0.00097,6.9e-5,0.0144,0.01567,0.0162,0.0169,0.0183,0.017918,0.00094,6.6e-5,0.0161,0.0173,0.0179,0.01842,0.02
0.75,0.980369,0.00134,9.5e-5,0.9779,0.97958,0.9804,0.9813,0.9829,0.019632,0.00134,9.5e-5,0.0171,0.0187,0.0196,0.02043,0.0221,0.019632,0.00134,9.5e-5,0.0171,0.0187,0.0196,0.02043,0.0221,0.022371,0.00133,9.4e-5,0.0199,0.0215,0.0224,0.0231,0.0249
1.0,0.976783,0.00168,0.000119,0.9736,0.9756,0.9769,0.978,0.97961,0.023217,0.00168,0.000119,0.02039,0.022,0.0231,0.0244,0.0264,0.023217,0.00168,0.000119,0.02039,0.022,0.0231,0.0244,0.0264,0.027285,0.00169,0.000119,0.0244,0.02618,0.0272,0.02833,0.0307
1.25,0.973044,0.00206,0.000145,0.9694,0.97168,0.9729,0.9746,0.9773,0.026956,0.00206,0.000145,0.0227,0.0254,0.0271,0.02833,0.0306,0.026956,0.00206,0.000145,0.0227,0.0254,0.0271,0.02833,0.0306,0.03262,0.0021,0.000149,0.0287,0.03108,0.03265,0.03392,0.03661
1.5,0.968985,0.00244,0.000173,0.96516,0.96728,0.96885,0.9708,0.9738,0.031015,0.00244,0.000173,0.0262,0.0292,0.03115,0.03272,0.03484,0.031015,0.00244,0.000173,0.0262,0.0292,0.03115,0.03272,0.03484,0.038524,0.00253,0.000179,0.03359,0.03678,0.0386,0.0402,0.0432
1.75,0.96452,0.00278,0.000196,0.95908,0.96278,0.9643,0.9666,0.9697,0.03548,0.00278,0.000196,0.0303,0.0334,0.0357,0.03722,0.04092,0.03548,0.00278,0.000196,0.0303,0.0334,0.0357,0.03722,0.04092,0.045066,0.003,0.000212,0.0394,0.0429,0.04525,0.0471,0.05021
2.0,0.959844,0.00319,0.000226,0.9531,0.9579,0.95955,0.96215,0.9655,0.040156,0.00319,0.000226,0.0345,0.03785,0.04045,0.0421,0.0469,0.040156,0.00319,0.000226,0.0345,0.03785,0.04045,0.0421,0.0469,0.052109,0.00352,0.000249,0.04559,0.04927,0.0523,0.0544,0.05811
2.25,0.954644,0.00362,0.000256,0.94729,0.9523,0.9546,0.9574,0.9608,0.045356,0.00362,0.000256,0.0392,0.0426,0.0454,0.0477,0.05271,0.045356,0.00362,0.000256,0.0392,0.0426,0.0454,0.0477,0.05271,0.060016,0.00419,0.000296,0.05289,0.05668,0.06025,0.0628,0.0676
2.5,0.949046,0.00409,0.000289,0.94079,0.94638,0.9492,0.95192,0.95581,0.050954,0.00409,0.000289,0.04419,0.04807,0.0508,0.05362,0.05921,0.050954,0.00409,0.000289,0.04419,0.04807,0.0508,0.05362,0.05921,0.068576,0.0049,0.000347,0.06038,0.06465,0.06895,0.0718,0.0778
2.75,0.94296,0.00446,0.000315,0.9339,0.9401,0.94285,0.94615,0.95082,0.05704,0.00446,0.000315,0.04918,0.05385,0.05715,0.0599,0.0661,0.05704,0.00446,0.000315,0.04918,0.05385,0.05715,0.0599,0.0661,0.078036,0.00554,0.000392,0.0676,0.074,0.0785,0.0817,0.08841
3.0,0.936459,0.00496,0.000351,0.92658,0.93358,0.9361,0.9397,0.94521,0.063541,0.00496,0.000351,0.05479,0.0603,0.0639,0.06642,0.07342,0.063541,0.00496,0.000351,0.05479,0.0603,0.0639,0.06642,0.07342,0.088349,0.00629,0.000444,0.07749,0.08385,0.08885,0.0922,0.09981
3.25,0.929333,0.00568,0.000402,0.9191,0.92575,0.9293,0.9334,0.93951,0.070667,0.00568,0.000402,0.06049,0.0666,0.0707,0.07425,0.08091,0.070667,0.00568,0.000402,0.06049,0.0666,0.0707,0.07425,0.08091,0.09973,0.00727,0.000514,0.08707,0.09435,0.1004,0.10462,0.11263
3.5,0.921521,0.0063,0.000446,0.9093,0.9178,0.9216,0.92542,0.9328,0.07848,0.0063,0.000446,0.0672,0.07458,0.0784,0.0822,0.0907,0.07848,0.0063,0.000446,0.0672,0.07458,0.0784,0.0822,0.0907,0.112196,0.0082,0.00058,0.09709,0.10647,0.11275,0.11745,0.12771
3.75,0.913109,0.00694,0.000491,0.9004,0.90867,0.91305,0.91802,0.92571,0.086891,0.00694,0.000491,0.07429,0.08198,0.08695,0.09132,0.0996,0.086891,0.00694,0.000491,0.07429,0.08198,0.08695,0.09132,0.0996,0.125695,0.00924,0.000653,0.10916,0.11918,0.12635,0.13162,0.14301
4.0,0.903908,0.00755,0.000534,0.89057,0.899,0.9038,0.90872,0.91782,0.096093,0.00755,0.000534,0.08218,0.09128,0.0962,0.101,0.10943,0.096093,0.00755,0.000534,0.08218,0.09128,0.0962,0.101,0.10943,0.140566,0.01029,0.000727,0.12247,0.1331,0.1409,0.14772,0.15961
4.25,0.893909,0.00819,0.000579,0.87909,0.88847,0.8937,0.8994,0.90961,0.106091,0.00819,0.000579,0.09039,0.1006,0.1063,0.11153,0.12091,0.106091,0.00819,0.000579,0.09039,0.1006,0.1063,0.11153,0.12091,0.156824,0.01137,0.000804,0.1366,0.149,0.1576,0.16435,0.17722
4.5,0.883437,0.00901,0.000637,0.86727,0.87775,0.8833,0.88935,0.90014,0.116562,0.00901,0.000637,0.09986,0.11065,0.1167,0.12225,0.13273,0.116562,0.00901,0.000637,0.09986,0.11065,0.1167,0.12225,0.13273,0.174332,0.01262,0.000892,0.15199,0.1658,0.1752,0.1824,0.19723
4.75,0.87185,0.00992,0.000702,0.85413,0.86537,0.8718,0.87795,0.89071,0.12815,0.00992,0.000702,0.10929,0.12205,0.1282,0.13462,0.14587,0.12815,0.00992,0.000702,0.10929,0.12205,0.1282,0.13462,0.14587,0.193565,0.01408,0.000996,0.16698,0.18438,0.19445,0.20285,0.21977
5.0,0.859515,0.01081,0.000765,0.83894,0.85245,0.85985,0.86645,0.8817,0.140485,0.01081,0.000765,0.1183,0.13355,0.14015,0.14755,0.16106,0.140485,0.01081,0.000765,0.1183,0.13355,0.14015,0.14755,0.16106,0.214322,0.01557,0.001101,0.18459,0.20438,0.21505,0.22505,0.24418
5.25,0.846539,0.01173,0.000829,0.82098,0.83975,0.8471,0.85382,0.86838,0.153461,0.01173,0.000829,0.13162,0.14618,0.1529,0.16025,0.17902,0.153461,0.01173,0.000829,0.13162,0.14618,0.1529,0.16025,0.17902,0.236524,0.01707,0.001207,0.20438,0.2257,0.2366,0.2468,0.2724
5.5,0.832345,0.01251,0.000885,0.8069,0.82468,0.83265,0.84055,0.85542,0.167655,0.01251,0.000885,0.14458,0.15945,0.16735,0.17532,0.1931,0.167655,0.01251,0.000885,0.14458,0.15945,0.16735,0.17532,0.1931,0.260755,0.01854,0.001311,0.22639,0.2498,0.2603,0.2726,0.29701
5.75,0.817318,0.01343,0.00095,0.79004,0.80858,0.8174,0.82602,0.84292,0.182682,0.01343,0.00095,0.15708,0.17398,0.1826,0.19142,0.20996,0.182682,0.01343,0.00095,0.15708,0.17398,0.1826,0.19142,0.20996,0.286759,0.02027,0.001433,0.2484,0.27382,0.28615,0.30005,0.3262
6.0,0.801281,0.01423,0.001006,0.77278,0.79165,0.80205,0.80967,0.82881,0.19872,0.01423,0.001006,0.17119,0.19033,0.19795,0.20835,0.22722,0.19872,0.01423,0.001006,0.17119,0.19033,0.19795,0.20835,0.22722,0.31475,0.02199,0.001555,0.2747,0.3014,0.3137,0.32912,0.35922
6.25,0.784285,0.01521,0.001076,0.75358,0.77375,0.78465,0.79365,0.8138,0.215716,0.01521,0.001076,0.1862,0.20635,0.21535,0.22625,0.24642,0.215716,0.01521,0.001076,0.1862,0.20635,0.21535,0.22625,0.24642,0.344677,0.02386,0.001687,0.30199,0.33015,0.34315,0.36152,0.39276
6.5,0.766182,0.016,0.001131,0.7344,0.7558,0.76625,0.7766,0.798,0.233818,0.016,0.001131,0.202,0.2234,0.23375,0.2442,0.2656,0.233818,0.016,0.001131,0.202,0.2234,0.23375,0.2442,0.2656,0.376754,0.0256,0.00181,0.33171,0.3605,0.37585,0.39542,0.42631
6.75,0.747176,0.01704,0.001205,0.71378,0.73548,0.7475,0.75812,0.77805,0.252825,0.01704,0.001205,0.22195,0.24188,0.2525,0.26452,0.28622,0.252825,0.01704,0.001205,0.22195,0.24188,0.2525,0.26452,0.28622,0.410748,0.02761,0.001952,0.36338,0.39378,0.41035,0.43053,0.46551
7.0,0.727262,0.01795,0.001269,0.69129,0.71518,0.7273,0.73998,0.76,0.272739,0.01795,0.001269,0.24,0.26002,0.2727,0.28482,0.30871,0.272739,0.01795,0.001269,0.24,0.26002,0.2727,0.28482,0.30871,0.447226,0.02963,0.002095,0.39419,0.42888,0.44665,0.46845,0.50939
7.25,0.706745,0.01893,0.001338,0.66735,0.6942,0.70675,0.71912,0.74016,0.293255,0.01893,0.001338,0.25984,0.28088,0.29325,0.3058,0.33265,0.293255,0.01893,0.001338,0.25984,0.28088,0.29325,0.3058,0.33265,0.485529,0.03168,0.00224,0.43027,0.46557,0.48475,0.50762,0.5518
7.5,0.68512,0.01983,0.001402,0.64456,0.6728,0.68505,0.69882,0.72205,0.31488,0.01983,0.001402,0.27795,0.30117,0.31495,0.3272,0.35544,0.31488,0.01983,0.001402,0.27795,0.30117,0.31495,0.3272,0.35544,0.52609,0.03353,0.002371,0.46593,0.5036,0.52555,0.54868,0.59201
7.75,0.662618,0.02061,0.001458,0.62271,0.64885,0.663,0.67667,0.70284,0.337383,0.02061,0.001458,0.29716,0.32333,0.337,0.35115,0.37729,0.337383,0.02061,0.001458,0.29716,0.32333,0.337,0.35115,0.37729,0.568818,0.03541,0.002504,0.50516,0.5464,0.56885,0.59328,0.63595
8.0,0.639855,0.02108,0.001491,0.59858,0.62565,0.63925,0.65395,0.68122,0.360145,0.02108,0.001491,0.31878,0.34605,0.36075,0.37435,0.40142,0.360145,0.02108,0.001491,0.31878,0.34605,0.36075,0.37435,0.40142,0.613526,0.03722,0.002632,0.54449,0.59002,0.6148,0.63768,0.68622
8.25,0.616366,0.02176,0.001539,0.57623,0.6013,0.61495,0.63098,0.65844,0.383634,0.02176,0.001539,0.34156,0.36902,0.38505,0.3987,0.42377,0.383634,0.02176,0.001539,0.34156,0.36902,0.38505,0.3987,0.42377,0.66024,0.03906,0.002762,0.58772,0.63435,0.66325,0.686,0.73597
8.5,0.59249,0.02206,0.00156,0.55115,0.57905,0.59105,0.60712,0.63512,0.40751,0.02206,0.00156,0.36488,0.39288,0.40895,0.42095,0.44885,0.40751,0.02206,0.00156,0.36488,0.39288,0.40895,0.42095,0.44885,0.70893,0.04077,0.002883,0.63374,0.6831,0.7117,0.73692,0.78996
8.75,0.568254,0.02255,0.001594,0.52644,0.5536,0.56705,0.583,0.6127,0.431746,0.02255,0.001594,0.3873,0.417,0.43295,0.4464,0.47356,0.431746,0.02255,0.001594,0.3873,0.417,0.43295,0.4464,0.47356,0.759569,0.04249,0.003004,0.67916,0.73162,0.76235,0.7879,0.84359
9.0,0.543822,0.02256,0.001595,0.50235,0.52882,0.5421,0.5572,0.58816,0.456178,0.02256,0.001595,0.41184,0.4428,0.4579,0.47118,0.49765,0.456178,0.02256,0.001595,0.41184,0.4428,0.4579,0.47118,0.49765,0.811685,0.04392,0.003105,0.73127,0.78272,0.81555,0.84053,0.89779
9.25,0.519384,0.02253,0.001593,0.47719,0.50408,0.5179,0.5332,0.5645,0.480616,0.02253,0.001593,0.4355,0.4668,0.4821,0.49592,0.52281,0.480616,0.02253,0.001593,0.4355,0.4668,0.4821,0.49592,0.52281,0.865391,0.04502,0.003183,0.78248,0.83522,0.86675,0.8955,0.95338
9.5,0.495172,0.02202,0.001557,0.4519,0.48078,0.49485,0.5096,0.5402,0.504828,0.02202,0.001557,0.4598,0.4904,0.50515,0.51922,0.5481,0.504828,0.02202,0.001557,0.4598,0.4904,0.50515,0.51922,0.5481,0.920373,0.04611,0.003261,0.83326,0.8885,0.9228,0.95278,1.00872
9.75,0.471045,0.02184,0.001545,0.43109,0.45588,0.4708,0.4855,0.51141,0.528954,0.02184,0.001545,0.48859,0.5145,0.5292,0.54412,0.56891,0.528954,0.02184,0.001545,0.48859,0.5145,0.5292,0.54412,0.56891,0.976797,0.04732,0.003346,0.88936,0.94482,0.97755,1.0083,1.06594
10.0,0.447677,0.02131,0.001507,0.40906,0.43413,0.4476,0.46162,0.48701,0.552322,0.02131,0.001507,0.51299,0.53838,0.5524,0.56587,0.59094,0.552322,0.02131,0.001507,0.51299,0.53838,0.5524,0.56587,0.59094,1.033931,0.04785,0.003384,0.94573,1.00198,1.0342,1.06708,1.12374
10.25,0.424582,0.02084,0.001474,0.38687,0.41043,0.4253,0.43833,0.46383,0.575418,0.02084,0.001474,0.53617,0.56167,0.5747,0.58957,0.61313,0.575418,0.02084,0.001474,0.53617,0.56167,0.5747,0.58957,0.61313,1.092068,0.0487,0.003444,1.00156,1.05898,1.0928,1.12688,1.18322
10.5,0.402573,0.02042,0.001444,0.36549,0.3876,0.40285,0.41518,0.44145,0.597427,0.02042,0.001444,0.55855,0.58482,0.59715,0.6124,0.63451,0.597427,0.02042,0.001444,0.55855,0.58482,0.59715,0.6124,0.63451,1.150832,0.04929,0.003485,1.06048,1.11695,1.1516,1.18545,1.24168
10.75,0.381854,0.01976,0.001397,0.34537,0.36668,0.3828,0.39498,0.41813,0.618146,0.01976,0.001397,0.58187,0.60502,0.6172,0.63332,0.65463,0.618146,0.01976,0.001397,0.58187,0.60502,0.6172,0.63332,0.65463,1.209592,0.04988,0.003527,1.11817,1.176,1.2087,1.24552,1.3009
11.0,0.361472,0.01858,0.001314,0.32968,0.3481,0.3613,0.37252,0.39707,0.638528,0.01858,0.001314,0.60293,0.62748,0.6387,0.6519,0.67032,0.638528,0.01858,0.001314,0.60293,0.62748,0.6387,0.6519,0.67032,1.269079,0.05003,0.003538,1.17721,1.23485,1.26815,1.30488,1.36131
11.25,0.342728,0.01757,0.001243,0.3109,0.32955,0.3426,0.3534,0.37918,0.657271,0.01757,0.001243,0.62082,0.6466,0.6574,0.67045,0.6891,0.657271,0.01757,0.001243,0.62082,0.6466,0.6574,0.67045,0.6891,1.328211,0.0501,0.003543,1.23703,1.294,1.3276,1.36468,1.42218
11.5,0.325168,0.01665,0.001177,0.296,0.31348,0.3245,0.33495,0.35991,0.674831,0.01665,0.001177,0.64009,0.66505,0.6755,0.68652,0.704,0.674831,0.01665,0.001177,0.64009,0.66505,0.6755,0.68652,0.704,1.387256,0.05008,0.003541,1.2951,1.3543,1.3881,1.42212,1.48133
11.75,0.308922,0.0158,0.001117,0.28167,0.29713,0.3087,0.3185,0.34039,0.691078,0.0158,0.001117,0.65961,0.6815,0.6913,0.70288,0.71833,0.691078,0.0158,0.001117,0.65961,0.6815,0.6913,0.70288,0.71833,1.446247,0.05004,0.003539,1.35032,1.41428,1.4481,1.48145,1.53655
12.0,0.293945,0.0148,0.001047,0.26778,0.28282,0.29335,0.30328,0.3256,0.706055,0.0148,0.001047,0.6744,0.69672,0.70665,0.71718,0.73222,0.706055,0.0148,0.001047,0.6744,0.69672,0.70665,0.71718,0.73222,1.505122,0.04967,0.003512,1.40959,1.47248,1.5054,1.54182,1.59894
12.25,0.279922,0.01353,0.000956,0.25627,0.26972,0.28045,0.28857,0.30823,0.720079,0.01353,0.000956,0.69177,0.71142,0.71955,0.73028,0.74373,0.720079,0.01353,0.000956,0.69177,0.71142,0.71955,0.73028,0.74373,1.563551,0.04923,0.003481,1.46552,1.53022,1.56575,1.59992,1.65973
12.5,0.26759,0.01267,0.000896,0.24306,0.25842,0.26795,0.2747,0.29671,0.732409,0.01267,0.000896,0.70329,0.7253,0.73205,0.74157,0.75694,0.732409,0.01267,0.000896,0.70329,0.7253,0.73205,0.74157,0.75694,1.621347,0.04864,0.003439,1.52374,1.5896,1.62195,1.65765,1.71512
12.75,0.256585,0.01174,0.00083,0.23493,0.24805,0.25655,0.26362,0.28213,0.743415,0.01174,0.00083,0.71787,0.73638,0.74345,0.75195,0.76507,0.743415,0.01174,0.00083,0.71787,0.73638,0.74345,0.75195,0.76507,1.6786,0.04827,0.003413,1.58044,1.64722,1.67925,1.71365,1.76958
13.0,0.246572,0.01068,0.000755,0.22664,0.2396,0.246,0.2529,0.2703,0.753428,0.01068,0.000755,0.7297,0.7471,0.754,0.7604,0.77336,0.753428,0.01068,0.000755,0.7297,0.7471,0.754,0.7604,0.77336,1.735374,0.04789,0.003386,1.64052,1.70465,1.7348,1.7689,1.82287
13.25,0.237869,0.01016,0.000719,0.21719,0.23048,0.23745,0.24372,0.26,0.762131,0.01016,0.000719,0.74,0.75628,0.76255,0.76952,0.78281,0.762131,0.01016,0.000719,0.74,0.75628,0.76255,0.76952,0.78281,1.791529,0.04763,0.003368,1.69736,1.75955,1.79095,1.82795,1.87419
13.5,0.230109,0.00915,0.000647,0.2129,0.22413,0.2301,0.2359,0.2498,0.76989,0.00915,0.000647,0.7502,0.7641,0.7699,0.77588,0.7871,0.76989,0.00915,0.000647,0.7502,0.7641,0.7699,0.77588,0.7871,1.847148,0.04689,0.003316,1.75598,1.81545,1.8461,1.88113,1.93059
13.75,0.223207,0.00839,0.000593,0.209,0.21798,0.2227,0.22748,0.24102,0.776793,0.00839,0.000593,0.75898,0.77252,0.7773,0.78202,0.791,0.776793,0.00839,0.000593,0.75898,0.77252,0.7773,0.78202,0.791,1.902542,0.04645,0.003285,1.81258,1.87322,1.9035,1.93428,1.98424
14.0,0.216986,0.00747,0.000528,0.2034,0.21203,0.21705,0.22152,0.23221,0.783014,0.00747,0.000528,0.76779,0.77847,0.78295,0.78798,0.7966,0.783014,0.00747,0.000528,0.76779,0.77847,0.78295,0.78798,0.7966,1.95732,0.04601,0.003254,1.87007,1.9274,1.95795,1.99015,2.0437
14.25,0.212096,0.00687,0.000486,0.1975,0.20815,0.2121,0.21572,0.2269,0.787904,0.00687,0.000486,0.7731,0.78428,0.7879,0.79185,0.8025,0.787904,0.00687,0.000486,0.7731,0.78428,0.7879,0.79185,0.8025,2.011317,0.04564,0.003227,1.92557,1.98142,2.01205,2.0457,2.094
14.5,0.207248,0.00659,0.000466,0.19388,0.2033,0.2073,0.2113,0.22061,0.792752,0.00659,0.000466,0.77939,0.7887,0.7927,0.7967,0.80612,0.792752,0.00659,0.000466,0.77939,0.7887,0.7927,0.7967,0.80612,2.065411,0.04546,0.003215,1.98087,2.0345,2.06575,2.0996,2.14596
14.75,0.203418,0.0058,0.00041,0.1915,0.19958,0.20385,0.2071,0.21542,0.796582,0.0058,0.00041,0.78458,0.7929,0.79615,0.80042,0.8085,0.796582,0.0058,0.00041,0.78458,0.7929,0.79615,0.80042,0.8085,2.118999,0.04509,0.003189,2.03369,2.08968,2.1198,2.15352,2.2001
15.0,0.200217,0.00511,0.000361,0.1902,0.19745,0.20075,0.20352,0.20796,0.799783,0.00511,0.000361,0.79204,0.79648,0.79925,0.80255,0.8098,0.799783,0.00511,0.000361,0.79204,0.79648,0.79925,0.80255,0.8098,2.172103,0.04467,0.003158,2.08686,2.14252,2.17275,2.20562,2.25232
15.25,0.197102,0.00481,0.00034,0.1891,0.19358,0.1969,0.20012,0.20664,0.802897,0.00481,0.00034,0.79336,0.79988,0.8031,0.80642,0.8109,0.802897,0.00481,0.00034,0.79336,0.79988,0.8031,0.80642,0.8109,2.225129,0.04456,0.003151,2.14296,2.19628,2.2249,2.25925,2.3051
15.5,0.194567,0.00489,0.000346,0.18579,0.19122,0.19465,0.19782,0.20391,0.805433,0.00489,0.000346,0.79609,0.80218,0.80535,0.80878,0.81421,0.805433,0.00489,0.000346,0.79609,0.80218,0.80535,0.80878,0.81421,2.277815,0.04448,0.003145,2.19498,2.2489,2.27905,2.31022,2.35584
15.75,0.192638,0.00498,0.000352,0.1818,0.1895,0.1929,0.1964,0.20201,0.807362,0.00498,0.000352,0.79799,0.8036,0.8071,0.8105,0.8182,0.807362,0.00498,0.000352,0.79799,0.8036,0.8071,0.8105,0.8182,2.329899,0.04447,0.003144,2.2477,2.30095,2.3308,2.36322,2.4106
16.0,0.191098,0.0049,0.000346,0.18088,0.18828,0.19145,0.19413,0.2007,0.808903,0.0049,0.000346,0.7993,0.80588,0.80855,0.81172,0.81912,0.808903,0.0049,0.000346,0.7993,0.80588,0.80855,0.81172,0.81912,2.381894,0.04464,0.003157,2.29889,2.35267,2.38235,2.41303,2.46584
16.25,0.189503,0.00484,0.000342,0.18069,0.18628,0.1893,0.19265,0.19923,0.810497,0.00484,0.000342,0.80077,0.80735,0.8107,0.81372,0.81931,0.810497,0.00484,0.000342,0.80077,0.80735,0.8107,0.81372,0.81931,2.434069,0.0444,0.003139,2.35174,2.40538,2.4346,2.46583,2.51422
16.5,0.188578,0.00487,0.000344,0.1798,0.1853,0.1882,0.19182,0.1982,0.811422,0.00487,0.000344,0.80179,0.80818,0.8118,0.8147,0.82021,0.811422,0.00487,0.000344,0.80179,0.80818,0.8118,0.8147,0.82021,2.485696,0.04459,0.003153,2.40288,2.45618,2.48515,2.51718,2.56728
16.75,0.187498,0.0048,0.000339,0.17897,0.18418,0.1872,0.1904,0.1964,0.812503,0.0048,0.000339,0.8036,0.8096,0.8128,0.81582,0.82103,0.812503,0.0048,0.000339,0.8036,0.8096,0.8128,0.81582,0.82103,2.537243,0.04452,0.003148,2.45438,2.50732,2.537,2.5673,2.61785
17.0,0.186458,0.00484,0.000343,0.1776,0.1832,0.18655,0.1894,0.1956,0.813542,0.00484,0.000343,0.8044,0.8106,0.81345,0.8168,0.8224,0.813542,0.00484,0.000343,0.8044,0.8106,0.81345,0.8168,0.8224,2.588914,0.04446,0.003144,2.50665,2.55948,2.5892,2.6184,2.67057
17.25,0.185852,0.00475,0.000336,0.17688,0.18268,0.1855,0.18902,0.1956,0.814148,0.00475,0.000336,0.8044,0.81098,0.8145,0.81733,0.82312,0.814148,0.00475,0.000336,0.8044,0.81098,0.8145,0.81733,0.82312,2.640604,0.04436,0.003137,2.55796,2.61092,2.64125,2.6714,2.7252
17.5,0.185178,0.00472,0.000334,0.17699,0.182,0.18505,0.1877,0.1951,0.814822,0.00472,0.000334,0.80489,0.8123,0.81495,0.818,0.82301,0.814822,0.00472,0.000334,0.80489,0.8123,0.81495,0.818,0.82301,2.692082,0.04428,0.003131,2.61094,2.66268,2.69265,2.72275,2.77471
17.75,0.185105,0.00455,0.000322,0.1765,0.18198,0.1846,0.18845,0.19421,0.814895,0.00455,0.000322,0.80579,0.81155,0.8154,0.81802,0.8235,0.814895,0.00455,0.000322,0.80579,0.81155,0.8154,0.81802,0.8235,2.743309,0.04424,0.003128,2.65986,2.71302,2.74425,2.77362,2.82887
18.0,0.184701,0.00454,0.000321,0.1772,0.18138,0.1846,0.188,0.19432,0.815298,0.00454,0.000321,0.80568,0.812,0.8154,0.81862,0.8228,0.815298,0.00454,0.000321,0.80568,0.812,0.8154,0.81862,0.8228,2.794612,0.04408,0.003117,2.7107,2.76588,2.79565,2.82398,2.87724
18.25,0.18413,0.00426,0.000301,0.17689,0.18125,0.184,0.18712,0.19361,0.81587,0.00426,0.000301,0.80639,0.81288,0.816,0.81875,0.82311,0.81587,0.00426,0.000301,0.80639,0.81288,0.816,0.81875,0.82311,2.846204,0.04406,0.003115,2.76134,2.81828,2.846,2.87658,2.93092
18.5,0.184409,0.00397,0.000281,0.1772,0.1815,0.1844,0.18712,0.1924,0.815591,0.00397,0.000281,0.8076,0.81288,0.8156,0.8185,0.8228,0.815591,0.00397,0.000281,0.8076,0.81288,0.8156,0.8185,0.8228,2.897114,0.04412,0.00312,2.81499,2.86922,2.8956,2.92665,2.97911
18.75,0.184191,0.00433,0.000306,0.17657,0.181,0.1844,0.18672,0.1927,0.81581,0.00433,0.000306,0.8073,0.81328,0.8156,0.819,0.82343,0.81581,0.00433,0.000306,0.8073,0.81328,0.8156,0.819,0.82343,2.948572,0.04397,0.003109,2.86598,2.92105,2.9476,2.97992,3.02864
19.0,0.18379,0.00471,0.000333,0.17428,0.18087,0.18415,0.1867,0.1927,0.81621,0.00471,0.000333,0.8073,0.8133,0.81585,0.81912,0.82572,0.81621,0.00471,0.000333,0.8073,0.8133,0.81585,0.81912,0.82572,2.999905,0.04413,0.00312,2.91978,2.97102,2.99935,3.03205,3.07704
19.25,0.183738,0.00452,0.00032,0.1747,0.1811,0.1839,0.1869,0.1932,0.816262,0.00452,0.00032,0.8068,0.8131,0.8161,0.8189,0.8253,0.816262,0.00452,0.00032,0.8068,0.8131,0.8161,0.8189,0.8253,3.05103,0.04434,0.003135,2.96926,3.02135,3.05055,3.08362,3.13201
19.5,0.183124,0.00454,0.000321,0.17289,0.1806,0.1835,0.18602,0.1914,0.816876,0.00454,0.000321,0.8086,0.81397,0.8165,0.8194,0.82711,0.816876,0.00454,0.000321,0.8086,0.81397,0.8165,0.8194,0.82711,3.102432,0.04438,0.003138,3.02082,3.07325,3.10225,3.13595,3.18153
19.75,0.18288,0.00443,0.000313,0.1742,0.1802,0.1829,0.1859,0.19131,0.81712,0.00443,0.000313,0.80869,0.8141,0.8171,0.8198,0.8258,0.81712,0.00443,0.000313,0.80869,0.8141,0.8171,0.8198,0.8258,3.153463,0.04437,0.003138,3.07285,3.12345,3.1524,3.18615,3.23303
20.0,0.182963,0.0044,0.000311,0.1742,0.1803,0.1829,0.18592,0.1917,0.817037,0.0044,0.000311,0.8083,0.81408,0.8171,0.8197,0.8258,0.817037,0.0044,0.000311,0.8083,0.81408,0.8171,0.8197,0.8258,3.204322,0.04478,0.003167,3.12123,3.1765,3.2032,3.23855,3.28254
20.25,0.182609,0.00457,0.000323,0.17318,0.17948,0.1825,0.18562,0.19171,0.817391,0.00457,0.000323,0.80829,0.81438,0.8175,0.82052,0.82682,0.817391,0.00457,0.000323,0.80829,0.81438,0.8175,0.82052,0.82682,3.255661,0.04467,0.003159,3.17232,3.2292,3.2544,3.28922,3.33302
20.5,0.182914,0.00438,0.000309,0.1727,0.1802,0.18285,0.1861,0.1915,0.817086,0.00438,0.000309,0.8085,0.8139,0.81715,0.8198,0.8273,0.817086,0.00438,0.000309,0.8085,0.8139,0.81715,0.8198,0.8273,3.306435,0.04449,0.003146,3.2225,3.2799,3.30415,3.34015,3.38475
20.75,0.182628,0.00429,0.000303,0.1735,0.17988,0.1826,0.18545,0.19102,0.817371,0.00429,0.000303,0.80898,0.81455,0.8174,0.82012,0.8265,0.817371,0.00429,0.000303,0.80898,0.81455,0.8174,0.82012,0.8265,3.357704,0.04429,0.003132,3.27486,3.33145,3.3548,3.39225,3.43616
21.0,0.18282,0.00419,0.000296,0.1745,0.17998,0.1829,0.18562,0.1918,0.817179,0.00419,0.000296,0.8082,0.81438,0.8171,0.82002,0.8255,0.817179,0.00419,0.000296,0.8082,0.81438,0.8171,0.82002,0.8255,3.408602,0.04421,0.003126,3.32866,3.38065,3.4071,3.44208,3.48543
21.25,0.18271,0.0045,0.000319,0.17389,0.17998,0.1825,0.186,0.19211,0.81729,0.0045,0.000319,0.80788,0.814,0.8175,0.82002,0.82611,0.81729,0.0045,0.000319,0.80788,0.814,0.8175,0.82002,0.82611,3.459902,0.04394,0.003107,3.38208,3.43175,3.45915,3.4925,3.53694
21.5,0.182952,0.00438,0.000309,0.1743,0.18025,0.18275,0.1855,0.19161,0.817049,0.00438,0.000309,0.80839,0.8145,0.81725,0.81975,0.8257,0.817049,0.00438,0.000309,0.80839,0.8145,0.81725,0.81975,0.8257,3.510817,0.04409,0.003118,3.43116,3.48225,3.51075,3.54417,3.58852
21.75,0.182831,0.00423,0.000299,0.1749,0.17988,0.1829,0.1854,0.19231,0.817169,0.00423,0.000299,0.80769,0.8146,0.8171,0.82012,0.8251,0.817169,0.00423,0.000299,0.80769,0.8146,0.8171,0.82012,0.8251,3.562013,0.04437,0.003137,3.482,3.53252,3.5612,3.59362,3.63768
22.0,0.182736,0.00458,0.000324,0.17438,0.17998,0.1824,0.1859,0.19152,0.817263,0.00458,0.000324,0.80848,0.8141,0.8176,0.82002,0.82562,0.817263,0.00458,0.000324,0.80848,0.8141,0.8176,0.82002,0.82562,3.613199,0.04447,0.003145,3.53346,3.5837,3.61165,3.64542,3.68841
22.25,0.182704,0.00442,0.000313,0.1737,0.1798,0.1826,0.1857,0.19091,0.817295,0.00442,0.000313,0.80908,0.8143,0.8174,0.8202,0.8263,0.817295,0.00442,0.000313,0.80908,0.8143,0.8174,0.8202,0.8263,3.664342,0.0448,0.003168,3.58176,3.63675,3.6632,3.6976,3.74153
22.5,0.182845,0.00441,0.000312,0.1744,0.17968,0.18265,0.1863,0.19201,0.817156,0.00441,0.000312,0.80799,0.8137,0.81735,0.82032,0.8256,0.817156,0.00441,0.000312,0.80799,0.8137,0.81735,0.82032,0.8256,3.715214,0.04476,0.003165,3.6314,3.68528,3.71195,3.74768,3.78847
22.75,0.182581,0.0047,0.000332,0.17378,0.17938,0.1827,0.18552,0.19212,0.817419,0.0047,0.000332,0.80788,0.81448,0.8173,0.82062,0.82622,0.817419,0.0047,0.000332,0.80788,0.81448,0.8173,0.82062,0.82622,3.766594,0.04486,0.003172,3.68547,3.73702,3.7641,3.79855,3.84262
23.0,0.182348,0.00449,0.000318,0.17269,0.17978,0.1823,0.18525,0.19002,0.817652,0.00449,0.000318,0.80998,0.81475,0.8177,0.82023,0.82731,0.817652,0.00449,0.000318,0.80998,0.81475,0.8177,0.82023,0.82731,3.817757,0.04501,0.003182,3.73596,3.78815,3.816,3.84908,3.89293
23.25,0.182456,0.0046,0.000325,0.1736,0.17928,0.1824,0.18542,0.19101,0.817544,0.0046,0.000325,0.80899,0.81458,0.8176,0.82072,0.8264,0.817544,0.0046,0.000325,0.80899,0.81458,0.8176,0.82072,0.8264,3.868693,0.04502,0.003183,3.78506,3.83975,3.8664,3.89905,3.94698
23.5,0.182508,0.0045,0.000318,0.1741,0.1797,0.1823,0.18552,0.19172,0.817491,0.0045,0.000318,0.80828,0.81448,0.8177,0.8203,0.8259,0.817491,0.0045,0.000318,0.80828,0.81448,0.8177,0.8203,0.8259,3.919789,0.045,0.003182,3.8326,3.89198,3.9182,3.95105,3.99749
23.75,0.18254,0.00462,0.000326,0.17348,0.1793,0.1824,0.1857,0.1923,0.817461,0.00462,0.000326,0.8077,0.8143,0.8176,0.8207,0.82652,0.817461,0.00462,0.000326,0.8077,0.8143,0.8176,0.8207,0.82652,3.971046,0.04513,0.003191,3.88423,3.94193,3.96975,4.00262,4.05154
24.0,0.183032,0.00407,0.000288,0.1748,0.18068,0.183,0.185,0.1917,0.816968,0.00407,0.000288,0.8083,0.815,0.817,0.81932,0.82521,0.816968,0.00407,0.000288,0.8083,0.815,0.817,0.81932,0.82521,4.021793,0.04527,0.003201,3.93771,3.99305,4.02065,4.05327,4.1
24.25,0.183099,0.00446,0.000316,0.1751,0.17978,0.1836,0.18612,0.1918,0.816902,0.00446,0.000316,0.8082,0.81388,0.8164,0.82023,0.8249,0.816902,0.00446,0.000316,0.8082,0.81388,0.8164,0.82023,0.8249,4.072736,0.04541,0.003211,3.99047,4.0455,4.07085,4.10522,4.15156
24.5,0.183162,0.00419,0.000296,0.17557,0.18028,0.18315,0.1861,0.19121,0.816839,0.00419,0.000296,0.80879,0.8139,0.81685,0.81972,0.82443,0.816839,0.00419,0.000296,0.80879,0.8139,0.81685,0.81972,0.82443,4.123811,0.04564,0.003227,4.04192,4.0963,4.123,4.15615,4.20524
24.75,0.182807,0.00412,0.000291,0.17469,0.1794,0.18295,0.18575,0.19051,0.817193,0.00412,0.000291,0.80949,0.81425,0.81705,0.8206,0.82531,0.817193,0.00412,0.000291,0.80949,0.81425,0.81705,0.8206,0.82531,4.17506,0.04573,0.003233,4.09281,4.14605,4.1752,4.20595,4.25494
25.0,0.182798,0.00405,0.000287,0.17599,0.17958,0.1825,0.1858,0.1913,0.817202,0.00405,0.000287,0.8087,0.8142,0.8175,0.82042,0.82401,0.817202,0.00405,0.000287,0.8087,0.8142,0.8175,0.82042,0.82401,4.226218,0.04565,0.003228,4.14526,4.19802,4.2266,4.25848,4.30841
25.25,0.183114,0.00401,0.000284,0.1762,0.18038,0.18285,0.1859,0.1907,0.816886,0.00401,0.000284,0.8093,0.8141,0.81715,0.81962,0.8238,0.816886,0.00401,0.000284,0.8093,0.8141,0.81715,0.81962,0.8238,4.277038,0.0457,0.003231,4.19962,4.24948,4.2764,4.30802,4.35793
25.5,0.182738,0.00414,0.000292,0.17509,0.18058,0.1827,0.1855,0.19011,0.817262,0.00414,0.000292,0.80989,0.8145,0.8173,0.81942,0.82491,0.817262,0.00414,0.000292,0.80989,0.8145,0.8173,0.81942,0.82491,4.328389,0.04546,0.003214,4.25088,4.29975,4.32685,4.35845,4.4083
25.75,0.1829,0.00419,0.000296,0.17509,0.18028,0.1832,0.1858,0.1912,0.817099,0.00419,0.000296,0.8088,0.8142,0.8168,0.81972,0.82492,0.817099,0.00419,0.000296,0.8088,0.8142,0.8168,0.81972,0.82492,4.379454,0.04561,0.003225,4.30283,4.35085,4.37805,4.41275,4.45778
26.0,0.182558,0.00438,0.00031,0.1749,0.1793,0.1825,0.1858,0.19111,0.817441,0.00438,0.00031,0.80889,0.8142,0.8175,0.8207,0.8251,0.817441,0.00438,0.00031,0.80889,0.8142,0.8175,0.8207,0.8251,4.430733,0.04574,0.003234,4.35158,4.40075,4.43,4.46378,4.50796
26.25,0.182332,0.00439,0.00031,0.1745,0.1795,0.1821,0.1852,0.19132,0.817668,0.00439,0.00031,0.80868,0.8148,0.8179,0.8205,0.8255,0.817668,0.00439,0.00031,0.80868,0.8148,0.8179,0.8205,0.8255,4.481855,0.04567,0.003229,4.40344,4.45515,4.48075,4.51433,4.55962
26.5,0.182245,0.00434,0.000307,0.17409,0.179,0.1827,0.18512,0.1901,0.817755,0.00434,0.000307,0.80989,0.81488,0.8173,0.821,0.82591,0.817755,0.00434,0.000307,0.80989,0.81488,0.8173,0.821,0.82591,4.533006,0.0459,0.003246,4.45256,4.5052,4.53175,4.56622,4.61204
26.75,0.182355,0.0042,0.000297,0.1737,0.1797,0.1827,0.1851,0.1896,0.817645,0.0042,0.000297,0.8104,0.8149,0.8173,0.8203,0.8263,0.817645,0.0042,0.000297,0.8104,0.8149,0.8173,0.8203,0.8263,4.584058,0.04578,0.003237,4.50386,4.5573,4.5835,4.61755,4.66326
27.0,0.182627,0.00444,0.000314,0.17374,0.17958,0.1825,0.18592,0.19041,0.817373,0.00444,0.000314,0.80959,0.81408,0.8175,0.82042,0.82626,0.817373,0.00444,0.000314,0.80959,0.81408,0.8175,0.82042,0.82626,4.634956,0.04583,0.003241,4.55424,4.60728,4.6344,4.66925,4.71444
27.25,0.182424,0.00452,0.00032,0.17336,0.17918,0.18285,0.1853,0.19043,0.817576,0.00452,0.00032,0.80957,0.8147,0.81715,0.82082,0.82664,0.817576,0.00452,0.00032,0.80957,0.8147,0.81715,0.82082,0.82664,4.686206,0.04581,0.003239,4.60526,4.65978,4.68585,4.7197,4.76751
27.5,0.182624,0.00443,0.000313,0.1728,0.17988,0.18245,0.18542,0.19161,0.817376,0.00443,0.000313,0.80839,0.81458,0.81755,0.82012,0.8272,0.817376,0.00443,0.000313,0.80839,0.81458,0.81755,0.82012,0.8272,4.737203,0.04573,0.003234,4.65879,4.7103,4.73555,4.77098,4.81871
27.75,0.183115,0.00424,0.0003,0.17529,0.18008,0.1833,0.18605,0.191,0.816886,0.00424,0.0003,0.809,0.81395,0.8167,0.81992,0.82471,0.816886,0.00424,0.0003,0.809,0.81395,0.8167,0.81992,0.82471,4.788098,0.04572,0.003233,4.70863,4.7617,4.7862,4.8217,4.86967
28.0,0.183152,0.0042,0.000297,0.1748,0.18,0.1834,0.18622,0.1909,0.816848,0.0042,0.000297,0.8091,0.81377,0.8166,0.82,0.8252,0.816848,0.0042,0.000297,0.8091,0.81377,0.8166,0.82,0.8252,4.83931,0.04577,0.003237,4.75654,4.81115,4.8382,4.8728,4.91853
28.25,0.183227,0.00398,0.000282,0.17499,0.18048,0.18335,0.1859,0.1902,0.816773,0.00398,0.000282,0.8098,0.8141,0.81665,0.81952,0.82501,0.816773,0.00398,0.000282,0.8098,0.8141,0.81665,0.81952,0.82501,4.890393,0.04567,0.00323,4.80637,4.8636,4.8905,4.92355,4.96932
28.5,0.183012,0.0044,0.000311,0.17489,0.18018,0.18335,0.186,0.19141,0.816988,0.0044,0.000311,0.80858,0.814,0.81665,0.81982,0.82511,0.816988,0.0044,0.000311,0.80858,0.814,0.81665,0.81982,0.82511,4.941598,0.04544,0.003213,4.85926,4.9143,4.9423,4.97433,5.02047
28.75,0.182795,0.0045,0.000318,0.1742,0.17998,0.183,0.1859,0.1915,0.817205,0.0045,0.000318,0.8085,0.8141,0.817,0.82002,0.8258,0.817205,0.0045,0.000318,0.8085,0.8141,0.817,0.82002,0.8258,4.992928,0.04555,0.003221,4.9113,4.9661,4.9939,5.0258,5.07195
29.0,0.182719,0.00456,0.000323,0.1743,0.1795,0.1826,0.1861,0.19043,0.817282,0.00456,0.000323,0.80958,0.8139,0.8174,0.8205,0.8257,0.817282,0.00456,0.000323,0.80958,0.8139,0.8174,0.8205,0.8257,5.044022,0.0457,0.003231,4.96073,5.01555,5.04525,5.07675,5.12488
29.25,0.182598,0.00431,0.000305,0.1748,0.17938,0.18245,0.1854,0.19131,0.817403,0.00431,0.000305,0.80869,0.8146,0.81755,0.82062,0.8252,0.817403,0.00431,0.000305,0.80869,0.8146,0.81755,0.82062,0.8252,5.095276,0.04594,0.003248,5.00673,5.0673,5.09605,5.12813,5.17723
29.5,0.182459,0.00448,0.000317,0.1739,0.1794,0.18225,0.1856,0.19092,0.817541,0.00448,0.000317,0.80908,0.8144,0.81775,0.8206,0.8261,0.817541,0.00448,0.000317,0.80908,0.8144,0.81775,0.8206,0.8261,5.146474,0.04619,0.003266,5.05407,5.1184,5.14705,5.17958,5.22837
29.75,0.182283,0.00495,0.00035,0.17348,0.1789,0.1819,0.18552,0.19201,0.817717,0.00495,0.00035,0.80799,0.81448,0.8181,0.8211,0.82652,0.817717,0.00495,0.00035,0.80799,0.81448,0.8181,0.8211,0.82652,5.197661,0.04602,0.003254,5.10697,5.16995,5.19805,5.23058,5.28106
30.0,0.182548,0.00469,0.000331,0.1729,0.1791,0.1824,0.1861,0.1918,0.817452,0.00469,0.000331,0.8082,0.8139,0.8176,0.8209,0.8271,0.817452,0.00469,0.000331,0.8082,0.8139,0.8176,0.8209,0.8271,5.248571,0.04607,0.003258,5.15913,5.221,5.2492,5.28045,5.33364
30.25,0.182524,0.00475,0.000336,0.1726,0.17938,0.1828,0.186,0.1915,0.817476,0.00475,0.000336,0.8085,0.814,0.8172,0.82062,0.8274,0.817476,0.00475,0.000336,0.8085,0.814,0.8172,0.82062,0.8274,5.299592,0.04602,0.003254,5.21047,5.27205,5.30105,5.33162,5.3854
30.5,0.182427,0.0046,0.000325,0.17349,0.1789,0.1825,0.186,0.19132,0.817574,0.0046,0.000325,0.80868,0.814,0.8175,0.8211,0.82651,0.817574,0.0046,0.000325,0.80868,0.814,0.8175,0.8211,0.82651,5.350672,0.046,0.003253,5.26329,5.32368,5.3518,5.38168,5.43625
30.75,0.182525,0.00457,0.000323,0.1738,0.1794,0.18205,0.1857,0.192,0.817475,0.00457,0.000323,0.808,0.8143,0.81795,0.8206,0.8262,0.817475,0.00457,0.000323,0.808,0.8143,0.81795,0.8206,0.8262,5.40175,0.04587,0.003244,5.31481,5.37325,5.4015,5.43258,5.48241
31.0,0.182865,0.00448,0.000317,0.17479,0.1799,0.18265,0.1855,0.1917,0.817135,0.00448,0.000317,0.8083,0.8145,0.81735,0.8201,0.82521,0.817135,0.00448,0.000317,0.8083,0.8145,0.81735,0.8201,0.82521,5.452612,0.04577,0.003236,5.36438,5.42535,5.45305,5.48455,5.53294
31.25,0.182695,0.00445,0.000315,0.17478,0.18,0.1823,0.18508,0.1921,0.817305,0.00445,0.000315,0.8079,0.81492,0.8177,0.82,0.82522,0.817305,0.00445,0.000315,0.8079,0.81492,0.8177,0.82,0.82522,5.50376,0.04578,0.003237,5.41736,5.47648,5.5041,5.53538,5.58303
31.5,0.182825,0.00421,0.000298,0.17468,0.1801,0.1829,0.1856,0.19131,0.817175,0.00421,0.000298,0.80869,0.8144,0.8171,0.8199,0.82532,0.817175,0.00421,0.000298,0.80869,0.8144,0.8171,0.8199,0.82532,5.55456,0.04584,0.003241,5.46918,5.52278,5.55595,5.58642,5.63597
31.75,0.182565,0.00434,0.000307,0.1738,0.1796,0.18265,0.1859,0.19072,0.817434,0.00434,0.000307,0.80928,0.8141,0.81735,0.8204,0.8262,0.817434,0.00434,0.000307,0.80928,0.8141,0.81735,0.8204,0.8262,5.605672,0.04589,0.003245,5.51882,5.57645,5.60635,5.63752,5.6898
32.0,0.182732,0.00431,0.000305,0.1733,0.1799,0.1827,0.18575,0.19081,0.817268,0.00431,0.000305,0.80919,0.81425,0.8173,0.8201,0.8267,0.817268,0.00431,0.000305,0.80919,0.81425,0.8173,0.8201,0.8267,5.656536,0.04603,0.003254,5.56811,5.62785,5.65815,5.68812,5.73811
32.25,0.1827,0.00446,0.000315,0.17328,0.17998,0.1828,0.1857,0.1903,0.817299,0.00446,0.000315,0.8097,0.8143,0.8172,0.82002,0.82672,0.817299,0.00446,0.000315,0.8097,0.8143,0.8172,0.82002,0.82672,5.707678,0.04605,0.003256,5.61999,5.67885,5.70845,5.73838,5.78828
32.5,0.183316,0.00439,0.00031,0.1751,0.18045,0.18325,0.1871,0.19082,0.816684,0.00439,0.00031,0.80918,0.8129,0.81675,0.81955,0.8249,0.816684,0.00439,0.00031,0.80918,0.8129,0.81675,0.81955,0.8249,5.758564,0.04619,0.003266,5.66994,5.72938,5.76,5.79022,5.84014
32.75,0.183128,0.00415,0.000294,0.1752,0.18008,0.1835,0.1863,0.1908,0.816872,0.00415,0.000294,0.8092,0.8137,0.8165,0.81992,0.8248,0.816872,0.00415,0.000294,0.8092,0.8137,0.8165,0.81992,0.8248,5.809841,0.04622,0.003268,5.7211,5.78112,5.81155,5.8415,5.88958
33.0,0.182744,0.00415,0.000293,0.17428,0.17968,0.1828,0.1859,0.18961,0.817256,0.00415,0.000293,0.81039,0.8141,0.8172,0.82032,0.82572,0.817256,0.00415,0.000293,0.81039,0.8141,0.8172,0.82032,0.82572,5.861035,0.04635,0.003277,5.7709,5.83222,5.86335,5.89188,5.94015
33.25,0.182817,0.00458,0.000324,0.1738,0.17958,0.1829,0.18642,0.19091,0.817183,0.00458,0.000324,0.80909,0.81358,0.8171,0.82042,0.8262,0.817183,0.00458,0.000324,0.80909,0.81358,0.8171,0.82042,0.8262,5.911964,0.04604,0.003256,5.82244,5.8848,5.91535,5.9422,5.99259
33.5,0.182806,0.00489,0.000346,0.173,0.1794,0.1828,0.18662,0.19062,0.817193,0.00489,0.000346,0.80938,0.81338,0.8172,0.8206,0.827,0.817193,0.00489,0.000346,0.80938,0.81338,0.8172,0.8206,0.827,5.963123,0.04596,0.00325,5.8747,5.93438,5.96465,5.993,6.04545
33.75,0.182657,0.00473,0.000334,0.1735,0.1793,0.18215,0.1857,0.1911,0.817343,0.00473,0.000334,0.8089,0.8143,0.81785,0.8207,0.8265,0.817343,0.00473,0.000334,0.8089,0.8143,0.81785,0.8207,0.8265,6.014233,0.04613,0.003262,5.92487,5.98538,6.01465,6.0445,6.09625
34.0,0.182897,0.00434,0.000307,0.17429,0.18028,0.18265,0.1852,0.19112,0.817103,0.00434,0.000307,0.80888,0.8148,0.81735,0.81972,0.82571,0.817103,0.00434,0.000307,0.80888,0.8148,0.81735,0.81972,0.82571,6.065197,0.0464,0.003281,5.97644,6.03648,6.06845,6.09505,6.14638
34.25,0.182753,0.0046,0.000325,0.175,0.1797,0.1824,0.18562,0.19211,0.817247,0.0046,0.000325,0.80789,0.81438,0.8176,0.8203,0.825,0.817247,0.0046,0.000325,0.80789,0.81438,0.8176,0.8203,0.825,6.116315,0.04643,0.003283,6.03116,6.08765,6.11805,6.14542,6.198
34.5,0.183017,0.00463,0.000327,0.17519,0.17968,0.1828,0.1857,0.19261,0.816983,0.00463,0.000327,0.80739,0.8143,0.8172,0.82032,0.82481,0.816983,0.00463,0.000327,0.80739,0.8143,0.8172,0.82032,0.82481,6.167176,0.04678,0.003308,6.08352,6.13845,6.16965,6.19685,6.25208
34.75,0.182994,0.00496,0.000351,0.17377,0.17928,0.18335,0.1864,0.1919,0.817006,0.00496,0.000351,0.8081,0.8136,0.81665,0.82072,0.82623,0.817006,0.00496,0.000351,0.8081,0.8136,0.81665,0.82072,0.82623,6.218307,0.04709,0.00333,6.13252,6.18875,6.22045,6.24925,6.30971
35.0,0.183026,0.00431,0.000305,0.1747,0.18038,0.1833,0.1855,0.19142,0.816975,0.00431,0.000305,0.80858,0.8145,0.8167,0.81962,0.8253,0.816975,0.00431,0.000305,0.80858,0.8145,0.8167,0.81962,0.8253,6.269508,0.04727,0.003342,6.18492,6.23948,6.272,6.30015,6.35981
35.25,0.182695,0.00414,0.000293,0.17469,0.17988,0.1826,0.18575,0.1902,0.817305,0.00414,0.000293,0.8098,0.81425,0.8174,0.82012,0.82531,0.817305,0.00414,0.000293,0.8098,0.81425,0.8174,0.82012,0.82531,6.320719,0.04712,0.003332,6.2369,6.29088,6.32345,6.35155,6.40901
35.5,0.1826,0.00402,0.000284,0.1747,0.1799,0.18245,0.18535,0.1903,0.8174,0.00402,0.000284,0.8097,0.81465,0.81755,0.8201,0.8253,0.8174,0.00402,0.000284,0.8097,0.81465,0.81755,0.8201,0.8253,6.371697,0.04714,0.003333,6.28456,6.3417,6.3742,6.40235,6.46082
35.75,0.182937,0.00445,0.000315,0.1728,0.18035,0.1835,0.18562,0.19092,0.817063,0.00445,0.000315,0.80908,0.81438,0.8165,0.81965,0.8272,0.817063,0.00445,0.000315,0.80908,0.81438,0.8165,0.81965,0.8272,6.422476,0.04699,0.003323,6.33229,6.39185,6.4258,6.45135,6.5127
36.0,0.182863,0.00444,0.000314,0.1738,0.1802,0.1833,0.18572,0.191,0.817136,0.00444,0.000314,0.809,0.81428,0.8167,0.8198,0.8262,0.817136,0.00444,0.000314,0.809,0.81428,0.8167,0.8198,0.8262,6.473651,0.04721,0.003338,6.38378,6.44262,6.4764,6.503,6.56531
36.25,0.182464,0.00443,0.000313,0.1732,0.17948,0.1823,0.18532,0.19111,0.817536,0.00443,0.000313,0.80889,0.81467,0.8177,0.82052,0.8268,0.817536,0.00443,0.000313,0.80889,0.81467,0.8177,0.82052,0.8268,6.524972,0.04712,0.003332,6.43458,6.49358,6.52805,6.5573,6.6151
36.5,0.182148,0.0042,0.000297,0.1742,0.1796,0.182,0.18482,0.19011,0.817853,0.0042,0.000297,0.80989,0.81518,0.818,0.8204,0.8258,0.817853,0.0042,0.000297,0.80989,0.81518,0.818,0.8204,0.8258,6.57617,0.04721,0.003338,6.48744,6.54433,6.58025,6.60612,6.66383
36.75,0.181946,0.00443,0.000313,0.17328,0.17965,0.1816,0.1848,0.1899,0.818054,0.00443,0.000313,0.8101,0.8152,0.8184,0.82035,0.82672,0.818054,0.00443,0.000313,0.8101,0.8152,0.8184,0.82035,0.82672,6.627118,0.04749,0.003358,6.53716,6.59535,6.6312,6.6582,6.71432
37.0,0.181586,0.00434,0.000307,0.1743,0.1785,0.1817,0.1843,0.19001,0.818413,0.00434,0.000307,0.80999,0.8157,0.8183,0.8215,0.8257,0.818413,0.00434,0.000307,0.80999,0.8157,0.8183,0.8215,0.8257,6.678216,0.04783,0.003382,6.59106,6.6463,6.68245,6.711,6.76558
37.25,0.181757,0.00449,0.000317,0.17369,0.17898,0.1815,0.18452,0.19091,0.818244,0.00449,0.000317,0.80909,0.81548,0.8185,0.82102,0.82631,0.818244,0.00449,0.000317,0.80909,0.81548,0.8185,0.82102,0.82631,6.729042,0.04783,0.003382,6.64106,6.69672,6.73205,6.76057,6.81605
37.5,0.182011,0.00451,0.000319,0.17358,0.17898,0.1818,0.18492,0.19102,0.817989,0.00451,0.000319,0.80898,0.81508,0.8182,0.82102,0.82642,0.817989,0.00451,0.000319,0.80898,0.81508,0.8182,0.82102,0.82642,6.779975,0.04758,0.003364,6.69218,6.74748,6.78255,6.81005,6.86557
37.75,0.181802,0.0041,0.00029,0.17519,0.17918,0.18115,0.18452,0.1909,0.818198,0.0041,0.00029,0.8091,0.81548,0.81885,0.82082,0.82481,0.818198,0.0041,0.00029,0.8091,0.81548,0.81885,0.82082,0.82481,6.830975,0.04762,0.003367,6.74329,6.79825,6.83405,6.8617,6.91816
38.0,0.181868,0.00396,0.00028,0.17439,0.179,0.182,0.1847,0.1897,0.818132,0.00396,0.00028,0.8103,0.8153,0.818,0.821,0.82561,0.818132,0.00396,0.00028,0.8103,0.8153,0.818,0.821,0.82561,6.882166,0.04769,0.003372,6.79407,6.85055,6.88435,6.91192,6.97122
38.25,0.181965,0.00432,0.000306,0.17389,0.1793,0.1817,0.1843,0.1912,0.818035,0.00432,0.000306,0.8088,0.8157,0.8183,0.8207,0.82611,0.818035,0.00432,0.000306,0.8088,0.8157,0.8183,0.8207,0.82611,6.933252,0.0475,0.003359,6.84676,6.90138,6.93455,6.96432,7.02237
38.5,0.182488,0.00425,0.0003,0.17539,0.1797,0.1821,0.18482,0.19181,0.817511,0.00425,0.0003,0.80819,0.81518,0.8179,0.8203,0.82461,0.817511,0.00425,0.0003,0.80819,0.81518,0.8179,0.8203,0.82461,6.984056,0.0473,0.003344,6.89776,6.95232,6.98515,7.01332,7.07312
38.75,0.182719,0.00438,0.000309,0.17518,0.1798,0.18245,0.18565,0.19142,0.817281,0.00438,0.000309,0.80858,0.81435,0.81755,0.8202,0.82482,0.817281,0.00438,0.000309,0.80858,0.81435,0.81755,0.8202,0.82482,7.035212,0.04726,0.003342,6.94839,7.00422,7.03815,7.06515,7.12212
39.0,0.182348,0.00468,0.000331,0.17388,0.1793,0.1822,0.18562,0.19182,0.817652,0.00468,0.000331,0.80818,0.81438,0.8178,0.8207,0.82612,0.817652,0.00468,0.000331,0.80818,0.81438,0.8178,0.8207,0.82612,7.08642,0.04739,0.003351,6.9992,7.05522,7.0882,7.11715,7.17198
39.25,0.182886,0.00463,0.000328,0.1737,0.17988,0.18255,0.1861,0.1922,0.817114,0.00463,0.000328,0.8078,0.8139,0.81745,0.82012,0.8263,0.817114,0.00463,0.000328,0.8078,0.8139,0.81745,0.82012,0.8263,7.137099,0.04772,0.003374,7.05014,7.10698,7.13945,7.16818,7.22258
39.5,0.182468,0.0045,0.000318,0.174,0.1793,0.18225,0.18512,0.1918,0.817533,0.0045,0.000318,0.8082,0.81488,0.81775,0.8207,0.826,0.817533,0.0045,0.000318,0.8082,0.81488,0.81775,0.8207,0.826,7.188545,0.04763,0.003368,7.10104,7.15638,7.192,7.22028,7.27322
39.75,0.182562,0.00452,0.00032,0.1737,0.1796,0.1825,0.18562,0.19141,0.817439,0.00452,0.00032,0.80859,0.81438,0.8175,0.8204,0.8263,0.817439,0.00452,0.00032,0.80859,0.81438,0.8175,0.8204,0.8263,7.239707,0.04745,0.003355,7.15389,7.20858,7.24255,7.27158,7.32919
40.0,0.182452,0.0046,0.000326,0.1735,0.17945,0.1822,0.18578,0.19241,0.817548,0.0046,0.000326,0.80759,0.81422,0.8178,0.82055,0.8265,0.817548,0.0046,0.000326,0.80759,0.81422,0.8178,0.82055,0.8265,7.290844,0.0476,0.003365,7.20528,7.25885,7.2945,7.32322,7.38301
40.25,0.182319,0.00445,0.000315,0.17447,0.17918,0.18245,0.18562,0.1915,0.817681,0.00445,0.000315,0.8085,0.81438,0.81755,0.82082,0.82553,0.817681,0.00445,0.000315,0.8085,0.81438,0.81755,0.82082,0.82553,7.34199,0.04761,0.003367,7.2564,7.31038,7.3459,7.3728,7.4358
40.5,0.182142,0.00414,0.000292,0.1741,0.1794,0.1818,0.18502,0.1905,0.817857,0.00414,0.000292,0.8095,0.81498,0.8182,0.8206,0.8259,0.817857,0.00414,0.000292,0.8095,0.81498,0.8182,0.8206,0.8259,7.393018,0.04771,0.003374,7.30491,7.36163,7.39575,7.42375,7.48516
40.75,0.182241,0.00449,0.000318,0.1728,0.17948,0.1822,0.18512,0.19051,0.81776,0.00449,0.000318,0.80949,0.81488,0.8178,0.82052,0.82721,0.81776,0.00449,0.000318,0.80949,0.81488,0.8178,0.82052,0.82721,7.444016,0.04762,0.003367,7.35149,7.41278,7.4474,7.47585,7.53778
41.0,0.18203,0.00448,0.000317,0.17339,0.1786,0.1823,0.18485,0.1906,0.817969,0.00448,0.000317,0.8094,0.81515,0.8177,0.8214,0.82661,0.817969,0.00448,0.000317,0.8094,0.81515,0.8177,0.8214,0.82661,7.495172,0.04755,0.003362,7.40269,7.46322,7.49825,7.52612,7.58389
41.25,0.182259,0.00423,0.000299,0.17519,0.1792,0.18155,0.18562,0.1903,0.817741,0.00423,0.000299,0.8097,0.81438,0.81845,0.8208,0.82481,0.817741,0.00423,0.000299,0.8097,0.81438,0.81845,0.8208,0.82481,7.546035,0.04763,0.003368,7.45274,7.5149,7.5475,7.57765,7.6362
41.5,0.18231,0.0045,0.000318,0.17409,0.17908,0.18235,0.1858,0.19061,0.81769,0.0045,0.000318,0.80939,0.8142,0.81765,0.82092,0.82591,0.81769,0.0045,0.000318,0.80939,0.8142,0.81765,0.82092,0.82591,7.597174,0.04797,0.003392,7.50492,7.56528,7.5977,7.6315,7.69117
41.75,0.182283,0.00448,0.000317,0.1741,0.17915,0.18225,0.18522,0.18973,0.817717,0.00448,0.000317,0.81027,0.81478,0.81775,0.82085,0.8259,0.817717,0.00448,0.000317,0.81027,0.81478,0.81775,0.82085,0.8259,7.648176,0.04783,0.003382,7.55721,7.6163,7.6487,7.68105,7.73907
42.0,0.182663,0.00428,0.000303,0.174,0.17998,0.1826,0.1854,0.19041,0.817338,0.00428,0.000303,0.8096,0.8146,0.8174,0.82002,0.826,0.817338,0.00428,0.000303,0.8096,0.8146,0.8174,0.82002,0.826,7.699205,0.04778,0.003379,7.61038,7.66658,7.70155,7.73152,7.78827
42.25,0.182334,0.00446,0.000315,0.17479,0.1793,0.1823,0.18495,0.19082,0.817666,0.00446,0.000315,0.80918,0.81505,0.8177,0.8207,0.82521,0.817666,0.00446,0.000315,0.80918,0.81505,0.8177,0.8207,0.82521,7.750524,0.04787,0.003385,7.66117,7.71842,7.75245,7.78302,7.8413
42.5,0.182411,0.00433,0.000306,0.17506,0.17948,0.1823,0.1849,0.18982,0.81759,0.00433,0.000306,0.81018,0.8151,0.8177,0.82052,0.82494,0.81759,0.00433,0.000306,0.81018,0.8151,0.8177,0.82052,0.82494,7.801488,0.04795,0.003391,7.71132,7.76782,7.8036,7.83402,7.89096
42.75,0.182541,0.00419,0.000296,0.1747,0.1795,0.1824,0.1851,0.1905,0.817458,0.00419,0.000296,0.8095,0.8149,0.8176,0.8205,0.8253,0.817458,0.00419,0.000296,0.8095,0.8149,0.8176,0.8205,0.8253,7.852524,0.04806,0.003398,7.76088,7.81905,7.8549,7.8853,7.94253
43.0,0.182946,0.0043,0.000304,0.17427,0.18,0.1829,0.18585,0.1916,0.817054,0.0043,0.000304,0.8084,0.81415,0.8171,0.82,0.82573,0.817054,0.0043,0.000304,0.8084,0.81415,0.8171,0.82,0.82573,7.90348,0.04835,0.003419,7.81192,7.86918,7.90435,7.93558,7.9937
43.25,0.182926,0.00453,0.00032,0.17339,0.18025,0.1826,0.18572,0.19111,0.817073,0.00453,0.00032,0.80889,0.81428,0.8174,0.81975,0.82661,0.817073,0.00453,0.00032,0.80889,0.81428,0.8174,0.81975,0.82661,7.954602,0.04822,0.00341,7.86336,7.92048,7.95575,7.9868,8.04522
43.5,0.182754,0.00464,0.000328,0.17359,0.17985,0.1825,0.1858,0.1916,0.817246,0.00464,0.000328,0.8084,0.8142,0.8175,0.82015,0.82641,0.817246,0.00464,0.000328,0.8084,0.8142,0.8175,0.82015,0.82641,8.00584,0.0483,0.003416,7.91426,7.97132,8.0086,8.03743,8.09352
43.75,0.182438,0.00473,0.000335,0.1729,0.1795,0.1826,0.18522,0.19141,0.817561,0.00473,0.000335,0.80859,0.81478,0.8174,0.8205,0.8271,0.817561,0.00473,0.000335,0.80859,0.81478,0.8174,0.8205,0.8271,8.057093,0.04856,0.003434,7.96308,8.0228,8.0585,8.08868,8.14514
44.0,0.182649,0.0044,0.000311,0.17488,0.1795,0.1824,0.1857,0.1908,0.817351,0.0044,0.000311,0.8092,0.8143,0.8176,0.8205,0.82512,0.817351,0.0044,0.000311,0.8092,0.8143,0.8176,0.8205,0.82512,8.108035,0.04844,0.003425,8.01557,8.0735,8.10915,8.13922,8.19668
44.25,0.182461,0.00446,0.000316,0.17309,0.1795,0.18205,0.18542,0.1915,0.817539,0.00446,0.000316,0.8085,0.81458,0.81795,0.8205,0.82691,0.817539,0.00446,0.000316,0.8085,0.81458,0.81795,0.8205,0.82691,8.159099,0.04848,0.003428,8.0674,8.12422,8.1617,8.19035,8.24894
44.5,0.182827,0.00436,0.000308,0.17408,0.17998,0.18295,0.18552,0.19122,0.817173,0.00436,0.000308,0.80878,0.81448,0.81705,0.82002,0.82592,0.817173,0.00436,0.000308,0.80878,0.81448,0.81705,0.82002,0.82592,8.210019,0.04861,0.003437,8.11994,8.17523,8.2112,8.24352,8.29987
44.75,0.182391,0.00419,0.000296,0.1737,0.1795,0.18255,0.1852,0.19022,0.817609,0.00419,0.000296,0.80978,0.8148,0.81745,0.8205,0.8263,0.817609,0.00419,0.000296,0.80978,0.8148,0.81745,0.8205,0.8263,8.26144,0.04862,0.003438,8.17263,8.22742,8.26305,8.29528,8.35248
45.0,0.182585,0.00407,0.000288,0.1748,0.18008,0.1825,0.1856,0.19051,0.817415,0.00407,0.000288,0.80949,0.8144,0.8175,0.81992,0.8252,0.817415,0.00407,0.000288,0.80949,0.8144,0.8175,0.81992,0.8252,8.31248,0.04866,0.003441,8.22211,8.2791,8.31445,8.346,8.40236
45.25,0.182479,0.00403,0.000285,0.1748,0.17988,0.18225,0.18512,0.19,0.817521,0.00403,0.000285,0.81,0.81488,0.81775,0.82012,0.8252,0.817521,0.00403,0.000285,0.81,0.81488,0.81775,0.82012,0.8252,8.363654,0.04883,0.003453,8.2721,8.3305,8.36515,8.39848,8.45597
45.5,0.182534,0.00412,0.000291,0.1753,0.17958,0.18185,0.1858,0.19092,0.817466,0.00412,0.000291,0.80908,0.8142,0.81815,0.82042,0.8247,0.817466,0.00412,0.000291,0.80908,0.8142,0.81815,0.82042,0.8247,8.414557,0.049,0.003465,8.322,8.38107,8.41535,8.44957,8.51028
45.75,0.183038,0.00443,0.000313,0.17299,0.1802,0.1831,0.186,0.19172,0.816962,0.00443,0.000313,0.80828,0.814,0.8169,0.8198,0.82701,0.816962,0.00443,0.000313,0.80828,0.814,0.8169,0.8198,0.82701,8.465325,0.0492,0.003479,8.37222,8.43127,8.46515,8.50015,8.55986
46.0,0.18322,0.00466,0.000329,0.17345,0.1806,0.18345,0.18572,0.1918,0.81678,0.00466,0.000329,0.8082,0.81428,0.81655,0.8194,0.82655,0.81678,0.00466,0.000329,0.8082,0.81428,0.81655,0.8194,0.82655,8.516322,0.04943,0.003495,8.42168,8.48105,8.5163,8.55282,8.61372
46.25,0.183178,0.00465,0.000329,0.1741,0.1805,0.1831,0.18612,0.1923,0.816822,0.00465,0.000329,0.8077,0.81388,0.8169,0.8195,0.8259,0.816822,0.00465,0.000329,0.8077,0.81388,0.8169,0.8195,0.8259,8.567413,0.04953,0.003502,8.47454,8.53305,8.56795,8.6037,8.66532
46.5,0.182956,0.0046,0.000326,0.17339,0.17978,0.1828,0.1859,0.19261,0.817044,0.0046,0.000326,0.80739,0.8141,0.8172,0.82023,0.82661,0.817044,0.0046,0.000326,0.80739,0.8141,0.8172,0.82023,0.82661,8.618727,0.04944,0.003496,8.52852,8.5838,8.619,8.65465,8.71409
46.75,0.182544,0.00454,0.000321,0.1734,0.1796,0.1826,0.18535,0.19093,0.817456,0.00454,0.000321,0.80907,0.81465,0.8174,0.8204,0.8266,0.817456,0.00454,0.000321,0.80907,0.81465,0.8174,0.8204,0.8266,8.670014,0.04966,0.003512,8.58083,8.63588,8.66905,8.7062,8.7675
47.0,0.18276,0.00445,0.000315,0.1743,0.1799,0.1831,0.1862,0.1906,0.81724,0.00445,0.000315,0.8094,0.8138,0.8169,0.8201,0.8257,0.81724,0.00445,0.000315,0.8094,0.8138,0.8169,0.8201,0.8257,8.721028,0.04945,0.003497,8.63295,8.68625,8.72135,8.7583,8.81616
47.25,0.182527,0.00443,0.000313,0.1734,0.1793,0.1826,0.1854,0.1917,0.817472,0.00443,0.000313,0.8083,0.8146,0.8174,0.8207,0.8266,0.817472,0.00443,0.000313,0.8083,0.8146,0.8174,0.8207,0.8266,8.772199,0.04928,0.003485,8.68182,8.73853,8.77265,8.80718,8.86995
47.5,0.18259,0.00466,0.000329,0.1737,0.1794,0.183,0.1853,0.19171,0.81741,0.00466,0.000329,0.80829,0.8147,0.817,0.8206,0.8263,0.81741,0.00466,0.000329,0.80829,0.8147,0.817,0.8206,0.8263,8.823251,0.04918,0.003477,8.7348,8.79032,8.8246,8.8582,8.91609
47.75,0.182461,0.00418,0.000296,0.1746,0.1796,0.1827,0.185,0.19081,0.817539,0.00418,0.000296,0.80919,0.815,0.8173,0.8204,0.8254,0.817539,0.00418,0.000296,0.80919,0.815,0.8173,0.8204,0.8254,8.874428,0.04921,0.00348,8.78281,8.84092,8.87645,8.90973,8.96587
48.0,0.182594,0.00428,0.000303,0.17458,0.1797,0.1824,0.18552,0.19122,0.817405,0.00428,0.000303,0.80878,0.81448,0.8176,0.8203,0.82542,0.817405,0.00428,0.000303,0.80878,0.81448,0.8176,0.8203,0.82542,8.925423,0.04922,0.003481,8.83764,8.89245,8.92575,8.9605,9.01746
48.25,0.182825,0.00439,0.000311,0.1753,0.17988,0.1827,0.18562,0.1923,0.817175,0.00439,0.000311,0.8077,0.81438,0.8173,0.82012,0.8247,0.817175,0.00439,0.000311,0.8077,0.81438,0.8173,0.82012,0.8247,8.976376,0.04916,0.003476,8.88871,8.9445,8.97765,9.01063,9.06838
48.5,0.182631,0.00446,0.000315,0.1745,0.17998,0.1826,0.18545,0.19082,0.817369,0.00446,0.000315,0.80918,0.81455,0.8174,0.82002,0.8255,0.817369,0.00446,0.000315,0.80918,0.81455,0.8174,0.82002,0.8255,9.027404,0.04935,0.003489,8.93952,8.9951,9.0288,9.0626,9.12038
48.75,0.182725,0.0043,0.000304,0.17429,0.17995,0.1827,0.1856,0.19141,0.817276,0.0043,0.000304,0.80859,0.8144,0.8173,0.82005,0.82571,0.817276,0.0043,0.000304,0.80859,0.8144,0.8173,0.82005,0.82571,9.07859,0.0492,0.003479,8.98866,9.04747,9.07995,9.11305,9.17241
49.0,0.183146,0.00433,0.000306,0.17568,0.18038,0.18305,0.1859,0.19161,0.816854,0.00433,0.000306,0.80839,0.8141,0.81695,0.81962,0.82432,0.816854,0.00433,0.000306,0.80839,0.8141,0.81695,0.81962,0.82432,9.129374,0.04927,0.003484,9.03962,9.0958,9.1317,9.16512,9.22291
49.25,0.183037,0.00449,0.000317,0.1763,0.18008,0.1827,0.18625,0.19151,0.816963,0.00449,0.000317,0.80849,0.81375,0.8173,0.81992,0.8237,0.816963,0.00449,0.000317,0.80849,0.81375,0.8173,0.81992,0.8237,9.1804,0.04937,0.003491,9.08987,9.14898,9.18345,9.2168,9.27262
49.5,0.182906,0.00439,0.000311,0.1753,0.18018,0.1826,0.1857,0.1921,0.817094,0.00439,0.000311,0.8079,0.8143,0.8174,0.81982,0.8247,0.817094,0.00439,0.000311,0.8079,0.8143,0.8174,0.81982,0.8247,9.231458,0.04934,0.003489,9.14206,9.1979,9.23375,9.267,9.32326
49.75,0.182824,0.00439,0.000311,0.17479,0.1797,0.1827,0.18592,0.19221,0.817176,0.00439,0.000311,0.80779,0.81408,0.8173,0.8203,0.82521,0.817176,0.00439,0.000311,0.80779,0.81408,0.8173,0.8203,0.82521,9.282434,0.04911,0.003472,9.19203,9.25025,9.2844,9.3171,9.37396
50.0,0.183105,0.0045,0.000318,0.175,0.1802,0.18285,0.18602,0.19251,0.816895,0.0045,0.000318,0.80749,0.81397,0.81715,0.8198,0.825,0.816895,0.0045,0.000318,0.80749,0.81397,0.81715,0.8198,0.825,9.333508,0.04936,0.00349,9.24448,9.30107,9.3356,9.36688,9.42591
50.25,0.182943,0.00477,0.000337,0.17338,0.18,0.1831,0.1858,0.19321,0.817057,0.00477,0.000337,0.80679,0.8142,0.8169,0.82,0.82662,0.817057,0.00477,0.000337,0.80679,0.8142,0.8169,0.82,0.82662,9.384512,0.04933,0.003488,9.2964,9.35237,9.3859,9.41772,9.47966
50.5,0.182653,0.00507,0.000358,0.17158,0.1798,0.18305,0.18592,0.19111,0.817347,0.00507,0.000358,0.80889,0.81408,0.81695,0.8202,0.82842,0.817347,0.00507,0.000358,0.80889,0.81408,0.81695,0.8202,0.82842,9.435853,0.04928,0.003485,9.34628,9.40228,9.43675,9.46945,9.53158
50.75,0.182552,0.00483,0.000341,0.1734,0.1793,0.18285,0.1863,0.1905,0.817448,0.00483,0.000341,0.8095,0.8137,0.81715,0.8207,0.8266,0.817448,0.00483,0.000341,0.8095,0.8137,0.81715,0.8207,0.8266,9.486856,0.04899,0.003464,9.40026,9.4536,9.4878,9.52082,9.58015
51.0,0.182402,0.00475,0.000336,0.17289,0.17928,0.183,0.18562,0.19021,0.817598,0.00475,0.000336,0.80979,0.81438,0.817,0.82072,0.82711,0.817598,0.00475,0.000336,0.80979,0.81438,0.817,0.82072,0.82711,9.538112,0.04884,0.003454,9.44991,9.5058,9.5416,9.5717,9.63072
51.25,0.18247,0.00469,0.000332,0.17458,0.1787,0.18215,0.18622,0.19172,0.81753,0.00469,0.000332,0.80828,0.81377,0.81785,0.8213,0.82542,0.81753,0.00469,0.000332,0.80828,0.81377,0.81785,0.8213,0.82542,9.589132,0.04899,0.003464,9.50094,9.55825,9.59265,9.62212,9.68314
51.5,0.182668,0.00482,0.000341,0.1737,0.1794,0.18305,0.18602,0.19191,0.817332,0.00482,0.000341,0.80809,0.81397,0.81695,0.8206,0.8263,0.817332,0.00482,0.000341,0.80809,0.81397,0.81695,0.8206,0.8263,9.64022,0.04909,0.003471,9.54773,9.60823,9.6424,9.6727,9.73487
51.75,0.182538,0.00452,0.000319,0.17438,0.17945,0.18225,0.1856,0.1914,0.817462,0.00452,0.000319,0.8086,0.8144,0.81775,0.82055,0.82562,0.817462,0.00452,0.000319,0.8086,0.8144,0.81775,0.82055,0.82562,9.691519,0.04939,0.003492,9.60017,9.65638,9.6953,9.72395,9.78737
52.0,0.182569,0.00435,0.000307,0.17499,0.1792,0.1827,0.1851,0.19043,0.817431,0.00435,0.000307,0.80957,0.8149,0.8173,0.8208,0.82501,0.817431,0.00435,0.000307,0.80957,0.8149,0.8173,0.8208,0.82501,9.742493,0.0493,0.003486,9.6524,9.70632,9.747,9.77503,9.83911
52.25,0.182626,0.00435,0.000308,0.1744,0.1798,0.1824,0.18522,0.1914,0.817374,0.00435,0.000308,0.8086,0.81478,0.8176,0.8202,0.8256,0.817374,0.00435,0.000308,0.8086,0.81478,0.8176,0.8202,0.8256,9.793467,0.04909,0.003471,9.70213,9.75892,9.7967,9.8264,9.88816
52.5,0.182854,0.00453,0.000321,0.174,0.1795,0.1826,0.186,0.19161,0.817146,0.00453,0.000321,0.80839,0.814,0.8174,0.8205,0.826,0.817146,0.00453,0.000321,0.80839,0.814,0.8174,0.8205,0.826,9.844269,0.04899,0.003464,9.75532,9.8109,9.8475,9.87628,9.93872
52.75,0.183057,0.00464,0.000328,0.17486,0.1799,0.18335,0.18592,0.1913,0.816943,0.00464,0.000328,0.8087,0.81408,0.81665,0.8201,0.82514,0.816943,0.00464,0.000328,0.8087,0.81408,0.81665,0.8201,0.82514,9.895166,0.0492,0.003479,9.8073,9.8615,9.89895,9.92885,9.99035
53.0,0.183164,0.00467,0.00033,0.17378,0.17988,0.18325,0.18635,0.1912,0.816836,0.00467,0.00033,0.8088,0.81365,0.81675,0.82012,0.82622,0.816836,0.00467,0.00033,0.8088,0.81365,0.81675,0.82012,0.82622,9.946169,0.04907,0.00347,9.85799,9.91175,9.94965,9.97838,10.03936
53.25,0.18267,0.00465,0.000329,0.17348,0.1797,0.18265,0.1861,0.19121,0.81733,0.00465,0.000329,0.80879,0.8139,0.81735,0.8203,0.82652,0.81733,0.00465,0.000329,0.80879,0.8139,0.81735,0.8203,0.82652,9.997598,0.04888,0.003456,9.90968,9.96375,10.0023,10.0295,10.09227
53.5,0.182744,0.00469,0.000332,0.17389,0.17975,0.1827,0.18572,0.1928,0.817256,0.00469,0.000332,0.8072,0.81428,0.8173,0.82025,0.82611,0.817256,0.00469,0.000332,0.8072,0.81428,0.8173,0.82025,0.82611,10.048593,0.04896,0.003462,9.9563,10.0154,10.05495,10.08102,10.14428
53.75,0.182511,0.00465,0.000329,0.17368,0.17948,0.18285,0.1856,0.19055,0.817489,0.00465,0.000329,0.80946,0.8144,0.81715,0.82052,0.82632,0.817489,0.00465,0.000329,0.80946,0.8144,0.81715,0.82052,0.82632,10.099762,0.04929,0.003485,10.00889,10.06695,10.10405,10.13138,10.19468
54.0,0.183022,0.00439,0.00031,0.17359,0.18005,0.18325,0.1862,0.19092,0.816978,0.00439,0.00031,0.80908,0.8138,0.81675,0.81995,0.82641,0.816978,0.00439,0.00031,0.80908,0.8138,0.81675,0.81995,0.82641,10.150712,0.04961,0.003508,10.057,10.1184,10.15545,10.18332,10.24754
54.25,0.182916,0.00434,0.000307,0.1749,0.17998,0.1831,0.1855,0.1919,0.817084,0.00434,0.000307,0.8081,0.8145,0.8169,0.82002,0.8251,0.817084,0.00434,0.000307,0.8081,0.8145,0.8169,0.82002,0.8251,10.201793,0.04967,0.003512,10.10681,10.169,10.2064,10.23257,10.29785
54.5,0.183016,0.00457,0.000323,0.17469,0.18018,0.1827,0.1865,0.1918,0.816984,0.00457,0.000323,0.8082,0.8135,0.8173,0.81982,0.82531,0.816984,0.00457,0.000323,0.8082,0.8135,0.8173,0.81982,0.82531,10.25296,0.04947,0.003498,10.15833,10.21888,10.25775,10.28367,10.3484
54.75,0.182973,0.00477,0.000338,0.17358,0.17985,0.1831,0.1862,0.1912,0.817027,0.00477,0.000338,0.8088,0.8138,0.8169,0.82015,0.82642,0.817027,0.00477,0.000338,0.8088,0.8138,0.8169,0.82015,0.82642,10.304176,0.04959,0.003507,10.20945,10.2712,10.3102,10.3338,10.40091
55.0,0.182987,0.00492,0.000348,0.1741,0.17988,0.18305,0.18612,0.1929,0.817013,0.00492,0.000348,0.8071,0.81388,0.81695,0.82012,0.8259,0.817013,0.00492,0.000348,0.8071,0.81388,0.81695,0.82012,0.8259,10.355263,0.04953,0.003502,10.25824,10.32157,10.3602,10.38535,10.45192
55.25,0.182812,0.00486,0.000344,0.17289,0.17958,0.183,0.18645,0.19221,0.817188,0.00486,0.000344,0.80779,0.81355,0.817,0.82042,0.82711,0.817188,0.00486,0.000344,0.80779,0.81355,0.817,0.82042,0.82711,10.406306,0.0497,0.003515,10.30691,10.3736,10.4113,10.4365,10.50152
55.5,0.182801,0.0051,0.000361,0.17399,0.17918,0.1826,0.18602,0.1932,0.817199,0.0051,0.000361,0.8068,0.81397,0.8174,0.82082,0.82601,0.817199,0.0051,0.000361,0.8068,0.81397,0.8174,0.82082,0.82601,10.457551,0.04994,0.003531,10.35712,10.4252,10.46275,10.48785,10.55332
55.75,0.182822,0.00493,0.000348,0.17329,0.17965,0.18315,0.18602,0.19272,0.817178,0.00493,0.000348,0.80728,0.81397,0.81685,0.82035,0.82671,0.817178,0.00493,0.000348,0.80728,0.81397,0.81685,0.82035,0.82671,10.508624,0.04982,0.003523,10.40826,10.47668,10.5133,10.53912,10.60461
56.0,0.183248,0.0046,0.000326,0.17396,0.1805,0.1831,0.1866,0.1918,0.816752,0.0046,0.000326,0.8082,0.8134,0.8169,0.8195,0.82604,0.816752,0.0046,0.000326,0.8082,0.8134,0.8169,0.8195,0.82604,10.559645,0.05,0.003536,10.45984,10.52705,10.56335,10.5913,10.65481
56.25,0.183058,0.0047,0.000332,0.17208,0.18015,0.1838,0.18612,0.19142,0.816941,0.0047,0.000332,0.80858,0.81388,0.8162,0.81985,0.82792,0.816941,0.0047,0.000332,0.80858,0.81388,0.8162,0.81985,0.82792,10.611052,0.04999,0.003535,10.51182,10.57898,10.6164,10.64132,10.70267
56.5,0.182924,0.00481,0.00034,0.17259,0.1801,0.1831,0.1861,0.19141,0.817076,0.00481,0.00034,0.80859,0.8139,0.8169,0.8199,0.82741,0.817076,0.00481,0.00034,0.80859,0.8139,0.8169,0.8199,0.82741,10.662422,0.04988,0.003527,10.56356,10.62878,10.6658,10.69205,10.75573
56.75,0.182766,0.00496,0.000351,0.17277,0.1795,0.1832,0.186,0.19181,0.817234,0.00496,0.000351,0.80819,0.814,0.8168,0.8205,0.82723,0.817234,0.00496,0.000351,0.80819,0.814,0.8168,0.8205,0.82723,10.713692,0.04951,0.003501,10.61558,10.67992,10.7169,10.74298,10.80685
57.0,0.182644,0.00453,0.00032,0.1734,0.17965,0.1833,0.18592,0.1907,0.817356,0.00453,0.00032,0.8093,0.81408,0.8167,0.82035,0.8266,0.817356,0.00453,0.00032,0.8093,0.81408,0.8167,0.82035,0.8266,10.764825,0.04969,0.003514,10.67064,10.7301,10.76865,10.7953,10.85882
57.25,0.182528,0.00454,0.000321,0.17338,0.1799,0.18275,0.18555,0.19032,0.817472,0.00454,0.000321,0.80968,0.81445,0.81725,0.8201,0.82662,0.817472,0.00454,0.000321,0.80968,0.81445,0.81725,0.8201,0.82662,10.816032,0.04981,0.003522,10.7231,10.78298,10.81935,10.84632,10.90817
57.5,0.182464,0.00476,0.000337,0.1724,0.1797,0.18245,0.1854,0.19161,0.817536,0.00476,0.000337,0.80839,0.8146,0.81755,0.8203,0.8276,0.817536,0.00476,0.000337,0.80839,0.8146,0.81755,0.8203,0.8276,10.867347,0.04988,0.003527,10.77267,10.83302,10.8699,10.89812,10.96139
57.75,0.182456,0.00461,0.000326,0.1731,0.17968,0.18235,0.18535,0.19093,0.817545,0.00461,0.000326,0.80907,0.81465,0.81765,0.82032,0.8269,0.817545,0.00461,0.000326,0.80907,0.81465,0.81765,0.82032,0.8269,10.918215,0.05005,0.003539,10.82453,10.88238,10.92235,10.95028,11.01143
58.0,0.182497,0.0043,0.000304,0.1745,0.17965,0.1829,0.1855,0.19021,0.817503,0.0043,0.000304,0.80979,0.8145,0.8171,0.82035,0.8255,0.817503,0.0043,0.000304,0.80979,0.8145,0.8171,0.82035,0.8255,10.969222,0.05004,0.003539,10.87063,10.93388,10.9729,11.0004,11.06324
58.25,0.182557,0.00439,0.00031,0.1735,0.1801,0.1825,0.18562,0.1903,0.817444,0.00439,0.00031,0.8097,0.81438,0.8175,0.8199,0.8265,0.817444,0.00439,0.00031,0.8097,0.81438,0.8175,0.8199,0.8265,11.020445,0.04991,0.003529,10.92097,10.98672,11.02455,11.05062,11.11169
58.5,0.182616,0.00424,0.0003,0.17418,0.18005,0.1826,0.18582,0.1907,0.817383,0.00424,0.0003,0.8093,0.81418,0.8174,0.81995,0.82582,0.817383,0.00424,0.0003,0.8093,0.81418,0.8174,0.81995,0.82582,11.071508,0.04991,0.003529,10.97118,11.0405,11.0745,11.10358,11.16559
58.75,0.182914,0.00469,0.000331,0.1733,0.17978,0.1833,0.1861,0.19111,0.817086,0.00469,0.000331,0.80889,0.8139,0.8167,0.82023,0.8267,0.817086,0.00469,0.000331,0.80889,0.8139,0.8167,0.82023,0.8267,11.122437,0.04987,0.003526,11.02201,11.08912,11.1252,11.15322,11.21405
59.0,0.182948,0.00477,0.000337,0.17238,0.18008,0.1827,0.18615,0.19201,0.817052,0.00477,0.000337,0.80799,0.81385,0.8173,0.81992,0.82762,0.817052,0.00477,0.000337,0.80799,0.81385,0.8173,0.81992,0.82762,11.17352,0.0501,0.003542,11.07384,11.14115,11.17645,11.2044,11.26755
59.25,0.182917,0.00454,0.000321,0.1747,0.18,0.18255,0.18582,0.19172,0.817083,0.00454,0.000321,0.80828,0.81418,0.81745,0.82,0.8253,0.817083,0.00454,0.000321,0.80828,0.81418,0.81745,0.82,0.8253,11.224596,0.04976,0.003519,11.12508,11.19208,11.22855,11.25502,11.3147
59.5,0.182916,0.00449,0.000318,0.1734,0.1798,0.18295,0.18592,0.1915,0.817084,0.00449,0.000318,0.8085,0.81408,0.81705,0.8202,0.8266,0.817084,0.00449,0.000318,0.8085,0.81408,0.81705,0.8202,0.8266,11.275603,0.05002,0.003537,11.17434,11.24528,11.27865,11.30632,11.36581
59.75,0.183044,0.00459,0.000325,0.17479,0.18025,0.183,0.1858,0.1925,0.816956,0.00459,0.000325,0.8075,0.8142,0.817,0.81975,0.82521,0.816956,0.00459,0.000325,0.8075,0.8142,0.817,0.81975,0.82521,11.326663,0.04991,0.003529,11.22646,11.2952,11.3287,11.35722,11.41691
60.0,0.183326,0.00484,0.000342,0.17456,0.17958,0.1832,0.18632,0.19362,0.816674,0.00484,0.000342,0.80638,0.81368,0.8168,0.82042,0.82544,0.816674,0.00484,0.000342,0.80638,0.81368,0.8168,0.82042,0.82544,11.377563,0.05036,0.003561,11.2731,11.34472,11.38025,11.40738,11.47146
60.25,0.183293,0.00464,0.000328,0.17429,0.1803,0.1832,0.186,0.19261,0.816707,0.00464,0.000328,0.80739,0.814,0.8168,0.8197,0.82571,0.816707,0.00464,0.000328,0.80739,0.814,0.8168,0.8197,0.82571,11.428658,0.05062,0.003579,11.32068,11.3958,11.43275,11.45772,11.52241
60.5,0.183192,0.0047,0.000332,0.17379,0.17988,0.1831,0.18642,0.19205,0.816808,0.0047,0.000332,0.80795,0.81358,0.8169,0.82012,0.82621,0.816808,0.0047,0.000332,0.80795,0.81358,0.8169,0.82012,0.82621,11.479781,0.05086,0.003596,11.37079,11.44757,11.483,11.50932,11.57674
60.75,0.183446,0.00442,0.000312,0.1757,0.18018,0.183,0.1864,0.1922,0.816554,0.00442,0.000312,0.8078,0.8136,0.817,0.81982,0.8243,0.816554,0.00442,0.000312,0.8078,0.8136,0.817,0.81982,0.8243,11.530844,0.05108,0.003612,11.42265,11.50095,11.53335,11.56068,11.62663
61.0,0.18319,0.00443,0.000313,0.1751,0.18018,0.1831,0.18612,0.19161,0.81681,0.00443,0.000313,0.80838,0.81388,0.8169,0.81982,0.8249,0.81681,0.00443,0.000313,0.80838,0.81388,0.8169,0.81982,0.8249,11.582061,0.051,0.003606,11.47528,11.553,11.586,11.61355,11.68432
61.25,0.183161,0.00429,0.000303,0.1748,0.1803,0.1831,0.1861,0.19071,0.816839,0.00429,0.000303,0.80929,0.8139,0.8169,0.8197,0.82521,0.816839,0.00429,0.000303,0.80929,0.8139,0.8169,0.8197,0.82521,11.633189,0.05092,0.003601,11.52446,11.6044,11.63605,11.66315,11.73322
61.5,0.183218,0.00427,0.000302,0.17538,0.1802,0.18355,0.1864,0.19101,0.816782,0.00427,0.000302,0.80899,0.8136,0.81645,0.8198,0.82462,0.816782,0.00427,0.000302,0.80899,0.8136,0.81645,0.8198,0.82462,11.684192,0.05105,0.00361,11.57525,11.65498,11.6877,11.7151,11.7859
61.75,0.18308,0.00442,0.000313,0.17419,0.18008,0.1835,0.1858,0.1915,0.81692,0.00442,0.000313,0.8085,0.8142,0.8165,0.81992,0.82581,0.81692,0.00442,0.000313,0.8085,0.8142,0.8165,0.81992,0.82581,11.735486,0.05099,0.003605,11.62743,11.70715,11.73965,11.7672,11.83797
62.0,0.182851,0.00404,0.000286,0.1746,0.18018,0.18285,0.186,0.19052,0.817149,0.00404,0.000286,0.80948,0.814,0.81715,0.81982,0.8254,0.817149,0.00404,0.000286,0.80948,0.814,0.81715,0.81982,0.8254,11.786722,0.05092,0.003601,11.68175,11.75758,11.79105,11.81862,11.88815
62.25,0.182816,0.00391,0.000276,0.1756,0.17988,0.1826,0.18572,0.1901,0.817184,0.00391,0.000276,0.8099,0.81428,0.8174,0.82012,0.8244,0.817184,0.00391,0.000276,0.8099,0.81428,0.8174,0.82012,0.8244,11.837694,0.05084,0.003595,11.734,11.80932,11.84185,11.86715,11.93655
62.5,0.183138,0.00393,0.000278,0.1756,0.1807,0.1831,0.1859,0.1907,0.816862,0.00393,0.000278,0.8093,0.8141,0.8169,0.8193,0.8244,0.816862,0.00393,0.000278,0.8093,0.8141,0.8169,0.8193,0.8244,11.888571,0.05097,0.003604,11.78453,11.86028,11.8929,11.91892,11.98668
62.75,0.18294,0.00424,0.0003,0.1748,0.18038,0.18265,0.18562,0.1917,0.81706,0.00424,0.0003,0.8083,0.81438,0.81735,0.81962,0.8252,0.81706,0.00424,0.0003,0.8083,0.81438,0.81735,0.81962,0.8252,11.940051,0.05079,0.003592,11.83566,11.90995,11.9447,11.97215,12.03554
63.0,0.182768,0.00442,0.000312,0.17459,0.18,0.1828,0.18532,0.1906,0.817232,0.00442,0.000312,0.8094,0.81467,0.8172,0.82,0.82541,0.817232,0.00442,0.000312,0.8094,0.81467,0.8172,0.82,0.82541,11.991161,0.05082,0.003593,11.88784,11.95973,11.99595,12.0215,12.0883
63.25,0.182432,0.00453,0.00032,0.17449,0.1793,0.1821,0.1859,0.19051,0.817568,0.00453,0.00032,0.80949,0.8141,0.8179,0.8207,0.82551,0.817568,0.00453,0.00032,0.80949,0.8141,0.8179,0.8207,0.82551,12.042274,0.05079,0.003591,11.93668,12.01285,12.0459,12.07162,12.14454
63.5,0.182454,0.00477,0.000338,0.17339,0.1793,0.1823,0.1856,0.1923,0.817545,0.00477,0.000338,0.8077,0.8144,0.8177,0.8207,0.82661,0.817545,0.00477,0.000338,0.8077,0.8144,0.8177,0.8207,0.82661,12.093336,0.0505,0.003571,11.98678,12.0637,12.0966,12.12505,12.19378
63.75,0.18264,0.00472,0.000334,0.1737,0.17958,0.1828,0.1858,0.19133,0.81736,0.00472,0.000334,0.80867,0.8142,0.8172,0.82042,0.8263,0.81736,0.00472,0.000334,0.80867,0.8142,0.8172,0.82042,0.8263,12.144326,0.05076,0.003589,12.03764,12.11412,12.1477,12.17452,12.24575
64.0,0.183154,0.00482,0.000341,0.17396,0.1797,0.1831,0.18632,0.1924,0.816846,0.00482,0.000341,0.8076,0.81368,0.8169,0.8203,0.82604,0.816846,0.00482,0.000341,0.8076,0.81368,0.8169,0.8203,0.82604,12.195187,0.05085,0.003596,12.0892,12.16605,12.19755,12.2249,12.29552
64.25,0.183147,0.00479,0.000339,0.17438,0.1801,0.1828,0.18652,0.19242,0.816852,0.00479,0.000339,0.80758,0.81348,0.8172,0.8199,0.82562,0.816852,0.00479,0.000339,0.80758,0.81348,0.8172,0.8199,0.82562,12.246376,0.05082,0.003594,12.1394,12.2151,12.249,12.2753,12.34749
64.5,0.183134,0.00467,0.000331,0.174,0.17998,0.18295,0.18612,0.19231,0.816866,0.00467,0.000331,0.80769,0.81388,0.81705,0.82002,0.826,0.816866,0.00467,0.000331,0.80769,0.81388,0.81705,0.82002,0.826,12.297466,0.05074,0.003588,12.19241,12.26615,12.3014,12.32698,12.39765
64.75,0.183146,0.00454,0.000321,0.1754,0.1801,0.183,0.18612,0.19111,0.816854,0.00454,0.000321,0.80889,0.81388,0.817,0.8199,0.8246,0.816854,0.00454,0.000321,0.80889,0.81388,0.817,0.8199,0.8246,12.348496,0.05093,0.003601,12.24226,12.31727,12.35275,12.37712,12.44906
65.0,0.182922,0.00441,0.000312,0.17468,0.1798,0.1827,0.1863,0.1908,0.817078,0.00441,0.000312,0.8092,0.8137,0.8173,0.8202,0.82532,0.817078,0.00441,0.000312,0.8092,0.8137,0.8173,0.8202,0.82532,12.399544,0.05099,0.003605,12.2935,12.36725,12.4039,12.42828,12.50018
65.25,0.18278,0.00425,0.000301,0.1726,0.17998,0.18295,0.1858,0.18992,0.817219,0.00425,0.000301,0.81008,0.8142,0.81705,0.82002,0.8274,0.817219,0.00425,0.000301,0.81008,0.8142,0.81705,0.82002,0.8274,12.45054,0.05104,0.003609,12.34587,12.41678,12.4562,12.4797,12.54652
65.5,0.18294,0.00419,0.000296,0.1744,0.1801,0.1831,0.1856,0.19071,0.81706,0.00419,0.000296,0.80929,0.8144,0.8169,0.8199,0.8256,0.81706,0.00419,0.000296,0.80929,0.8144,0.8169,0.8199,0.8256,12.501597,0.05074,0.003588,12.39908,12.46682,12.50805,12.53318,12.59698
65.75,0.182858,0.00441,0.000312,0.1741,0.18,0.183,0.1858,0.19231,0.817142,0.00441,0.000312,0.80769,0.8142,0.817,0.82,0.8259,0.817142,0.00441,0.000312,0.80769,0.8142,0.817,0.82,0.8259,12.552679,0.05093,0.003602,12.44749,12.52112,12.5589,12.58452,12.64868
66.0,0.183042,0.0041,0.00029,0.17499,0.18055,0.18315,0.18572,0.19091,0.816958,0.0041,0.00029,0.80909,0.81428,0.81685,0.81945,0.82501,0.816958,0.0041,0.00029,0.80909,0.81428,0.81685,0.81945,0.82501,12.603578,0.05079,0.003591,12.49809,12.57182,12.60925,12.63422,12.69888
66.25,0.183089,0.00414,0.000293,0.1743,0.18048,0.1833,0.18625,0.1906,0.816911,0.00414,0.000293,0.8094,0.81375,0.8167,0.81952,0.8257,0.816911,0.00414,0.000293,0.8094,0.81375,0.8167,0.81952,0.8257,12.654597,0.05081,0.003593,12.54956,12.62208,12.65975,12.68515,12.75103
66.5,0.18331,0.00447,0.000316,0.17429,0.18028,0.18355,0.18632,0.192,0.81669,0.00447,0.000316,0.808,0.81368,0.81645,0.81972,0.82571,0.81669,0.00447,0.000316,0.808,0.81368,0.81645,0.81972,0.82571,12.705725,0.05072,0.003587,12.60165,12.67355,12.71025,12.73635,12.80402
66.75,0.183133,0.00472,0.000334,0.1737,0.18,0.1836,0.1859,0.19262,0.816868,0.00472,0.000334,0.80738,0.8141,0.8164,0.82,0.8263,0.816868,0.00472,0.000334,0.80738,0.8141,0.8164,0.82,0.8263,12.75685,0.05092,0.0036,12.65315,12.72688,12.76145,12.78732,12.85782
67.0,0.183033,0.00475,0.000336,0.1736,0.17948,0.1829,0.18615,0.1927,0.816967,0.00475,0.000336,0.8073,0.81385,0.8171,0.82052,0.8264,0.816967,0.00475,0.000336,0.8073,0.81385,0.8171,0.82052,0.8264,12.808016,0.0508,0.003592,12.70346,12.77885,12.8137,12.8393,12.90635
67.25,0.182759,0.00458,0.000324,0.17356,0.1797,0.1829,0.1861,0.1907,0.817241,0.00458,0.000324,0.8093,0.8139,0.8171,0.8203,0.82644,0.817241,0.00458,0.000324,0.8093,0.8139,0.8171,0.8203,0.82644,12.859219,0.05065,0.003582,12.75427,12.8312,12.8641,12.88995,12.95631
67.5,0.182758,0.00431,0.000305,0.17429,0.17958,0.1829,0.18535,0.1907,0.817242,0.00431,0.000305,0.8093,0.81465,0.8171,0.82042,0.82571,0.817242,0.00431,0.000305,0.8093,0.81465,0.8171,0.82042,0.82571,12.910147,0.05065,0.003581,12.80319,12.88122,12.9149,12.94118,13.00715
67.75,0.183105,0.00441,0.000312,0.17469,0.18035,0.18265,0.1859,0.192,0.816895,0.00441,0.000312,0.808,0.8141,0.81735,0.81965,0.82531,0.816895,0.00441,0.000312,0.808,0.8141,0.81735,0.81965,0.82531,12.961182,0.0505,0.003571,12.85454,12.93295,12.9656,12.9935,13.058
68.0,0.183084,0.00436,0.000308,0.17459,0.1805,0.1826,0.1858,0.19221,0.816916,0.00436,0.000308,0.80779,0.8142,0.8174,0.8195,0.82541,0.816916,0.00436,0.000308,0.80779,0.8142,0.8174,0.8195,0.82541,13.012276,0.05042,0.003566,12.90853,12.9838,13.01665,13.04475,13.10981
68.25,0.182986,0.00462,0.000326,0.1752,0.1799,0.18275,0.1859,0.1919,0.817014,0.00462,0.000326,0.8081,0.8141,0.81725,0.8201,0.8248,0.817014,0.00462,0.000326,0.8081,0.8141,0.81725,0.8201,0.8248,13.063561,0.0506,0.003578,12.96175,13.0365,13.0675,13.09665,13.16232
68.5,0.183088,0.00466,0.000329,0.175,0.17975,0.1831,0.18615,0.1926,0.816912,0.00466,0.000329,0.8074,0.81385,0.8169,0.82025,0.825,0.816912,0.00466,0.000329,0.8074,0.81385,0.8169,0.82025,0.825,13.11468,0.05061,0.003579,13.01223,13.08795,13.11955,13.14668,13.21256
68.75,0.183261,0.00471,0.000333,0.17518,0.17978,0.18345,0.1869,0.1921,0.81674,0.00471,0.000333,0.8079,0.8131,0.81655,0.82023,0.82482,0.81674,0.00471,0.000333,0.8079,0.8131,0.81655,0.82023,0.82482,13.165898,0.05075,0.003588,13.06423,13.1377,13.17135,13.19688,13.26503
69.0,0.18308,0.00476,0.000336,0.17459,0.17958,0.18315,0.1866,0.19261,0.816919,0.00476,0.000336,0.80739,0.8134,0.81685,0.82042,0.82541,0.816919,0.00476,0.000336,0.80739,0.8134,0.81685,0.82042,0.82541,13.217232,0.0508,0.003592,13.11284,13.19072,13.22235,13.24732,13.3202
69.25,0.183009,0.00455,0.000321,0.17477,0.17975,0.18275,0.18622,0.1919,0.816991,0.00455,0.000321,0.8081,0.81377,0.81725,0.82025,0.82523,0.816991,0.00455,0.000321,0.8081,0.81377,0.81725,0.82025,0.82523,13.268661,0.05091,0.0036,13.16415,13.24135,13.2748,13.29935,13.36976
69.5,0.183094,0.00465,0.000329,0.17439,0.17958,0.1829,0.1865,0.19191,0.816905,0.00465,0.000329,0.80809,0.8135,0.8171,0.82042,0.82561,0.816905,0.00465,0.000329,0.80809,0.8135,0.8171,0.82042,0.82561,13.319665,0.05087,0.003597,13.2181,13.29045,13.32525,13.35045,13.42054
69.75,0.182906,0.00456,0.000322,0.1742,0.17985,0.183,0.1861,0.19191,0.817094,0.00456,0.000322,0.80809,0.8139,0.817,0.82015,0.8258,0.817094,0.00456,0.000322,0.80809,0.8139,0.817,0.82015,0.8258,13.370793,0.05097,0.003604,13.26836,13.34205,13.3762,13.40385,13.4729
70.0,0.182882,0.00411,0.00029,0.17609,0.1799,0.1825,0.18592,0.19102,0.817118,0.00411,0.00029,0.80898,0.81408,0.8175,0.8201,0.82391,0.817118,0.00411,0.00029,0.80898,0.81408,0.8175,0.8201,0.82391,13.422078,0.05083,0.003594,13.32184,13.39278,13.4272,13.4538,13.51934
70.25,0.182741,0.00414,0.000293,0.17599,0.1799,0.1821,0.18548,0.1913,0.817259,0.00414,0.000293,0.8087,0.81452,0.8179,0.8201,0.82401,0.817259,0.00414,0.000293,0.8087,0.81452,0.8179,0.8201,0.82401,13.473271,0.05097,0.003604,13.37071,13.44505,13.4786,13.50572,13.56849
70.5,0.182462,0.00409,0.000289,0.1746,0.17985,0.18235,0.18482,0.19061,0.817537,0.00409,0.000289,0.80939,0.81518,0.81765,0.82015,0.8254,0.817537,0.00409,0.000289,0.80939,0.81518,0.81765,0.82015,0.8254,13.524565,0.0506,0.003578,13.4257,13.49655,13.5287,13.5559,13.62072
70.75,0.182255,0.0043,0.000304,0.17368,0.17928,0.1825,0.1847,0.19062,0.817745,0.0043,0.000304,0.80938,0.8153,0.8175,0.82072,0.82632,0.817745,0.0043,0.000304,0.80938,0.8153,0.8175,0.82072,0.82632,13.575743,0.05074,0.003588,13.47896,13.54572,13.58065,13.6083,13.67199
71.0,0.182296,0.00432,0.000306,0.1738,0.1791,0.18225,0.18542,0.1908,0.817703,0.00432,0.000306,0.8092,0.81458,0.81775,0.8209,0.8262,0.817703,0.00432,0.000306,0.8092,0.81458,0.81775,0.8209,0.8262,13.626657,0.05102,0.003607,13.52406,13.59602,13.6316,13.6602,13.7204
71.25,0.182322,0.00435,0.000308,0.1747,0.1793,0.18235,0.1854,0.1906,0.817678,0.00435,0.000308,0.8094,0.8146,0.81765,0.8207,0.8253,0.817678,0.00435,0.000308,0.8094,0.8146,0.81765,0.8207,0.8253,13.677569,0.05106,0.00361,13.57246,13.6471,13.68345,13.71148,13.77213
71.5,0.182265,0.00437,0.000309,0.1743,0.179,0.1825,0.1851,0.19111,0.817735,0.00437,0.000309,0.80889,0.8149,0.8175,0.821,0.8257,0.817735,0.00437,0.000309,0.80889,0.8149,0.8175,0.821,0.8257,13.728618,0.05097,0.003604,13.62273,13.69928,13.7351,13.7629,13.82233
71.75,0.18253,0.00442,0.000313,0.174,0.17938,0.18235,0.18545,0.1916,0.81747,0.00442,0.000313,0.8084,0.81455,0.81765,0.82062,0.826,0.81747,0.00442,0.000313,0.8084,0.81455,0.81765,0.82062,0.826,13.779623,0.05072,0.003586,13.6738,13.75072,13.7847,13.81232,13.8745
72.0,0.182688,0.00417,0.000295,0.17477,0.1798,0.18325,0.18532,0.19032,0.817312,0.00417,0.000295,0.80968,0.81467,0.81675,0.8202,0.82523,0.817312,0.00417,0.000295,0.80968,0.81467,0.81675,0.8202,0.82523,13.83069,0.05092,0.003601,13.72405,13.80018,13.8356,13.863,13.92338
72.25,0.182584,0.00422,0.000298,0.17518,0.1796,0.1827,0.18522,0.19063,0.817416,0.00422,0.000298,0.80937,0.81478,0.8173,0.8204,0.82482,0.817416,0.00422,0.000298,0.80937,0.81478,0.8173,0.8204,0.82482,13.881903,0.05083,0.003594,13.7775,13.8509,13.8879,13.91558,13.97438
72.5,0.182296,0.00427,0.000302,0.17389,0.17958,0.1825,0.1852,0.19053,0.817704,0.00427,0.000302,0.80947,0.8148,0.8175,0.82042,0.82611,0.817704,0.00427,0.000302,0.80947,0.8148,0.8175,0.82042,0.82611,13.933101,0.05085,0.003596,13.82729,13.90328,13.9391,13.9659,14.02671
72.75,0.18242,0.0044,0.000311,0.1739,0.1795,0.18245,0.1855,0.1914,0.81758,0.0044,0.000311,0.8086,0.8145,0.81755,0.8205,0.8261,0.81758,0.0044,0.000311,0.8086,0.8145,0.81755,0.8205,0.8261,13.984035,0.05081,0.003593,13.88196,13.95405,13.99085,14.01615,14.07804
73.0,0.182656,0.00444,0.000314,0.1749,0.17945,0.18235,0.18592,0.1913,0.817344,0.00444,0.000314,0.8087,0.81408,0.81765,0.82055,0.8251,0.817344,0.00444,0.000314,0.8087,0.81408,0.81765,0.82055,0.8251,14.035119,0.05088,0.003598,13.93271,14.0045,14.04115,14.06587,14.12696
73.25,0.182562,0.0045,0.000318,0.17438,0.17945,0.1825,0.1858,0.1917,0.817437,0.0045,0.000318,0.8083,0.8142,0.8175,0.82055,0.82562,0.817437,0.0045,0.000318,0.8083,0.8142,0.8175,0.82055,0.82562,14.086182,0.05069,0.003584,13.98358,14.0557,14.09255,14.11768,14.17865
73.5,0.182552,0.00476,0.000337,0.17338,0.17948,0.1822,0.1857,0.1915,0.817448,0.00476,0.000337,0.8085,0.8143,0.8178,0.82052,0.82662,0.817448,0.00476,0.000337,0.8085,0.8143,0.8178,0.82052,0.82662,14.137361,0.05088,0.003598,14.0348,14.10755,14.14245,14.16795,14.22787
73.75,0.182704,0.00482,0.000341,0.17438,0.17925,0.18255,0.18602,0.19232,0.817296,0.00482,0.000341,0.80768,0.81397,0.81745,0.82075,0.82562,0.817296,0.00482,0.000341,0.80768,0.81397,0.81745,0.82075,0.82562,14.18837,0.05082,0.003593,14.08154,14.15735,14.19405,14.21912,14.27887
74.0,0.182834,0.00454,0.000321,0.17468,0.1794,0.1825,0.18622,0.19102,0.817166,0.00454,0.000321,0.80898,0.81377,0.8175,0.8206,0.82532,0.817166,0.00454,0.000321,0.80898,0.81377,0.8175,0.8206,0.82532,14.239472,0.05077,0.00359,14.13475,14.20785,14.24435,14.27132,14.3325
74.25,0.182874,0.00441,0.000312,0.175,0.18,0.1825,0.1855,0.1927,0.817126,0.00441,0.000312,0.8073,0.8145,0.8175,0.82,0.825,0.817126,0.00441,0.000312,0.8073,0.8145,0.8175,0.82,0.825,14.290356,0.05072,0.003586,14.18976,14.2598,14.29575,14.32177,14.38285
74.5,0.183334,0.00447,0.000316,0.17529,0.18018,0.1833,0.1864,0.1923,0.816666,0.00447,0.000316,0.8077,0.8136,0.8167,0.81982,0.82471,0.816666,0.00447,0.000316,0.8077,0.8136,0.8167,0.81982,0.82471,14.341317,0.05075,0.003588,14.2394,14.31132,14.34515,14.37302,14.43324
74.75,0.182911,0.00433,0.000306,0.17518,0.17978,0.1828,0.18572,0.19081,0.817089,0.00433,0.000306,0.80919,0.81428,0.8172,0.82023,0.82482,0.817089,0.00433,0.000306,0.80919,0.81428,0.8172,0.82023,0.82482,14.392618,0.05073,0.003587,14.29216,14.36118,14.39955,14.42353,14.4838
75.0,0.182459,0.00422,0.000299,0.17535,0.17948,0.18225,0.18522,0.1909,0.81754,0.00422,0.000299,0.8091,0.81478,0.81775,0.82052,0.82465,0.81754,0.00422,0.000299,0.8091,0.81478,0.81775,0.82052,0.82465,14.444094,0.05065,0.003582,14.34208,14.41302,14.45015,14.47605,14.53261
75.25,0.182343,0.00458,0.000324,0.1731,0.1794,0.1819,0.18532,0.19061,0.817657,0.00458,0.000324,0.80939,0.81467,0.8181,0.8206,0.8269,0.817657,0.00458,0.000324,0.80939,0.81467,0.8181,0.8206,0.8269,14.49512,0.05042,0.003565,14.3928,14.46482,14.50025,14.52752,14.58337
75.5,0.182594,0.00425,0.0003,0.17456,0.17978,0.1829,0.185,0.19081,0.817406,0.00425,0.0003,0.80919,0.815,0.8171,0.82023,0.82544,0.817406,0.00425,0.0003,0.80919,0.815,0.8171,0.82023,0.82544,14.546102,0.05032,0.003558,14.44496,14.51525,14.5516,14.57792,14.6363
75.75,0.182869,0.00442,0.000313,0.1734,0.18018,0.1828,0.1861,0.19051,0.81713,0.00442,0.000313,0.80949,0.8139,0.8172,0.81982,0.8266,0.81713,0.00442,0.000313,0.80949,0.8139,0.8172,0.81982,0.8266,14.596984,0.05033,0.003559,14.49516,14.56535,14.60215,14.62872,14.6883
76.0,0.182722,0.00458,0.000324,0.17288,0.17948,0.18285,0.1855,0.1924,0.817278,0.00458,0.000324,0.8076,0.8145,0.81715,0.82052,0.82712,0.817278,0.00458,0.000324,0.8076,0.8145,0.81715,0.82052,0.82712,14.648099,0.05071,0.003586,14.54818,14.61518,14.65255,14.68148,14.74105
76.25,0.18263,0.00455,0.000322,0.1728,0.17968,0.1828,0.18575,0.1912,0.81737,0.00455,0.000322,0.8088,0.81425,0.8172,0.82032,0.8272,0.81737,0.00455,0.000322,0.8088,0.81425,0.8172,0.82032,0.8272,14.69929,0.05066,0.003582,14.59794,14.66632,14.70335,14.73245,14.79107
76.5,0.182758,0.00441,0.000312,0.17369,0.17978,0.18275,0.18602,0.19041,0.817242,0.00441,0.000312,0.80959,0.81397,0.81725,0.82023,0.82631,0.817242,0.00441,0.000312,0.80959,0.81397,0.81725,0.82023,0.82631,14.75037,0.05071,0.003585,14.64846,14.71645,14.75505,14.78253,14.84502
76.75,0.182661,0.00464,0.000328,0.17308,0.1799,0.18285,0.18572,0.1905,0.817339,0.00464,0.000328,0.8095,0.81428,0.81715,0.8201,0.82692,0.817339,0.00464,0.000328,0.8095,0.81428,0.81715,0.8201,0.82692,14.801352,0.051,0.003606,14.70078,14.76832,14.8064,14.83378,14.8953
77.0,0.182805,0.00457,0.000323,0.1742,0.17955,0.1829,0.186,0.1911,0.817194,0.00457,0.000323,0.8089,0.814,0.8171,0.82045,0.8258,0.817194,0.00457,0.000323,0.8089,0.814,0.8171,0.82045,0.8258,14.852248,0.05107,0.003611,14.75273,14.81788,14.85755,14.88553,14.94802
77.25,0.182917,0.00456,0.000322,0.1736,0.1802,0.1825,0.18612,0.19161,0.817082,0.00456,0.000322,0.80839,0.81388,0.8175,0.8198,0.8264,0.817082,0.00456,0.000322,0.80839,0.81388,0.8175,0.8198,0.8264,14.903282,0.05123,0.003622,14.80294,14.86875,14.9086,14.93645,14.99838
77.5,0.18304,0.00475,0.000336,0.17369,0.18025,0.18315,0.18612,0.19251,0.81696,0.00475,0.000336,0.80749,0.81388,0.81685,0.81975,0.82631,0.81696,0.00475,0.000336,0.80749,0.81388,0.81685,0.81975,0.82631,14.954383,0.05103,0.003609,14.85642,14.92028,14.9592,14.98775,15.04865
77.75,0.183135,0.00487,0.000344,0.17398,0.18008,0.1835,0.186,0.19261,0.816865,0.00487,0.000344,0.80739,0.814,0.8165,0.81992,0.82602,0.816865,0.00487,0.000344,0.80739,0.814,0.8165,0.81992,0.82602,15.005586,0.05096,0.003603,14.90755,14.97195,15.0106,15.03798,15.10046
78.0,0.183208,0.0042,0.000297,0.1734,0.1806,0.1834,0.1858,0.19201,0.816792,0.0042,0.000297,0.80799,0.8142,0.8166,0.8194,0.8266,0.816792,0.0042,0.000297,0.80799,0.8142,0.8166,0.8194,0.8266,15.056498,0.05071,0.003586,14.95781,15.0257,15.0612,15.08792,15.15575
78.25,0.1834,0.00448,0.000317,0.1756,0.18048,0.1834,0.1859,0.19141,0.816599,0.00448,0.000317,0.80859,0.8141,0.8166,0.81952,0.8244,0.816599,0.00448,0.000317,0.80859,0.8141,0.8166,0.81952,0.8244,15.10753,0.05108,0.003612,15.00983,15.0758,15.11155,15.13908,15.20702
78.5,0.18337,0.00418,0.000295,0.1752,0.181,0.1834,0.1859,0.19061,0.816631,0.00418,0.000295,0.80939,0.8141,0.8166,0.819,0.8248,0.816631,0.00418,0.000295,0.80939,0.8141,0.8166,0.819,0.8248,15.158704,0.05108,0.003612,15.06357,15.12608,15.164,15.18955,15.2569
78.75,0.183107,0.00422,0.000298,0.1745,0.1804,0.1832,0.1857,0.19082,0.816894,0.00422,0.000298,0.80918,0.8143,0.8168,0.8196,0.8255,0.816894,0.00422,0.000298,0.80918,0.8143,0.8168,0.8196,0.8255,15.210076,0.05094,0.003602,15.1126,15.17862,15.215,15.2408,15.30746
79.0,0.182674,0.00446,0.000315,0.17488,0.17928,0.18225,0.1859,0.19131,0.817326,0.00446,0.000315,0.80869,0.8141,0.81775,0.82072,0.82512,0.817326,0.00446,0.000315,0.80869,0.8141,0.81775,0.82072,0.82512,15.261428,0.05111,0.003614,15.16668,15.23002,15.2667,15.29282,15.36102
79.25,0.182906,0.00444,0.000314,0.1753,0.18008,0.18265,0.1859,0.19181,0.817093,0.00444,0.000314,0.80819,0.8141,0.81735,0.81992,0.8247,0.817093,0.00444,0.000314,0.80819,0.8141,0.81735,0.81992,0.8247,15.312516,0.05124,0.003623,15.21836,15.27948,15.31765,15.34342,15.41192
79.5,0.182585,0.00442,0.000313,0.17377,0.1799,0.1825,0.18532,0.1919,0.817415,0.00442,0.000313,0.8081,0.81467,0.8175,0.8201,0.82623,0.817415,0.00442,0.000313,0.8081,0.81467,0.8175,0.8201,0.82623,15.36392,0.051,0.003607,15.26667,15.32928,15.36705,15.39485,15.46081
79.75,0.182818,0.00449,0.000318,0.1745,0.1798,0.18305,0.18552,0.1924,0.817182,0.00449,0.000318,0.8076,0.81448,0.81695,0.8202,0.8255,0.817182,0.00449,0.000318,0.8076,0.81448,0.81695,0.8202,0.8255,15.414942,0.05098,0.003605,15.31834,15.38192,15.4169,15.44728,15.51265
80.0,0.182944,0.00424,0.0003,0.1752,0.1798,0.18295,0.1861,0.1913,0.817056,0.00424,0.0003,0.8087,0.8139,0.81705,0.8202,0.8248,0.817056,0.00424,0.0003,0.8087,0.8139,0.81705,0.8202,0.8248,15.465952,0.05089,0.003598,15.36878,15.4316,15.4697,15.49748,15.5632
