t,cond.S.mean,cond.S.sd,cond.S.se,cond.S.q025,cond.S.q25,cond.S.q50,cond.S.q75,cond.S.q975,cond.I1.mean,cond.I1.sd,cond.I1.se,cond.I1.q025,cond.I1.q25,cond.I1.q50,cond.I1.q75,cond.I1.q975,cond.I2.mean,cond.I2.sd,cond.I2.se,cond.I2.q025,cond.I2.q25,cond.I2.q50,cond.I2.q75,cond.I2.q975,cond.R.mean,cond.R.sd,cond.R.se,cond.R.q025,cond.R.q25,cond.R.q50,cond.R.q75,cond.R.q975,cond.infectious.mean,cond.infectious.sd,cond.infectious.se,cond.infectious.q025,cond.infectious.q25,cond.infectious.q50,cond.infectious.q75,cond.infectious.q975,cond.cumulative.mean,cond.cumulative.sd,cond.cumulative.se,cond.cumulative.q025,cond.cumulative.q25,cond.cumulative.q50,cond.cumulative.q75,cond.cumulative.q975
0.0,0.99,0.0,0.0,0.99,0.99,0.99,0.99,0.99,0.005,0.0,0.0,0.005,0.005,0.005,0.005,0.005,0.005,0.0,0.0,0.005,0.005,0.005,0.005,0.005,0.0,0.0,0.0,0.0,0.0,0.0,0.0,0.0,0.01,0.0,0.0,0.01,0.01,0.01,0.01,0.01,0.01,0.0,0.0,0.01,0.01,0.01,0.01,0.01
0.25,0.987656,0.00051,3.6e-5,0.9867,0.9873,0.9877,0.988,0.9887,0.005766,0.00038,2.7e-5,0.0051,0.0055,0.0057,0.006,0.0066,0.00591,0.00039,2.7e-5,0.0052,0.0057,0.0059,0.00612,0.0067,0.000669,0.00026,1.8e-5,0.0002,0.0005,0.0007,0.0008,0.0012,0.011675,0.00053,3.7e-5,0.0106,0.0113,0.0117,0.01202,0.0127,0.012345,0.00051,3.6e-5,0.0113,0.012,0.0123,0.0127,0.0133
0.5,0.984998,0.00083,5.8e-5,0.98329,0.9845,0.985,0.9856,0.9866,0.006523,0.00057,4.0e-5,0.0056,0.0061,0.0065,0.00682,0.0078,0.007005,0.00065,4.6e-5,0.0059,0.0066,0.0069,0.00742,0.0084,0.001474,0.00037,2.6e-5,0.0008,0.0012,0.0015,0.0017,0.00221,0.013528,0.00086,6.1e-5,0.0119,0.0129,0.0135,0.0141,0.0153,0.015002,0.00083,5.8e-5,0.0134,0.0144,0.015,0.0155,0.0167
0.75,0.981988,0.00115,8.1e-5,0.98,0.98118,0.98205,0.9827,0.9842,0.007432,0.00075,5.3e-5,0.0061,0.0069,0.0074,0.0079,0.009,0.008202,0.00089,6.3e-5,0.0065,0.0076,0.0081,0.0087,0.0101,0.002378,0.00047,3.3e-5,0.0015,0.002,0.0024,0.0027,0.0032,0.015634,0.00114,8.0e-5,0.0133,0.0149,0.0156,0.01632,0.0178,0.018012,0.00115,8.1e-5,0.0158,0.0173,0.01795,0.01883,0.02001
1.0,0.978599,0.0015,0.000106,0.9756,0.9776,0.9786,0.9796,0.9814,0.00843,0.00096,6.8e-5,0.0067,0.0078,0.0084,0.0091,0.01021,0.009534,0.00112,7.9e-5,0.0076,0.0088,0.0094,0.01023,0.0116,0.003436,0.00056,3.9e-5,0.0024,0.003,0.0034,0.0038,0.0045,0.017965,0.00145,0.000102,0.0153,0.0169,0.018,0.0189,0.02101,0.021401,0.0015,0.000106,0.0186,0.0204,0.0214,0.0224,0.0244
1.25,0.974775,0.00191,0.000135,0.9708,0.9735,0.9748,0.9762,0.9784,0.009485,0.0012,8.5e-5,0.0074,0.0086,0.0094,0.0104,0.012,0.011069,0.00142,0.0001,0.0086,0.0101,0.01095,0.01202,0.0137,0.004671,0.00067,4.7e-5,0.0034,0.0042,0.0046,0.0051,0.006,0.020554,0.0018,0.000128,0.0175,0.01928,0.0206,0.0216,0.0243,0.025225,0.00191,0.000135,0.0216,0.0238,0.0252,0.0265,0.0292
1.5,0.970557,0.00234,0.000166,0.9657,0.969,0.97065,0.9723,0.975,0.010617,0.0014,9.9e-5,0.0084,0.0096,0.0106,0.01142,0.0133,0.012775,0.00177,0.000125,0.0099,0.01148,0.01265,0.0139,0.0166,0.00605,0.00074,5.2e-5,0.0045,0.00558,0.006,0.0066,0.0075,0.023393,0.00215,0.000152,0.0194,0.0219,0.02335,0.0247,0.0277,0.029443,0.00234,0.000166,0.025,0.0277,0.02935,0.031,0.0343
1.75,0.965806,0.00302,0.000213,0.9594,0.96407,0.9659,0.9678,0.97131,0.011879,0.00171,0.000121,0.00889,0.01067,0.0117,0.013,0.0157,0.014742,0.00227,0.000161,0.0109,0.0131,0.0146,0.0161,0.01951,0.007572,0.00083,5.9e-5,0.006,0.007,0.0077,0.0082,0.0091,0.026621,0.0028,0.000198,0.02159,0.0246,0.0265,0.02822,0.03221,0.034194,0.00302,0.000213,0.0287,0.0322,0.0341,0.03592,0.0406
2.0,0.960379,0.00373,0.000264,0.95249,0.9579,0.9607,0.9629,0.9673,0.013294,0.0021,0.000148,0.00959,0.01188,0.0131,0.0146,0.0179,0.016997,0.00273,0.000193,0.01248,0.01527,0.0168,0.0187,0.0227,0.00933,0.00095,6.7e-5,0.0074,0.0087,0.0094,0.01,0.0112,0.030291,0.00341,0.000241,0.0239,0.028,0.0303,0.0322,0.03721,0.039621,0.00373,0.000264,0.0327,0.0371,0.0393,0.0421,0.04751
2.25,0.954438,0.00442,0.000312,0.94548,0.9516,0.95475,0.95762,0.96252,0.014746,0.00238,0.000168,0.0105,0.0131,0.0146,0.01632,0.01972,0.019494,0.00324,0.000229,0.01359,0.0174,0.0192,0.0215,0.02621,0.011322,0.00112,7.9e-5,0.0092,0.0105,0.01135,0.01202,0.0136,0.03424,0.00393,0.000278,0.02689,0.03145,0.0344,0.0365,0.0425,0.045562,0.00442,0.000312,0.03748,0.04238,0.04525,0.0484,0.05452
2.5,0.947804,0.00535,0.000378,0.93648,0.94458,0.94775,0.95133,0.95761,0.016311,0.00266,0.000188,0.0116,0.01448,0.0162,0.01813,0.02151,0.022261,0.00394,0.000279,0.01539,0.01967,0.02165,0.02452,0.0311,0.013623,0.00133,9.4e-5,0.0113,0.0127,0.0136,0.0146,0.0163,0.038572,0.0047,0.000332,0.0303,0.03545,0.0383,0.0414,0.04851,0.052196,0.00535,0.000378,0.04239,0.04868,0.05225,0.05542,0.06353
2.75,0.940481,0.00624,0.000441,0.92689,0.9367,0.9408,0.94462,0.95192,0.018028,0.00302,0.000214,0.01288,0.01588,0.0179,0.02,0.02391,0.025322,0.00447,0.000316,0.01729,0.02238,0.02485,0.02808,0.0347,0.01617,0.00151,0.000107,0.0134,0.0151,0.0162,0.0173,0.0191,0.043349,0.00532,0.000376,0.03339,0.0399,0.04315,0.04642,0.05491,0.059519,0.00624,0.000441,0.04808,0.05537,0.0592,0.0633,0.07311
3.0,0.932356,0.00738,0.000522,0.91628,0.9283,0.9326,0.9375,0.9453,0.019872,0.00343,0.000243,0.01379,0.0174,0.0198,0.02203,0.02641,0.028743,0.00525,0.000371,0.0185,0.0252,0.028,0.0319,0.03934,0.019029,0.00185,0.000131,0.01569,0.0176,0.0189,0.02012,0.0226,0.048615,0.00609,0.000431,0.0378,0.04468,0.04855,0.05232,0.06114,0.067644,0.00738,0.000522,0.0547,0.0625,0.0674,0.0717,0.08372
3.25,0.92341,0.00861,0.000609,0.9041,0.9185,0.9234,0.9294,0.93882,0.021842,0.00385,0.000272,0.01469,0.01925,0.0216,0.02432,0.0288,0.032542,0.0061,0.000431,0.02078,0.02837,0.03205,0.03652,0.04405,0.022207,0.00221,0.000156,0.0183,0.0206,0.0221,0.0237,0.02631,0.054383,0.007,0.000495,0.0417,0.04968,0.0543,0.0587,0.06961,0.07659,0.00861,0.000609,0.06118,0.0706,0.0766,0.0815,0.0959
3.5,0.913512,0.01006,0.000711,0.89168,0.90738,0.91365,0.92092,0.93151,0.02393,0.00431,0.000305,0.01619,0.0209,0.0235,0.02702,0.032,0.036786,0.00696,0.000492,0.02289,0.0319,0.03605,0.04112,0.05035,0.025773,0.00261,0.000185,0.021,0.02398,0.02555,0.0275,0.0312,0.060715,0.00808,0.000571,0.04687,0.05448,0.0605,0.066,0.0778,0.086487,0.01006,0.000711,0.06849,0.07908,0.08635,0.09262,0.10832
3.75,0.902728,0.01148,0.000812,0.8782,0.89578,0.90245,0.91138,0.92244,0.026048,0.00467,0.00033,0.01769,0.02275,0.02595,0.02942,0.035,0.041458,0.00786,0.000556,0.02589,0.03597,0.04105,0.04618,0.05677,0.029766,0.00313,0.000221,0.0242,0.02765,0.0296,0.0318,0.03591,0.067505,0.00898,0.000635,0.05178,0.06138,0.06765,0.07312,0.0865,0.097272,0.01148,0.000812,0.07756,0.08863,0.09755,0.10422,0.12181
4.0,0.890771,0.01291,0.000913,0.86406,0.88258,0.89065,0.90068,0.9138,0.02838,0.00502,0.000355,0.0191,0.02488,0.0285,0.03183,0.03861,0.046684,0.00868,0.000614,0.031,0.04018,0.0463,0.05278,0.06354,0.034166,0.00366,0.000259,0.02779,0.0317,0.0338,0.03632,0.04092,0.075063,0.00983,0.000695,0.05769,0.06798,0.07485,0.08145,0.0957,0.109229,0.01291,0.000913,0.0862,0.09932,0.10935,0.11742,0.13594
4.25,0.877661,0.01448,0.001024,0.84629,0.8683,0.8774,0.88942,0.9034,0.030911,0.0055,0.000389,0.0204,0.02678,0.0308,0.03463,0.042,0.052306,0.00966,0.000683,0.03468,0.04508,0.0517,0.05888,0.07104,0.039122,0.00429,0.000303,0.032,0.03595,0.039,0.04162,0.0477,0.083217,0.01076,0.000761,0.06399,0.07535,0.0834,0.09088,0.10531,0.122339,0.01448,0.001024,0.0966,0.11058,0.1226,0.1317,0.15371
4.5,0.863567,0.01603,0.001133,0.82916,0.85308,0.86315,0.87595,0.89231,0.033593,0.00602,0.000426,0.02249,0.0289,0.0331,0.0375,0.04661,0.058211,0.01056,0.000747,0.03919,0.05042,0.0576,0.0659,0.07901,0.044628,0.00493,0.000348,0.03649,0.04088,0.04455,0.0473,0.05471,0.091804,0.01165,0.000823,0.0707,0.08322,0.09185,0.09982,0.11482,0.136432,0.01603,0.001133,0.10769,0.12405,0.13685,0.14692,0.17084
4.75,0.848382,0.0176,0.001245,0.81207,0.83587,0.84775,0.86142,0.88,0.036336,0.00656,0.000464,0.0239,0.0313,0.03565,0.04075,0.04912,0.064672,0.01158,0.000819,0.0444,0.0562,0.06395,0.07315,0.08752,0.05061,0.00556,0.000394,0.04206,0.0459,0.05065,0.05352,0.06201,0.101007,0.01255,0.000888,0.07858,0.09168,0.1007,0.11042,0.12585,0.151618,0.0176,0.001245,0.11999,0.13858,0.15225,0.16412,0.18793
5.0,0.832088,0.01947,0.001376,0.79254,0.81812,0.83215,0.84602,0.86564,0.039176,0.00726,0.000513,0.02628,0.0337,0.03825,0.0444,0.05322,0.071541,0.01268,0.000897,0.04838,0.06187,0.0714,0.08133,0.09721,0.057195,0.00633,0.000448,0.04689,0.05208,0.05705,0.0604,0.0703,0.110718,0.01368,0.000967,0.08637,0.10048,0.10975,0.12165,0.1386,0.167913,0.01947,0.001376,0.13436,0.15398,0.16785,0.18188,0.20746
5.25,0.81465,0.02142,0.001514,0.7723,0.7979,0.81545,0.83015,0.85166,0.042177,0.00779,0.000551,0.0277,0.0366,0.04185,0.04792,0.0573,0.078796,0.01394,0.000986,0.05348,0.0676,0.0777,0.08957,0.10663,0.064376,0.00707,0.0005,0.05267,0.05875,0.06415,0.0681,0.0789,0.120973,0.01491,0.001054,0.0938,0.1102,0.1203,0.13302,0.14943,0.185349,0.02142,0.001514,0.14834,0.16985,0.18455,0.2021,0.2277
5.5,0.795848,0.02332,0.001649,0.74928,0.77822,0.79665,0.81292,0.8373,0.045218,0.00845,0.000598,0.03115,0.03925,0.04435,0.05123,0.0618,0.086717,0.01517,0.001072,0.05896,0.07585,0.08535,0.09752,0.11743,0.072217,0.00791,0.000559,0.0584,0.06578,0.07235,0.0765,0.0882,0.131935,0.01598,0.00113,0.10338,0.11985,0.13135,0.14435,0.16291,0.204152,0.02332,0.001649,0.1627,0.18708,0.20335,0.22178,0.25071
5.75,0.776305,0.02502,0.001769,0.72579,0.7577,0.77655,0.79432,0.81904,0.048316,0.00902,0.000638,0.03364,0.04198,0.0472,0.05465,0.06571,0.094549,0.01601,0.001132,0.06603,0.0826,0.0934,0.10625,0.12672,0.080831,0.00895,0.000633,0.06606,0.07432,0.0805,0.08585,0.0998,0.142864,0.01667,0.001179,0.11338,0.13055,0.1422,0.15602,0.17452,0.223695,0.02502,0.001769,0.18096,0.20568,0.22345,0.2423,0.27421
6.0,0.755634,0.02687,0.0019,0.7016,0.73555,0.75585,0.77592,0.80383,0.051422,0.00965,0.000682,0.03583,0.04432,0.0505,0.058,0.07042,0.102813,0.01717,0.001214,0.07068,0.09095,0.10205,0.11542,0.13784,0.09013,0.00984,0.000696,0.07289,0.08298,0.08995,0.09628,0.10994,0.154236,0.01765,0.001248,0.12298,0.1404,0.1537,0.1681,0.18681,0.244365,0.02687,0.0019,0.19617,0.22408,0.24415,0.26445,0.2984
6.25,0.73404,0.02852,0.002017,0.67735,0.7124,0.73395,0.75492,0.78583,0.054583,0.01017,0.000719,0.03735,0.04718,0.0535,0.06125,0.07452,0.111317,0.01822,0.001289,0.0778,0.09932,0.1103,0.12492,0.1496,0.10006,0.01087,0.000768,0.08057,0.092,0.1,0.107,0.12107,0.165899,0.01832,0.001295,0.13408,0.15148,0.1654,0.1809,0.2003,0.26596,0.02852,0.002017,0.21418,0.24508,0.26605,0.2876,0.32265
6.5,0.711779,0.03001,0.002122,0.65323,0.68998,0.71245,0.73452,0.76671,0.05749,0.01072,0.000758,0.03885,0.0499,0.0565,0.0649,0.07871,0.119758,0.0191,0.001351,0.08378,0.1069,0.1184,0.13333,0.1595,0.110974,0.01189,0.000841,0.09047,0.10205,0.11075,0.11882,0.13394,0.177248,0.01891,0.001337,0.14438,0.16292,0.17655,0.1918,0.2127,0.288221,0.03001,0.002122,0.23329,0.26547,0.28755,0.31002,0.34677
6.75,0.688975,0.03137,0.002218,0.62862,0.66615,0.6904,0.7126,0.74527,0.060371,0.01127,0.000797,0.03988,0.05278,0.0587,0.06802,0.08271,0.128232,0.02002,0.001416,0.08919,0.11515,0.12745,0.1425,0.16746,0.122422,0.01273,0.0009,0.10054,0.11252,0.1226,0.13112,0.14705,0.188602,0.01944,0.001374,0.15418,0.17328,0.18755,0.20402,0.22345,0.311025,0.03137,0.002218,0.25473,0.2874,0.3096,0.33385,0.37138
7.0,0.665712,0.03242,0.002293,0.60534,0.6403,0.6683,0.68938,0.72451,0.063133,0.01167,0.000825,0.04325,0.05485,0.06195,0.07112,0.0867,0.136697,0.02065,0.00146,0.09568,0.12313,0.1358,0.1514,0.17658,0.134457,0.01396,0.000987,0.11101,0.12368,0.13395,0.14382,0.16154,0.19983,0.01934,0.001368,0.1639,0.18478,0.19845,0.2151,0.2346,0.334287,0.03242,0.002293,0.27549,0.31063,0.3317,0.3597,0.39466
7.25,0.642147,0.03312,0.002342,0.57907,0.61617,0.64575,0.66672,0.70114,0.065726,0.01199,0.000848,0.04329,0.057,0.06455,0.07362,0.08955,0.145012,0.021,0.001485,0.10258,0.1311,0.14445,0.16072,0.18603,0.147114,0.01511,0.001069,0.12172,0.13562,0.14705,0.1568,0.17651,0.210738,0.01889,0.001335,0.17559,0.19677,0.2098,0.22455,0.24352,0.357853,0.03312,0.002342,0.29886,0.33328,0.35425,0.38382,0.42093
7.5,0.618616,0.03379,0.00239,0.55525,0.59183,0.6219,0.6432,0.67846,0.067996,0.01224,0.000866,0.04626,0.0587,0.0664,0.075,0.09343,0.152824,0.02132,0.001508,0.1102,0.1388,0.1527,0.16822,0.19226,0.160564,0.01629,0.001152,0.13184,0.1486,0.16005,0.172,0.19226,0.22082,0.01845,0.001304,0.18617,0.20812,0.22005,0.23492,0.25301,0.381384,0.03379,0.00239,0.32154,0.3568,0.3781,0.40817,0.44474
7.75,0.5949,0.03449,0.002439,0.53103,0.56715,0.59765,0.62082,0.65486,0.070012,0.01261,0.000892,0.04689,0.0612,0.0686,0.07805,0.0962,0.16034,0.02168,0.001533,0.11617,0.14568,0.1598,0.17557,0.20143,0.174748,0.01719,0.001216,0.1449,0.16238,0.1743,0.18662,0.20871,0.230352,0.01824,0.00129,0.19756,0.21735,0.22945,0.24372,0.2608,0.4051,0.03449,0.002439,0.34514,0.37918,0.40235,0.43285,0.46897
8.0,0.571236,0.03466,0.002451,0.5078,0.54415,0.57275,0.5976,0.63022,0.071885,0.01304,0.000922,0.04878,0.06265,0.07015,0.08038,0.0984,0.167561,0.0218,0.001542,0.12129,0.15413,0.168,0.18368,0.20757,0.189318,0.01816,0.001284,0.1567,0.17568,0.18895,0.20185,0.22246,0.239446,0.01754,0.00124,0.2067,0.2272,0.2387,0.25262,0.26952,0.428764,0.03466,0.002451,0.36978,0.4024,0.42725,0.45585,0.4922
8.25,0.547858,0.03484,0.002464,0.48831,0.52298,0.5493,0.5735,0.60761,0.073532,0.01343,0.00095,0.0485,0.06398,0.0717,0.08202,0.10042,0.173936,0.02208,0.001561,0.12638,0.1603,0.1743,0.19062,0.21552,0.204675,0.01914,0.001353,0.1691,0.19077,0.204,0.2184,0.23794,0.247467,0.01686,0.001192,0.21618,0.23582,0.24705,0.2597,0.27761,0.452142,0.03484,0.002464,0.39239,0.4265,0.4507,0.47702,0.51169
8.5,0.525122,0.03468,0.002452,0.46695,0.49908,0.5267,0.551,0.58518,0.074816,0.0137,0.000969,0.04939,0.0648,0.0739,0.08333,0.10313,0.17972,0.02225,0.001574,0.13294,0.16607,0.1803,0.19582,0.22112,0.220343,0.02007,0.001419,0.18287,0.2054,0.21975,0.23432,0.25772,0.254535,0.01601,0.001132,0.2254,0.2433,0.25425,0.26755,0.28467,0.474878,0.03468,0.002452,0.41482,0.449,0.4733,0.50092,0.53305
8.75,0.502834,0.03419,0.002418,0.44397,0.4785,0.50375,0.5283,0.56478,0.075904,0.01394,0.000986,0.0499,0.06638,0.07545,0.08465,0.10471,0.184858,0.02182,0.001543,0.13961,0.17172,0.18455,0.20152,0.22553,0.236404,0.0209,0.001478,0.19827,0.2206,0.23655,0.2513,0.27684,0.260763,0.01486,0.00105,0.23347,0.25038,0.2609,0.27212,0.2899,0.497166,0.03419,0.002418,0.43522,0.4717,0.49625,0.5215,0.55603
9.0,0.481585,0.03352,0.00237,0.42406,0.45732,0.48225,0.50595,0.54212,0.076705,0.01404,0.000993,0.05127,0.06725,0.0761,0.08442,0.10571,0.188901,0.02155,0.001524,0.14402,0.176,0.189,0.20485,0.22752,0.252808,0.02158,0.001526,0.21329,0.23655,0.25275,0.2697,0.29427,0.265606,0.01363,0.000964,0.23976,0.2568,0.266,0.27505,0.29111,0.518415,0.03352,0.00237,0.45788,0.49405,0.51775,0.54268,0.57595
9.25,0.460947,0.03296,0.002331,0.40415,0.43678,0.46165,0.48392,0.52063,0.077199,0.01416,0.001001,0.05029,0.06755,0.0766,0.08455,0.10591,0.192366,0.02147,0.001518,0.147,0.18072,0.19245,0.20665,0.23081,0.269488,0.02216,0.001567,0.22977,0.2524,0.26945,0.28607,0.31037,0.269564,0.01281,0.000906,0.24585,0.25958,0.27025,0.27858,0.29452,0.539052,0.03296,0.002331,0.47937,0.51608,0.53835,0.56322,0.59585
9.5,0.441348,0.03208,0.002268,0.38397,0.4179,0.44295,0.46308,0.49891,0.077464,0.01442,0.00102,0.04938,0.06815,0.07685,0.08435,0.10623,0.194827,0.02103,0.001487,0.1508,0.18323,0.19515,0.2085,0.2351,0.28636,0.02283,0.001614,0.24539,0.26948,0.286,0.30388,0.32864,0.272292,0.01154,0.000816,0.2501,0.26455,0.27285,0.2794,0.2976,0.558652,0.03208,0.002268,0.50109,0.53692,0.55705,0.5821,0.61603
9.75,0.42268,0.03102,0.002193,0.36697,0.40102,0.4247,0.44312,0.48016,0.077357,0.01438,0.001017,0.04909,0.06765,0.0768,0.08435,0.1066,0.19659,0.02043,0.001445,0.15217,0.18585,0.19805,0.21042,0.23561,0.303374,0.02331,0.001648,0.26175,0.2863,0.3028,0.3213,0.3445,0.273947,0.0104,0.000736,0.25399,0.26798,0.2747,0.28082,0.29581,0.57732,0.03102,0.002193,0.51984,0.55688,0.5753,0.59898,0.63303
10.0,0.40482,0.02987,0.002112,0.35195,0.38462,0.40735,0.42415,0.46095,0.077078,0.01443,0.001021,0.04949,0.0676,0.0759,0.08395,0.10661,0.19776,0.01984,0.001403,0.15572,0.1875,0.1996,0.211,0.23583,0.320342,0.02375,0.001679,0.27658,0.3028,0.32035,0.33915,0.36239,0.274838,0.00928,0.000656,0.25749,0.26858,0.2752,0.2812,0.29372,0.59518,0.02987,0.002112,0.53905,0.57585,0.59265,0.61538,0.64805
10.25,0.387868,0.02864,0.002025,0.33664,0.36905,0.38915,0.4066,0.44412,0.076578,0.01451,0.001026,0.04985,0.06708,0.076,0.08342,0.10682,0.198094,0.01925,0.001361,0.15649,0.1888,0.1999,0.21075,0.23383,0.33746,0.02408,0.001703,0.2929,0.31878,0.338,0.35658,0.38016,0.274672,0.00832,0.000588,0.25808,0.2688,0.27475,0.28003,0.29162,0.612132,0.02864,0.002025,0.55588,0.5934,0.61085,0.63095,0.66336
10.5,0.371823,0.02739,0.001937,0.31975,0.353,0.37375,0.38962,0.42632,0.07585,0.01437,0.001016,0.05082,0.06652,0.07505,0.0833,0.1063,0.197846,0.01851,0.001309,0.1593,0.18802,0.20015,0.20912,0.23324,0.354482,0.02443,0.001728,0.30985,0.33588,0.3545,0.37472,0.39565,0.273696,0.00774,0.000547,0.25888,0.26838,0.27375,0.27935,0.28853,0.628177,0.02739,0.001937,0.57368,0.61038,0.62625,0.647,0.68025
10.75,0.356911,0.02628,0.001858,0.30796,0.33848,0.35745,0.37363,0.40921,0.07485,0.01433,0.001013,0.05002,0.06562,0.0732,0.08298,0.10514,0.196692,0.01802,0.001274,0.15936,0.18725,0.1985,0.20762,0.23192,0.371546,0.02455,0.001736,0.326,0.3524,0.3704,0.39245,0.41194,0.271543,0.00728,0.000515,0.25709,0.2665,0.2707,0.27672,0.2854,0.643089,0.02628,0.001858,0.59079,0.62638,0.64255,0.66152,0.69204
11.0,0.342866,0.02501,0.001768,0.29528,0.32508,0.3434,0.35928,0.3926,0.073769,0.01442,0.00102,0.04836,0.06458,0.07235,0.0819,0.10542,0.19502,0.01766,0.001249,0.15878,0.1856,0.19735,0.20562,0.22941,0.388346,0.02464,0.001742,0.34268,0.37017,0.3875,0.4072,0.42983,0.268789,0.00726,0.000514,0.25599,0.2636,0.2685,0.27355,0.28311,0.657134,0.02501,0.001768,0.6074,0.64072,0.6566,0.67492,0.70472
11.25,0.32985,0.02388,0.001688,0.2837,0.3117,0.3306,0.34582,0.37526,0.07245,0.01423,0.001006,0.04708,0.06337,0.0704,0.08025,0.1046,0.192558,0.01726,0.00122,0.15736,0.1833,0.19435,0.20312,0.22622,0.405141,0.02447,0.00173,0.35959,0.38685,0.40445,0.4238,0.44664,0.265008,0.00749,0.000529,0.25176,0.26008,0.2649,0.26945,0.2795,0.67015,0.02388,0.001688,0.62475,0.65418,0.6694,0.6883,0.7163
11.5,0.317554,0.02272,0.001606,0.27339,0.30212,0.31875,0.33275,0.3594,0.07099,0.0141,0.000997,0.04577,0.06178,0.06915,0.07902,0.1027,0.189857,0.0167,0.001181,0.15679,0.18018,0.1907,0.1998,0.22261,0.421599,0.02422,0.001712,0.37825,0.40458,0.42135,0.43932,0.463,0.260846,0.00764,0.00054,0.24828,0.25548,0.26055,0.2659,0.2775,0.682445,0.02272,0.001606,0.6406,0.66725,0.68125,0.69787,0.72661
11.75,0.306004,0.02171,0.001535,0.26319,0.29058,0.3078,0.31992,0.34695,0.069415,0.01393,0.000985,0.04388,0.0603,0.06745,0.07748,0.1013,0.186838,0.01652,0.001168,0.1543,0.17698,0.1883,0.19692,0.21914,0.437744,0.02411,0.001705,0.3931,0.4206,0.43655,0.45502,0.47874,0.256252,0.00812,0.000574,0.24128,0.25017,0.256,0.26082,0.27321,0.693996,0.02171,0.001535,0.65305,0.68008,0.6922,0.70942,0.73681
12.0,0.29545,0.02069,0.001463,0.25499,0.2814,0.2975,0.30898,0.33475,0.06784,0.01378,0.000975,0.04198,0.0592,0.0662,0.07635,0.09911,0.183097,0.01607,0.001136,0.15247,0.17318,0.18395,0.19272,0.21397,0.453613,0.02397,0.001695,0.41048,0.4369,0.45235,0.47185,0.49534,0.250937,0.00844,0.000597,0.23578,0.24518,0.2506,0.25672,0.26812,0.70455,0.02069,0.001463,0.66525,0.69102,0.7025,0.7186,0.74501
12.25,0.285626,0.01982,0.001402,0.24904,0.27168,0.2872,0.29888,0.32462,0.066037,0.01361,0.000962,0.04088,0.05705,0.0641,0.074,0.09681,0.179217,0.01569,0.00111,0.14988,0.16815,0.1811,0.18872,0.20927,0.469119,0.02361,0.00167,0.42607,0.4523,0.4682,0.48595,0.50899,0.245255,0.00862,0.00061,0.23016,0.23988,0.245,0.25132,0.26175,0.714374,0.01982,0.001402,0.67538,0.70113,0.7128,0.72832,0.75096
12.5,0.276413,0.01888,0.001335,0.24194,0.2631,0.2771,0.28872,0.31361,0.064206,0.01335,0.000944,0.0391,0.05548,0.0627,0.07185,0.09391,0.175117,0.01535,0.001086,0.14626,0.16578,0.17635,0.18475,0.20485,0.484263,0.0231,0.001633,0.44351,0.46788,0.4829,0.50075,0.52397,0.239324,0.0088,0.000622,0.2238,0.23335,0.23815,0.2457,0.25681,0.723587,0.01888,0.001335,0.68638,0.71128,0.7229,0.7369,0.75806
12.75,0.267857,0.01805,0.001276,0.23464,0.25515,0.2684,0.27947,0.30158,0.062298,0.01307,0.000924,0.03779,0.05375,0.06055,0.0697,0.09181,0.170751,0.01495,0.001057,0.1407,0.1613,0.1723,0.17995,0.19932,0.499094,0.02278,0.00161,0.45941,0.4829,0.49805,0.5152,0.54032,0.233049,0.00907,0.000641,0.21816,0.22688,0.2324,0.23912,0.25251,0.732143,0.01805,0.001276,0.69842,0.72052,0.7316,0.74485,0.76536
13.0,0.259963,0.01734,0.001226,0.22743,0.24785,0.26045,0.27128,0.29313,0.060329,0.01272,0.000899,0.03749,0.05162,0.0588,0.06758,0.0901,0.166199,0.01446,0.001022,0.13937,0.15678,0.1677,0.17573,0.19311,0.513509,0.02241,0.001585,0.47383,0.4975,0.5122,0.52907,0.55244,0.226528,0.00921,0.000651,0.20948,0.22038,0.22615,0.23298,0.24641,0.740037,0.01734,0.001226,0.70687,0.72872,0.73955,0.75215,0.77257
13.25,0.252774,0.01663,0.001176,0.22096,0.24158,0.25315,0.26315,0.28332,0.058322,0.01236,0.000874,0.03678,0.04992,0.05665,0.06492,0.08712,0.161303,0.014,0.00099,0.13635,0.1522,0.1621,0.1706,0.1896,0.527602,0.02178,0.00154,0.4895,0.51215,0.5269,0.54372,0.56655,0.219625,0.00922,0.000652,0.2026,0.21298,0.2192,0.2262,0.23944,0.747226,0.01663,0.001176,0.71668,0.73685,0.74685,0.75842,0.77904
13.5,0.246047,0.01591,0.001125,0.21428,0.23648,0.2464,0.25658,0.27524,0.056361,0.01204,0.000851,0.03539,0.04822,0.05495,0.0633,0.0844,0.156481,0.01358,0.00096,0.13155,0.1479,0.1573,0.1657,0.18327,0.541111,0.02142,0.001515,0.50238,0.52542,0.5406,0.5575,0.57911,0.212842,0.00937,0.000662,0.19692,0.2063,0.2127,0.21892,0.23274,0.753953,0.01591,0.001125,0.72476,0.74342,0.7536,0.76352,0.78572
13.75,0.23976,0.0153,0.001082,0.2091,0.23038,0.23985,0.25042,0.26875,0.054433,0.01177,0.000832,0.03469,0.04625,0.05315,0.06102,0.0814,0.151525,0.01305,0.000922,0.12735,0.14335,0.15275,0.1598,0.17782,0.554281,0.02106,0.001489,0.51539,0.5391,0.55295,0.57018,0.59144,0.205959,0.00937,0.000663,0.18769,0.19892,0.2056,0.21212,0.22514,0.760239,0.0153,0.001082,0.73125,0.74958,0.76015,0.76962,0.7909
14.0,0.234051,0.01455,0.001029,0.2053,0.22458,0.23375,0.24352,0.26096,0.052527,0.01144,0.000809,0.0334,0.04505,0.0517,0.05838,0.07911,0.146583,0.01274,0.000901,0.12278,0.13845,0.14745,0.15507,0.17231,0.566839,0.02059,0.001456,0.5278,0.55215,0.56555,0.58185,0.60255,0.19911,0.0095,0.000672,0.1811,0.19195,0.1985,0.206,0.21816,0.765949,0.01455,0.001029,0.73904,0.75648,0.76625,0.77542,0.7947
14.25,0.228653,0.01389,0.000982,0.20269,0.21978,0.22825,0.23762,0.25502,0.050641,0.01104,0.000781,0.03199,0.04348,0.04955,0.0566,0.07632,0.141732,0.01243,0.000879,0.11917,0.134,0.1419,0.15022,0.16526,0.578973,0.02007,0.001419,0.54218,0.56458,0.5781,0.59377,0.61416,0.192373,0.00966,0.000683,0.17458,0.1862,0.19195,0.19905,0.21104,0.771346,0.01389,0.000982,0.74498,0.76238,0.77175,0.78022,0.79731
14.5,0.223741,0.01341,0.000948,0.198,0.2149,0.2232,0.23258,0.24823,0.048671,0.01063,0.000752,0.0309,0.04145,0.0477,0.05432,0.07322,0.13669,0.0121,0.000855,0.1137,0.129,0.13695,0.14522,0.1607,0.590898,0.0196,0.001386,0.55518,0.5766,0.5903,0.60502,0.62634,0.185361,0.00971,0.000687,0.1679,0.1792,0.18505,0.19182,0.20418,0.776259,0.01341,0.000948,0.75177,0.76742,0.7768,0.7851,0.80201
14.75,0.219212,0.01288,0.00091,0.1945,0.21065,0.21875,0.22822,0.24332,0.04685,0.01028,0.000727,0.03038,0.03968,0.04605,0.05205,0.07071,0.131711,0.01172,0.000829,0.11018,0.1243,0.1322,0.14025,0.1548,0.602226,0.01919,0.001357,0.56818,0.5887,0.6006,0.61615,0.63732,0.178561,0.0098,0.000693,0.1611,0.1722,0.17825,0.18545,0.1969,0.780788,0.01288,0.00091,0.75668,0.77178,0.78125,0.78935,0.8055
15.0,0.214959,0.01242,0.000878,0.19129,0.2064,0.2148,0.22372,0.23782,0.04506,0.00995,0.000704,0.02909,0.03803,0.04405,0.05055,0.06772,0.126921,0.01145,0.00081,0.10559,0.11875,0.12765,0.13482,0.14981,0.61306,0.01888,0.001335,0.57849,0.60028,0.6114,0.62642,0.64832,0.17198,0.00995,0.000703,0.1542,0.1655,0.1716,0.1791,0.19167,0.785041,0.01242,0.000878,0.76218,0.77628,0.7852,0.7936,0.80871
15.25,0.211112,0.01204,0.000851,0.18895,0.20288,0.21115,0.21962,0.2339,0.043243,0.00958,0.000678,0.028,0.03647,0.04225,0.04842,0.06582,0.121994,0.01101,0.000778,0.10149,0.114,0.12225,0.12922,0.14323,0.62365,0.01841,0.001302,0.58988,0.61148,0.62255,0.63722,0.65856,0.165238,0.00989,0.000699,0.14698,0.15845,0.16515,0.1721,0.18389,0.788888,0.01204,0.000851,0.7661,0.78038,0.78885,0.79713,0.81105
15.5,0.207518,0.01171,0.000828,0.18638,0.1996,0.2077,0.21582,0.22961,0.041446,0.0092,0.000651,0.02688,0.03488,0.0403,0.04665,0.06225,0.117207,0.01075,0.00076,0.0972,0.1094,0.1172,0.12432,0.13812,0.63383,0.01788,0.001264,0.60148,0.6214,0.63245,0.64682,0.66748,0.158652,0.00981,0.000694,0.14038,0.15185,0.1588,0.16542,0.17673,0.792482,0.01171,0.000828,0.77039,0.78418,0.7923,0.8004,0.81362
15.75,0.204185,0.01146,0.00081,0.18387,0.1968,0.20405,0.21162,0.22551,0.039752,0.00888,0.000628,0.0256,0.033,0.0387,0.0446,0.05965,0.112616,0.0105,0.000742,0.09349,0.10495,0.11265,0.1195,0.13361,0.643448,0.01757,0.001243,0.6112,0.63087,0.6415,0.65655,0.67628,0.152367,0.00977,0.000691,0.13337,0.14558,0.1521,0.1593,0.17041,0.795815,0.01146,0.00081,0.77449,0.78838,0.79595,0.8032,0.81613
16.0,0.201023,0.01109,0.000784,0.1806,0.194,0.20075,0.2083,0.22172,0.038093,0.00855,0.000605,0.0245,0.03138,0.03715,0.04275,0.0582,0.108131,0.01013,0.000717,0.08899,0.10098,0.10825,0.11477,0.12764,0.652752,0.01707,0.001207,0.62169,0.64088,0.65105,0.6653,0.6864,0.146224,0.00962,0.00068,0.12659,0.13965,0.1456,0.15352,0.1644,0.798977,0.01109,0.000784,0.77828,0.7917,0.79925,0.806,0.8194
16.25,0.198196,0.01083,0.000766,0.17858,0.19102,0.198,0.20485,0.21871,0.036357,0.00826,0.000584,0.02329,0.03028,0.03545,0.04093,0.05502,0.103761,0.00973,0.000688,0.08578,0.0969,0.1038,0.10998,0.1229,0.661687,0.01673,0.001183,0.6308,0.6501,0.66005,0.67405,0.69521,0.140118,0.00944,0.000667,0.121,0.13378,0.13955,0.14675,0.15764,0.801804,0.01083,0.000766,0.78129,0.79515,0.802,0.80898,0.82142
16.5,0.195568,0.0106,0.000749,0.17696,0.1883,0.1955,0.20212,0.21543,0.034725,0.00796,0.000563,0.02189,0.02888,0.034,0.03913,0.05311,0.09939,0.00941,0.000665,0.08179,0.0927,0.0992,0.10522,0.11721,0.670316,0.0163,0.001153,0.6402,0.65912,0.6689,0.68203,0.70272,0.134116,0.0093,0.000658,0.1152,0.12765,0.1336,0.1399,0.15191,0.804432,0.0106,0.000749,0.78457,0.79788,0.8045,0.8117,0.82304
16.75,0.193101,0.01038,0.000734,0.17446,0.18575,0.19335,0.19938,0.2131,0.03318,0.00764,0.00054,0.02079,0.02768,0.03255,0.03742,0.0511,0.095101,0.00908,0.000642,0.07818,0.0889,0.0952,0.1008,0.11292,0.678617,0.01586,0.001122,0.6485,0.66808,0.6777,0.6905,0.71032,0.128282,0.0091,0.000643,0.1101,0.1217,0.12815,0.13423,0.1455,0.806899,0.01038,0.000734,0.7869,0.80062,0.80665,0.81425,0.82554
17.0,0.190873,0.01016,0.000718,0.17218,0.1836,0.19105,0.1972,0.20992,0.031658,0.00732,0.000517,0.01969,0.02638,0.031,0.03605,0.04871,0.090971,0.00881,0.000623,0.0738,0.08472,0.0909,0.0966,0.10821,0.686498,0.01534,0.001085,0.65846,0.67665,0.6855,0.69802,0.71704,0.122629,0.00871,0.000616,0.10569,0.1166,0.1224,0.1279,0.13831,0.809127,0.01016,0.000718,0.79008,0.8028,0.80895,0.8164,0.82782
17.25,0.188779,0.00997,0.000705,0.17058,0.1816,0.1889,0.195,0.2073,0.030284,0.00703,0.000497,0.01899,0.02515,0.0296,0.03452,0.0464,0.086936,0.00844,0.000597,0.0709,0.08105,0.08685,0.0927,0.10242,0.694001,0.01486,0.001051,0.66734,0.68452,0.6931,0.70492,0.72412,0.11722,0.00832,0.000588,0.1007,0.11138,0.11755,0.1224,0.13221,0.811221,0.00997,0.000705,0.7927,0.805,0.8111,0.8184,0.82942
17.5,0.186854,0.00972,0.000687,0.1688,0.17988,0.18695,0.19328,0.2043,0.02887,0.00675,0.000477,0.0176,0.02398,0.0281,0.03322,0.04421,0.083014,0.00803,0.000568,0.0674,0.07778,0.08295,0.08842,0.09746,0.701262,0.01445,0.001022,0.67468,0.69155,0.7006,0.71155,0.7307,0.111884,0.00804,0.000569,0.09689,0.1062,0.11155,0.1171,0.12644,0.813146,0.00972,0.000687,0.7957,0.80672,0.81305,0.82012,0.8312
17.75,0.185001,0.00954,0.000674,0.16759,0.1781,0.18475,0.19142,0.20182,0.027584,0.00653,0.000461,0.0168,0.02278,0.02705,0.032,0.0432,0.079396,0.00768,0.000543,0.06499,0.07428,0.0796,0.0848,0.09365,0.708019,0.01414,0.001,0.6811,0.6989,0.7073,0.71832,0.73702,0.10698,0.00788,0.000557,0.09306,0.10115,0.10655,0.11192,0.12162,0.814999,0.00954,0.000674,0.79818,0.80858,0.81525,0.8219,0.83241
18.0,0.183314,0.00939,0.000664,0.16629,0.17652,0.18295,0.18988,0.1997,0.026268,0.00625,0.000442,0.0159,0.02168,0.02565,0.03035,0.04091,0.075848,0.00741,0.000524,0.06228,0.0707,0.07585,0.081,0.09004,0.71457,0.01373,0.000971,0.68917,0.70555,0.71385,0.72465,0.743,0.102116,0.00762,0.000539,0.08818,0.0962,0.1017,0.10728,0.11612,0.816686,0.00939,0.000664,0.8003,0.81012,0.81705,0.82348,0.83371
18.25,0.181796,0.00924,0.000653,0.1648,0.1749,0.1815,0.18855,0.1981,0.025066,0.00601,0.000425,0.01498,0.02065,0.0243,0.0289,0.03951,0.072312,0.00702,0.000496,0.0593,0.06708,0.0722,0.07728,0.08506,0.720825,0.01333,0.000943,0.6953,0.71228,0.72035,0.73005,0.74762,0.097379,0.00737,0.000521,0.08446,0.09188,0.09715,0.1027,0.11151,0.818203,0.00924,0.000653,0.8019,0.81145,0.8185,0.8251,0.8352
18.5,0.180356,0.00908,0.000642,0.1639,0.17358,0.18005,0.18672,0.1959,0.023898,0.00578,0.000409,0.014,0.01967,0.0234,0.02722,0.0378,0.068968,0.00672,0.000475,0.0564,0.06415,0.06865,0.07355,0.08224,0.726778,0.013,0.00092,0.70209,0.71858,0.72615,0.73568,0.75213,0.092866,0.00718,0.000508,0.08008,0.0875,0.0925,0.0975,0.10771,0.819644,0.00908,0.000642,0.8041,0.81328,0.81995,0.82642,0.8361
18.75,0.178988,0.00895,0.000633,0.1628,0.17215,0.17825,0.18548,0.19432,0.022759,0.00557,0.000394,0.0133,0.01878,0.0222,0.0262,0.0365,0.065786,0.00644,0.000456,0.05388,0.06158,0.06545,0.0704,0.07762,0.732466,0.0127,0.000898,0.7086,0.72423,0.73175,0.74122,0.75781,0.088545,0.00703,0.000497,0.07626,0.08335,0.088,0.09352,0.10281,0.821011,0.00895,0.000633,0.80568,0.81452,0.82175,0.82785,0.8372
19.0,0.177698,0.00882,0.000624,0.16219,0.1708,0.1772,0.18422,0.1929,0.021691,0.00536,0.000379,0.0127,0.01787,0.02115,0.02485,0.03462,0.062724,0.00623,0.00044,0.05158,0.0583,0.0623,0.06723,0.07431,0.737887,0.0125,0.000884,0.7142,0.72925,0.7379,0.74605,0.76241,0.084415,0.0069,0.000488,0.07259,0.0795,0.08375,0.08922,0.09831,0.822302,0.00882,0.000624,0.8071,0.81578,0.8228,0.8292,0.83781
19.25,0.176548,0.00867,0.000613,0.16129,0.16968,0.1759,0.1831,0.1913,0.020656,0.00511,0.000361,0.01229,0.01698,0.0201,0.02362,0.03243,0.05983,0.00599,0.000424,0.04927,0.05588,0.0595,0.06432,0.07072,0.742965,0.01224,0.000865,0.72086,0.73448,0.74265,0.7517,0.76692,0.080486,0.00667,0.000471,0.06869,0.07588,0.08005,0.08512,0.09372,0.823451,0.00867,0.000613,0.8087,0.8169,0.8241,0.83032,0.83871
19.5,0.175479,0.00859,0.000607,0.16019,0.1688,0.175,0.1821,0.19011,0.019631,0.00489,0.000346,0.01179,0.016,0.0192,0.02252,0.03131,0.057065,0.00572,0.000405,0.04699,0.05268,0.05685,0.06142,0.0675,0.747825,0.01199,0.000848,0.72587,0.7394,0.7474,0.75598,0.77064,0.076696,0.0064,0.000452,0.06548,0.0722,0.0762,0.081,0.08924,0.824521,0.00859,0.000607,0.80989,0.8179,0.825,0.8312,0.83981
19.75,0.174444,0.00848,0.000599,0.159,0.16788,0.1739,0.1808,0.189,0.018645,0.00471,0.000333,0.011,0.0153,0.01815,0.0211,0.03021,0.054409,0.00551,0.000389,0.04489,0.05027,0.05425,0.05845,0.0641,0.752502,0.01172,0.000829,0.73019,0.74408,0.75255,0.7599,0.77553,0.073054,0.00622,0.00044,0.06257,0.06848,0.07285,0.07722,0.08581,0.825556,0.00848,0.000599,0.811,0.8192,0.8261,0.83212,0.841
20.0,0.173526,0.00836,0.000591,0.1584,0.16712,0.17315,0.17992,0.1881,0.01777,0.00455,0.000321,0.0104,0.01458,0.01725,0.02012,0.0293,0.051788,0.00521,0.000368,0.04208,0.0479,0.0516,0.0558,0.06072,0.756916,0.01144,0.000809,0.73625,0.7486,0.7569,0.76405,0.77905,0.069558,0.00592,0.000419,0.05879,0.0655,0.06925,0.07342,0.0821,0.826474,0.00836,0.000591,0.81189,0.82008,0.82685,0.83288,0.8416
20.25,0.172672,0.00828,0.000585,0.1575,0.1663,0.1721,0.17952,0.1871,0.016844,0.00434,0.000307,0.0097,0.01388,0.01645,0.0192,0.0277,0.049273,0.00497,0.000352,0.03998,0.0455,0.0491,0.0529,0.0588,0.761211,0.01119,0.000791,0.74117,0.75362,0.7611,0.76798,0.78285,0.066118,0.00571,0.000404,0.0556,0.06195,0.06585,0.0698,0.07741,0.827329,0.00828,0.000585,0.8129,0.82048,0.8279,0.8337,0.8425
20.5,0.171864,0.0082,0.00058,0.15709,0.1656,0.1714,0.17845,0.1862,0.016062,0.00414,0.000293,0.0091,0.01327,0.0156,0.01842,0.02621,0.046875,0.00471,0.000333,0.03779,0.0436,0.04635,0.0505,0.05591,0.765199,0.01096,0.000775,0.74573,0.7577,0.7654,0.77212,0.7871,0.062937,0.00554,0.000392,0.05299,0.05898,0.06265,0.06652,0.0739,0.828136,0.0082,0.00058,0.8138,0.82155,0.8286,0.8344,0.84291
20.75,0.171083,0.00809,0.000572,0.1564,0.16498,0.17065,0.1774,0.18521,0.015271,0.00395,0.000279,0.009,0.01255,0.01495,0.0174,0.0249,0.04463,0.0046,0.000326,0.03599,0.0414,0.0445,0.04803,0.05361,0.769016,0.01075,0.00076,0.74886,0.7616,0.76935,0.77572,0.79031,0.059901,0.0054,0.000382,0.05049,0.05615,0.0598,0.06342,0.07022,0.828917,0.00809,0.000572,0.81479,0.8226,0.82935,0.83502,0.8436
21.0,0.170394,0.00806,0.00057,0.1559,0.1642,0.16995,0.17673,0.18441,0.01449,0.00377,0.000267,0.0084,0.01198,0.0141,0.0165,0.0238,0.042491,0.00448,0.000317,0.0338,0.0395,0.0421,0.04582,0.05121,0.772625,0.01057,0.000747,0.75276,0.76585,0.7727,0.77938,0.7942,0.05698,0.0052,0.000368,0.0476,0.0532,0.0567,0.06013,0.067,0.829605,0.00806,0.00057,0.81559,0.82328,0.83005,0.8358,0.8441
21.25,0.169753,0.00796,0.000563,0.15559,0.16365,0.16935,0.17605,0.18342,0.013754,0.00363,0.000257,0.0077,0.0113,0.0133,0.01572,0.02221,0.040286,0.00427,0.000302,0.0318,0.03718,0.04,0.0434,0.0481,0.776208,0.01035,0.000732,0.75707,0.76942,0.77625,0.78275,0.79682,0.05404,0.005,0.000353,0.04449,0.05027,0.05385,0.05728,0.0636,0.830247,0.00796,0.000563,0.81658,0.82395,0.83065,0.83635,0.8444
21.5,0.169162,0.00789,0.000558,0.15519,0.1631,0.1687,0.17555,0.1827,0.013045,0.00347,0.000245,0.0072,0.0107,0.0126,0.01492,0.0214,0.038227,0.00414,0.000293,0.03069,0.0353,0.038,0.04102,0.0461,0.779566,0.01018,0.00072,0.76165,0.7728,0.7797,0.7861,0.79973,0.051273,0.00484,0.000342,0.0421,0.0476,0.05115,0.05442,0.06041,0.830838,0.00789,0.000558,0.8173,0.82445,0.8313,0.8369,0.84481
21.75,0.168603,0.00785,0.000555,0.15479,0.1626,0.1682,0.17502,0.1823,0.012373,0.00326,0.000231,0.00699,0.0101,0.01195,0.01412,0.0205,0.03637,0.00396,0.00028,0.02939,0.03358,0.0361,0.03913,0.0442,0.782654,0.00998,0.000705,0.76506,0.77588,0.78305,0.7891,0.80282,0.048743,0.00461,0.000326,0.04,0.0453,0.0486,0.05188,0.05731,0.831397,0.00785,0.000555,0.8177,0.82497,0.8318,0.8374,0.84521
22.0,0.168102,0.00778,0.00055,0.1543,0.16213,0.16765,0.17442,0.1816,0.011691,0.00314,0.000222,0.0065,0.0095,0.0113,0.01332,0.01971,0.034505,0.00385,0.000272,0.0271,0.0318,0.0344,0.0372,0.04181,0.785701,0.0099,0.0007,0.76835,0.77875,0.78575,0.79252,0.80523,0.046196,0.00453,0.000321,0.0374,0.0431,0.046,0.04923,0.05472,0.831897,0.00778,0.00055,0.8184,0.82558,0.83235,0.83787,0.8457
22.25,0.167632,0.00772,0.000546,0.15409,0.16168,0.16715,0.174,0.1809,0.011082,0.00302,0.000213,0.00609,0.009,0.01075,0.0127,0.0191,0.032741,0.0037,0.000261,0.02599,0.03028,0.0326,0.0353,0.04071,0.788544,0.00981,0.000694,0.77135,0.78205,0.78865,0.7957,0.808,0.043823,0.0044,0.000311,0.03569,0.0407,0.04375,0.0467,0.05261,0.832368,0.00772,0.000546,0.8191,0.826,0.83285,0.83832,0.84591
22.5,0.167196,0.00766,0.000542,0.15369,0.16118,0.1668,0.17328,0.1806,0.01049,0.00294,0.000208,0.00569,0.0085,0.0103,0.0121,0.01753,0.03111,0.00357,0.000253,0.0246,0.02855,0.0308,0.0335,0.0395,0.791205,0.0097,0.000686,0.77394,0.7849,0.79135,0.79802,0.80963,0.0416,0.0043,0.000304,0.03398,0.0386,0.04135,0.0444,0.0503,0.832805,0.00766,0.000542,0.8194,0.82672,0.8332,0.83882,0.84632
22.75,0.166758,0.00764,0.00054,0.153,0.16087,0.1664,0.1729,0.1803,0.009965,0.00283,0.0002,0.0053,0.008,0.0099,0.0114,0.01663,0.029512,0.00342,0.000242,0.0234,0.0271,0.0294,0.03195,0.0367,0.793766,0.00955,0.000676,0.77684,0.7875,0.79415,0.80032,0.81124,0.039476,0.00413,0.000292,0.03179,0.0364,0.03935,0.04225,0.0476,0.833243,0.00764,0.00054,0.8197,0.8271,0.8336,0.83912,0.847
23.0,0.166364,0.00759,0.000536,0.1529,0.1606,0.16595,0.1724,0.1798,0.009453,0.0027,0.000191,0.005,0.0075,0.00925,0.0109,0.01544,0.028003,0.00322,0.000228,0.0221,0.0258,0.0279,0.03002,0.0348,0.79618,0.0094,0.000665,0.77878,0.7897,0.79645,0.80292,0.81363,0.037456,0.00397,0.000281,0.0301,0.0344,0.03725,0.04,0.0453,0.833636,0.00759,0.000536,0.8202,0.8276,0.83405,0.8394,0.8471
23.25,0.165998,0.00755,0.000534,0.1527,0.16018,0.1655,0.17212,0.17931,0.008944,0.00259,0.000183,0.0046,0.007,0.00875,0.0104,0.01482,0.026576,0.00301,0.000213,0.0213,0.0246,0.0264,0.02835,0.0329,0.798482,0.00926,0.000655,0.78179,0.7923,0.7986,0.80485,0.81612,0.03552,0.00379,0.000268,0.0282,0.03288,0.03525,0.0381,0.04281,0.834002,0.00755,0.000534,0.82069,0.82787,0.8345,0.83982,0.84731
23.5,0.165702,0.00752,0.000532,0.1522,0.1598,0.1653,0.172,0.17901,0.008481,0.00251,0.000178,0.0043,0.0067,0.0083,0.0098,0.0146,0.025148,0.00285,0.000202,0.0202,0.02317,0.0249,0.027,0.0311,0.800669,0.00917,0.000649,0.7841,0.79465,0.80055,0.80708,0.81754,0.033629,0.00364,0.000258,0.0266,0.031,0.03345,0.03622,0.04071,0.834298,0.00752,0.000532,0.82099,0.828,0.8347,0.8402,0.8478
23.75,0.16541,0.00748,0.000529,0.1519,0.1595,0.1649,0.17125,0.1786,0.008037,0.0024,0.00017,0.0038,0.0064,0.0077,0.00932,0.0141,0.023831,0.00275,0.000195,0.0193,0.02188,0.0235,0.02562,0.0298,0.802722,0.00909,0.000643,0.78638,0.7963,0.80285,0.80892,0.82021,0.031868,0.00355,0.000251,0.02559,0.0293,0.0318,0.03432,0.0392,0.83459,0.00748,0.000529,0.8214,0.82875,0.8351,0.8405,0.8481
24.0,0.165144,0.00744,0.000526,0.1518,0.15937,0.16465,0.17095,0.1785,0.007581,0.00229,0.000162,0.0036,0.0059,0.0073,0.0089,0.0135,0.02258,0.00265,0.000188,0.0182,0.0206,0.02235,0.02422,0.0284,0.804696,0.00893,0.000632,0.7883,0.79852,0.80495,0.8111,0.82202,0.030161,0.0034,0.00024,0.0241,0.02768,0.03005,0.0323,0.0373,0.834857,0.00744,0.000526,0.8215,0.82905,0.83535,0.84062,0.8482
24.25,0.164901,0.00741,0.000524,0.1517,0.1593,0.16435,0.17063,0.1783,0.007179,0.00219,0.000155,0.0035,0.0057,0.0069,0.00832,0.013,0.021376,0.0025,0.000177,0.01709,0.01948,0.0212,0.023,0.0265,0.806544,0.00878,0.000621,0.7906,0.80032,0.8067,0.8125,0.82402,0.028555,0.0032,0.000227,0.0228,0.02628,0.0283,0.0305,0.03521,0.835098,0.00741,0.000524,0.8217,0.82938,0.83565,0.8407,0.8483
24.5,0.16467,0.00738,0.000522,0.1517,0.15918,0.16415,0.17018,0.1781,0.006792,0.0021,0.000148,0.0032,0.00548,0.00645,0.00803,0.01211,0.020246,0.00238,0.000169,0.0161,0.0184,0.0201,0.02162,0.0255,0.808291,0.00869,0.000615,0.7924,0.8021,0.8087,0.81442,0.82562,0.027038,0.0031,0.000219,0.0215,0.0249,0.0269,0.02902,0.03361,0.83533,0.00738,0.000522,0.8219,0.82982,0.83585,0.84082,0.84831
24.75,0.164429,0.00737,0.000521,0.15149,0.15887,0.16395,0.17,0.1778,0.006426,0.00199,0.00014,0.00309,0.0052,0.0061,0.0077,0.01121,0.019225,0.00229,0.000162,0.01549,0.0174,0.0192,0.0206,0.02421,0.80992,0.00857,0.000606,0.7943,0.80395,0.81055,0.81582,0.82682,0.025651,0.00298,0.000211,0.0206,0.02368,0.0256,0.02785,0.03161,0.835571,0.00737,0.000521,0.8222,0.83,0.83605,0.84112,0.84851
25.0,0.164219,0.00735,0.00052,0.1512,0.15872,0.16365,0.16978,0.1775,0.006076,0.00188,0.000133,0.0029,0.0049,0.0058,0.0072,0.01051,0.018228,0.00222,0.000157,0.0147,0.0164,0.0181,0.0197,0.023,0.811478,0.00847,0.000599,0.7959,0.8057,0.8121,0.81745,0.82831,0.024304,0.00287,0.000203,0.019,0.0223,0.0242,0.02632,0.03,0.835782,0.00735,0.00052,0.8225,0.83022,0.83635,0.84128,0.8488
25.25,0.164038,0.00732,0.000518,0.1512,0.15865,0.16345,0.16972,0.17711,0.005753,0.00179,0.000127,0.0027,0.0045,0.0055,0.00682,0.00991,0.017247,0.0021,0.000148,0.01389,0.01557,0.01705,0.0186,0.0219,0.812963,0.00842,0.000596,0.79769,0.80683,0.81345,0.81923,0.82904,0.023,0.00275,0.000195,0.0182,0.0209,0.02285,0.02485,0.02842,0.835962,0.00732,0.000518,0.82289,0.83028,0.83655,0.84135,0.8488
25.5,0.163856,0.0073,0.000516,0.15099,0.15858,0.1632,0.16952,0.17692,0.005458,0.00169,0.00012,0.0027,0.0043,0.0053,0.0065,0.00961,0.016332,0.002,0.000141,0.01299,0.0147,0.0161,0.0177,0.0209,0.814355,0.00832,0.000588,0.79958,0.80842,0.8147,0.8206,0.83082,0.021789,0.00263,0.000186,0.0172,0.0198,0.0217,0.0237,0.02731,0.836144,0.0073,0.000516,0.82308,0.83048,0.8368,0.84142,0.84901
25.75,0.163695,0.00729,0.000516,0.1507,0.15838,0.163,0.1693,0.17671,0.005162,0.0016,0.000113,0.0025,0.0041,0.005,0.0061,0.0091,0.015448,0.00193,0.000136,0.0119,0.0139,0.0152,0.0169,0.0197,0.815695,0.00822,0.000581,0.80079,0.80955,0.8162,0.8219,0.83191,0.020609,0.00251,0.000177,0.016,0.01888,0.0205,0.0223,0.0259,0.836304,0.00729,0.000516,0.82329,0.8307,0.837,0.84162,0.8493
26.0,0.163538,0.00728,0.000515,0.15049,0.15828,0.163,0.16922,0.17641,0.004876,0.00152,0.000108,0.0024,0.00387,0.0047,0.0058,0.00841,0.014642,0.00185,0.000131,0.0115,0.0131,0.0144,0.01593,0.0185,0.816944,0.00815,0.000576,0.80199,0.8107,0.8175,0.82295,0.83272,0.019518,0.00242,0.000171,0.0153,0.0177,0.0194,0.02112,0.0246,0.836462,0.00728,0.000515,0.82359,0.83078,0.837,0.84172,0.8495
26.25,0.163382,0.00725,0.000513,0.1502,0.1581,0.1628,0.1691,0.17621,0.004616,0.00145,0.000103,0.00229,0.0036,0.0045,0.0055,0.00811,0.013884,0.0018,0.000127,0.0109,0.0125,0.0137,0.0151,0.0177,0.818118,0.00805,0.000569,0.8033,0.81192,0.8184,0.82392,0.8337,0.0185,0.00231,0.000163,0.0144,0.0168,0.01825,0.0201,0.02331,0.836618,0.00725,0.000513,0.82379,0.8309,0.8372,0.8419,0.8498
26.5,0.163241,0.00724,0.000512,0.1501,0.1579,0.1627,0.16892,0.17611,0.004366,0.00139,9.8e-5,0.00209,0.0034,0.00425,0.0052,0.0076,0.013146,0.00176,0.000124,0.0104,0.01188,0.01295,0.0143,0.0169,0.819246,0.00801,0.000567,0.8046,0.81305,0.81965,0.82492,0.8348,0.017512,0.00226,0.00016,0.0135,0.0159,0.0174,0.0189,0.02242,0.836758,0.00724,0.000512,0.82389,0.83107,0.8373,0.8421,0.8499
26.75,0.16311,0.00723,0.000511,0.1499,0.1578,0.16265,0.16872,0.17601,0.004117,0.00132,9.4e-5,0.0019,0.0032,0.004,0.0049,0.0071,0.012426,0.00169,0.00012,0.0097,0.0111,0.01225,0.0135,0.0161,0.820347,0.00796,0.000563,0.806,0.81397,0.8207,0.82615,0.83581,0.016543,0.00215,0.000152,0.0129,0.015,0.0164,0.0179,0.02141,0.83689,0.00723,0.000511,0.82399,0.83128,0.83735,0.8422,0.8501
27.0,0.162999,0.00722,0.00051,0.1498,0.15778,0.1625,0.1687,0.17601,0.003896,0.00125,8.8e-5,0.0018,0.003,0.00375,0.0047,0.0067,0.011751,0.00164,0.000116,0.0091,0.01058,0.01155,0.0128,0.0152,0.821354,0.0079,0.000559,0.8068,0.81518,0.82185,0.82705,0.8366,0.015646,0.00206,0.000146,0.01209,0.0143,0.01555,0.0168,0.02041,0.837001,0.00722,0.00051,0.82399,0.8313,0.8375,0.84222,0.8502
27.25,0.162885,0.0072,0.000509,0.1498,0.15768,0.16225,0.16862,0.17601,0.00369,0.00119,8.4e-5,0.0017,0.0028,0.0036,0.0044,0.0064,0.011132,0.00159,0.000113,0.0086,0.01,0.0111,0.0121,0.0147,0.822292,0.00786,0.000556,0.8078,0.81598,0.8227,0.82785,0.83741,0.014823,0.002,0.000141,0.0112,0.0135,0.01465,0.01602,0.01901,0.837115,0.0072,0.000509,0.82399,0.83138,0.83775,0.84233,0.8502
27.5,0.162792,0.00717,0.000507,0.1498,0.15758,0.1622,0.16852,0.176,0.003477,0.00112,7.9e-5,0.0017,0.0027,0.0033,0.0041,0.006,0.010532,0.00151,0.000107,0.008,0.0094,0.0104,0.0115,0.01382,0.823199,0.0078,0.000551,0.8089,0.81695,0.8237,0.82882,0.83782,0.014009,0.0019,0.000134,0.0106,0.01278,0.0138,0.0151,0.018,0.837208,0.00717,0.000507,0.824,0.83148,0.8378,0.84242,0.8502
27.75,0.162703,0.00717,0.000507,0.1497,0.15748,0.1621,0.1685,0.1759,0.003281,0.00107,7.6e-5,0.0016,0.0025,0.00315,0.0039,0.00561,0.009954,0.00146,0.000104,0.0074,0.0089,0.0098,0.0108,0.01301,0.824062,0.00775,0.000548,0.8099,0.8177,0.8245,0.8297,0.83832,0.013235,0.00181,0.000128,0.0101,0.01208,0.0132,0.01432,0.0169,0.837297,0.00717,0.000507,0.8241,0.8315,0.8379,0.84252,0.8503
28.0,0.162618,0.00715,0.000505,0.1497,0.1573,0.162,0.16842,0.1757,0.003102,0.00102,7.2e-5,0.0014,0.0024,0.003,0.0037,0.00512,0.009394,0.0014,9.9e-5,0.0071,0.00838,0.0093,0.01032,0.0125,0.824884,0.00772,0.000546,0.81119,0.81865,0.82525,0.8305,0.83921,0.012497,0.00173,0.000122,0.0094,0.01148,0.0124,0.0135,0.0161,0.837382,0.00715,0.000505,0.8243,0.83158,0.838,0.8427,0.8503
28.25,0.162527,0.00712,0.000504,0.1497,0.1572,0.16195,0.1683,0.1756,0.002923,0.00097,6.9e-5,0.0014,0.0023,0.0028,0.0035,0.00491,0.008892,0.00136,9.6e-5,0.0068,0.00788,0.0088,0.0098,0.01191,0.825658,0.00767,0.000543,0.812,0.8195,0.826,0.8311,0.84002,0.011815,0.00169,0.000119,0.0089,0.0108,0.01165,0.01272,0.0154,0.837473,0.00712,0.000504,0.8244,0.8317,0.83805,0.8428,0.8503
28.5,0.162446,0.0071,0.000502,0.1497,0.1571,0.1617,0.16822,0.1754,0.00278,0.00095,6.7e-5,0.0013,0.0022,0.0027,0.0033,0.00462,0.008418,0.0013,9.2e-5,0.0063,0.0074,0.0083,0.0094,0.0113,0.826356,0.00765,0.000541,0.81288,0.8203,0.8269,0.8316,0.84072,0.011199,0.00162,0.000115,0.0083,0.0101,0.011,0.01222,0.0147,0.837554,0.0071,0.000502,0.8246,0.83178,0.8383,0.8429,0.8503
28.75,0.16237,0.00708,0.000501,0.1497,0.1571,0.16165,0.16815,0.1754,0.002624,0.00091,6.5e-5,0.0012,0.002,0.0025,0.0032,0.00442,0.007969,0.00125,8.8e-5,0.0059,0.007,0.0079,0.0089,0.0107,0.827036,0.00761,0.000538,0.81348,0.8211,0.82775,0.83243,0.84103,0.010594,0.00157,0.000111,0.0078,0.0096,0.01045,0.0115,0.01371,0.83763,0.00708,0.000501,0.8246,0.83185,0.83835,0.8429,0.8503
29.0,0.162302,0.00708,0.000501,0.1497,0.1571,0.16155,0.1681,0.1753,0.002458,0.00086,6.1e-5,0.0011,0.0019,0.0024,0.0029,0.00421,0.007538,0.0012,8.5e-5,0.0056,0.00668,0.0074,0.0083,0.01021,0.827702,0.00757,0.000535,0.8143,0.822,0.82835,0.8331,0.84143,0.009996,0.0015,0.000106,0.0073,0.0091,0.01,0.01082,0.0133,0.837698,0.00708,0.000501,0.8247,0.8319,0.83845,0.8429,0.8503
29.25,0.162234,0.00708,0.0005,0.1497,0.15708,0.16145,0.1681,0.1753,0.002319,0.00082,5.8e-5,0.0011,0.0017,0.0022,0.0028,0.0041,0.007121,0.00115,8.2e-5,0.0052,0.0063,0.007,0.0079,0.0099,0.828327,0.00754,0.000533,0.81519,0.8227,0.82895,0.83365,0.84192,0.00944,0.00144,0.000102,0.0069,0.00857,0.0094,0.01032,0.0126,0.837766,0.00708,0.0005,0.8247,0.8319,0.83855,0.84292,0.8503
29.5,0.162185,0.00707,0.0005,0.1497,0.157,0.1614,0.16802,0.1752,0.002186,0.00078,5.5e-5,0.001,0.0016,0.00205,0.0026,0.0039,0.006745,0.00112,7.9e-5,0.005,0.00598,0.0066,0.0075,0.0093,0.828884,0.00751,0.000531,0.8154,0.8232,0.82955,0.8341,0.84242,0.008931,0.00139,9.9e-5,0.0066,0.0081,0.0088,0.0097,0.0121,0.837815,0.00707,0.0005,0.8248,0.83198,0.8386,0.843,0.8503
29.75,0.162131,0.00707,0.0005,0.14969,0.157,0.16135,0.168,0.1752,0.002069,0.00075,5.3e-5,0.0009,0.0015,0.002,0.0025,0.0035,0.006398,0.00108,7.6e-5,0.0047,0.0056,0.0063,0.0072,0.0086,0.829401,0.00747,0.000528,0.81599,0.8236,0.8299,0.83462,0.84263,0.008467,0.00134,9.5e-5,0.0061,0.00768,0.00835,0.0093,0.01131,0.837868,0.00707,0.0005,0.8248,0.832,0.83865,0.843,0.85031
30.0,0.162075,0.00706,0.000499,0.14969,0.157,0.16125,0.16793,0.1751,0.001963,0.00073,5.1e-5,0.0009,0.0015,0.0018,0.0024,0.00351,0.006062,0.00106,7.5e-5,0.0044,0.0053,0.0059,0.0068,0.0083,0.8299,0.00743,0.000525,0.8165,0.8241,0.8302,0.83518,0.84332,0.008025,0.00133,9.4e-5,0.0057,0.0073,0.0079,0.0088,0.01092,0.837925,0.00706,0.000499,0.8249,0.83207,0.83875,0.843,0.85031
30.25,0.16203,0.00705,0.000498,0.14969,0.15698,0.16125,0.1679,0.1751,0.001835,0.0007,4.9e-5,0.0008,0.0014,0.0017,0.0022,0.00321,0.005718,0.00101,7.2e-5,0.004,0.005,0.0056,0.0064,0.00781,0.830416,0.00738,0.000522,0.81719,0.82458,0.8308,0.8358,0.84372,0.007554,0.00126,8.9e-5,0.0055,0.0068,0.0074,0.0083,0.01042,0.837969,0.00705,0.000498,0.8249,0.8321,0.83875,0.84302,0.85031
30.5,0.161976,0.00705,0.000498,0.14969,0.15698,0.1612,0.1679,0.175,0.00174,0.00067,4.7e-5,0.0008,0.0013,0.0016,0.00213,0.0031,0.005428,0.00098,6.9e-5,0.0038,0.0047,0.0053,0.006,0.0075,0.830856,0.00737,0.000521,0.81789,0.82497,0.8315,0.8363,0.84392,0.007169,0.0012,8.5e-5,0.0052,0.0064,0.007,0.0079,0.00981,0.838025,0.00705,0.000498,0.825,0.8321,0.8388,0.84302,0.85031
30.75,0.161936,0.00704,0.000498,0.14969,0.1569,0.16115,0.16782,0.175,0.001636,0.00064,4.5e-5,0.0007,0.0012,0.0015,0.002,0.0029,0.005124,0.00092,6.5e-5,0.0036,0.0044,0.0051,0.0057,0.00711,0.831304,0.00735,0.00052,0.81819,0.82528,0.832,0.8367,0.84422,0.00676,0.00115,8.1e-5,0.0048,0.006,0.00675,0.0074,0.00922,0.838064,0.00704,0.000498,0.825,0.83218,0.83885,0.8431,0.85031
31.0,0.161897,0.00703,0.000497,0.14959,0.1569,0.16115,0.16772,0.175,0.001544,0.00062,4.4e-5,0.0006,0.0011,0.0015,0.0019,0.0028,0.004818,0.00088,6.2e-5,0.0033,0.0042,0.0047,0.0053,0.00671,0.831742,0.00733,0.000518,0.81879,0.82568,0.8324,0.83692,0.84482,0.006362,0.0011,7.8e-5,0.0045,0.0056,0.0063,0.007,0.00871,0.838103,0.00703,0.000497,0.825,0.83228,0.83885,0.8431,0.85041
31.25,0.161858,0.00702,0.000497,0.14959,0.15685,0.16115,0.16772,0.1749,0.001466,0.00061,4.3e-5,0.0005,0.001,0.0014,0.0018,0.0028,0.004539,0.00086,6.1e-5,0.00329,0.0039,0.0045,0.0051,0.00631,0.832136,0.00731,0.000517,0.81929,0.82605,0.8328,0.83733,0.84512,0.006005,0.00108,7.7e-5,0.0041,0.0053,0.006,0.0066,0.00831,0.838142,0.00702,0.000497,0.8251,0.83228,0.83885,0.84315,0.85041
31.5,0.161824,0.00702,0.000496,0.14959,0.15678,0.16105,0.16762,0.1748,0.001384,0.00058,4.1e-5,0.0005,0.001,0.0013,0.0017,0.0026,0.004304,0.00083,5.9e-5,0.0031,0.0037,0.00425,0.0048,0.0062,0.832487,0.00728,0.000515,0.81959,0.82638,0.833,0.83762,0.84541,0.005689,0.00104,7.3e-5,0.0039,0.0049,0.0057,0.00622,0.00791,0.838176,0.00702,0.000496,0.8252,0.83238,0.83895,0.84322,0.85041
31.75,0.16179,0.00701,0.000495,0.14959,0.15678,0.16105,0.1676,0.1748,0.001303,0.00055,3.9e-5,0.0004,0.0009,0.0012,0.0016,0.0024,0.004057,0.00079,5.6e-5,0.0028,0.0035,0.004,0.0046,0.00561,0.83285,0.00726,0.000513,0.8199,0.8268,0.83355,0.83798,0.84562,0.00536,0.00099,7.0e-5,0.0037,0.00468,0.0054,0.0059,0.0075,0.83821,0.00701,0.000495,0.8252,0.8324,0.83895,0.84322,0.85041
32.0,0.161762,0.007,0.000495,0.14959,0.15678,0.161,0.1676,0.1748,0.001227,0.00053,3.8e-5,0.0004,0.0008,0.00115,0.0016,0.0023,0.003841,0.00079,5.6e-5,0.0026,0.0032,0.0038,0.00432,0.00551,0.833169,0.00727,0.000514,0.8201,0.8273,0.83375,0.83842,0.8464,0.005068,0.00097,6.9e-5,0.0034,0.0044,0.0051,0.0056,0.0073,0.838238,0.007,0.000495,0.8252,0.8324,0.839,0.84322,0.85041
32.25,0.161735,0.007,0.000495,0.14959,0.15678,0.161,0.1676,0.1748,0.001158,0.00052,3.6e-5,0.0003,0.0008,0.0011,0.0015,0.0022,0.003621,0.00077,5.4e-5,0.0024,0.003,0.0036,0.0041,0.00531,0.833485,0.00726,0.000513,0.82059,0.8276,0.8341,0.8387,0.8466,0.00478,0.00095,6.7e-5,0.0031,0.0041,0.0048,0.0053,0.007,0.838265,0.007,0.000495,0.8252,0.8324,0.839,0.84322,0.85041
32.5,0.161712,0.007,0.000495,0.14959,0.1567,0.161,0.1676,0.1748,0.001094,0.0005,3.5e-5,0.0003,0.0008,0.001,0.0014,0.0022,0.003435,0.00076,5.4e-5,0.0022,0.0029,0.0034,0.0039,0.00521,0.833759,0.00722,0.00051,0.82108,0.82805,0.8343,0.83882,0.8469,0.00453,0.00093,6.6e-5,0.0028,0.0039,0.0046,0.0051,0.0066,0.838288,0.007,0.000495,0.8252,0.8324,0.839,0.8433,0.85041
32.75,0.161686,0.00699,0.000494,0.14959,0.1567,0.16095,0.1676,0.1748,0.001042,0.00049,3.5e-5,0.0002,0.0007,0.001,0.0013,0.0021,0.003262,0.00073,5.2e-5,0.0021,0.0027,0.00325,0.0037,0.0051,0.834009,0.00717,0.000507,0.82138,0.8284,0.8344,0.83902,0.847,0.004304,0.0009,6.3e-5,0.0028,0.0037,0.0043,0.0048,0.0063,0.838314,0.00699,0.000494,0.8252,0.8324,0.83905,0.8433,0.85041
33.0,0.161664,0.00699,0.000494,0.14959,0.1567,0.16095,0.1676,0.1748,0.000994,0.00048,3.4e-5,0.0002,0.0007,0.00095,0.00122,0.0021,0.003089,0.00069,4.9e-5,0.002,0.0026,0.0031,0.0035,0.0046,0.834252,0.00714,0.000505,0.8215,0.8286,0.8345,0.83922,0.8471,0.004084,0.00084,6.0e-5,0.0027,0.0034,0.0041,0.0046,0.006,0.838335,0.00699,0.000494,0.8252,0.8324,0.83905,0.8433,0.85041
33.25,0.161637,0.00698,0.000494,0.14959,0.15668,0.1609,0.1676,0.1748,0.000947,0.00046,3.3e-5,0.0002,0.0006,0.0009,0.0012,0.002,0.002909,0.00068,4.8e-5,0.0018,0.0024,0.0028,0.00332,0.0045,0.834507,0.00712,0.000504,0.8218,0.82908,0.835,0.8396,0.8472,0.003856,0.00083,5.9e-5,0.0024,0.0032,0.0038,0.0044,0.0056,0.838363,0.00698,0.000494,0.8252,0.8324,0.8391,0.84332,0.85041
33.5,0.16162,0.00699,0.000494,0.14959,0.15668,0.1609,0.1676,0.1748,0.000886,0.00043,3.1e-5,0.0002,0.0006,0.0008,0.0011,0.0019,0.002742,0.00064,4.5e-5,0.0018,0.0023,0.0027,0.0031,0.0042,0.834751,0.00711,0.000503,0.822,0.8293,0.8353,0.8399,0.8474,0.003629,0.00076,5.4e-5,0.0023,0.00307,0.0036,0.0041,0.0052,0.83838,0.00699,0.000494,0.8252,0.8324,0.8391,0.84332,0.85042
33.75,0.161601,0.00699,0.000495,0.14959,0.15668,0.1608,0.1676,0.1748,0.000846,0.00043,3.0e-5,0.0002,0.0005,0.0008,0.0011,0.0018,0.002586,0.00063,4.5e-5,0.0016,0.0021,0.00255,0.0029,0.00401,0.834966,0.00709,0.000501,0.8222,0.82958,0.8354,0.84012,0.84751,0.003432,0.00075,5.3e-5,0.0022,0.0028,0.0034,0.0039,0.0051,0.838398,0.00699,0.000495,0.8252,0.8324,0.8392,0.84332,0.85042
34.0,0.161587,0.00699,0.000494,0.14959,0.1566,0.1608,0.16752,0.1748,0.00079,0.0004,2.8e-5,0.0002,0.0005,0.0008,0.001,0.0018,0.002448,0.00061,4.3e-5,0.0015,0.002,0.0024,0.0027,0.0038,0.835174,0.00709,0.000501,0.8225,0.8298,0.8356,0.84022,0.848,0.003238,0.00071,5.1e-5,0.0021,0.0027,0.0031,0.0037,0.0048,0.838412,0.00699,0.000494,0.8252,0.83248,0.8392,0.8434,0.85042
34.25,0.161571,0.00698,0.000494,0.14959,0.1566,0.16075,0.16752,0.1748,0.000749,0.00039,2.7e-5,0.0001,0.00048,0.0007,0.0009,0.0017,0.002322,0.0006,4.3e-5,0.0013,0.0019,0.0023,0.0026,0.0037,0.835358,0.00709,0.000502,0.8226,0.82988,0.83585,0.84043,0.8481,0.00307,0.00071,5.0e-5,0.0019,0.00258,0.00305,0.0036,0.0047,0.838429,0.00698,0.000494,0.8252,0.83248,0.83925,0.8434,0.85042
34.5,0.161556,0.00698,0.000494,0.14949,0.1566,0.16075,0.16752,0.1748,0.000704,0.00036,2.5e-5,0.0001,0.0004,0.0007,0.0009,0.0015,0.002203,0.0006,4.2e-5,0.0012,0.0018,0.0021,0.0025,0.00351,0.835536,0.00709,0.000501,0.8228,0.83002,0.83605,0.84052,0.84821,0.002907,0.00069,4.9e-5,0.0017,0.0024,0.0028,0.0034,0.00431,0.838443,0.00698,0.000494,0.8252,0.83248,0.83925,0.8434,0.85051
34.75,0.161548,0.00698,0.000493,0.14949,0.1566,0.16075,0.16752,0.1748,0.000666,0.00035,2.5e-5,0.0001,0.0004,0.0006,0.0009,0.0014,0.002078,0.00056,4.0e-5,0.0011,0.0017,0.002,0.0023,0.0033,0.835708,0.00707,0.0005,0.8228,0.83015,0.83625,0.84065,0.84841,0.002744,0.00065,4.6e-5,0.0017,0.0022,0.00265,0.0032,0.0042,0.838452,0.00698,0.000493,0.8252,0.83248,0.83925,0.8434,0.85051
35.0,0.161539,0.00698,0.000493,0.14949,0.1566,0.16075,0.16752,0.1748,0.000632,0.00035,2.4e-5,0.0001,0.0004,0.0006,0.0008,0.0014,0.001963,0.00054,3.9e-5,0.0011,0.0016,0.0019,0.0022,0.0031,0.835866,0.00707,0.0005,0.8231,0.83028,0.8365,0.8408,0.84851,0.002596,0.00063,4.5e-5,0.0015,0.0021,0.0025,0.003,0.004,0.838462,0.00698,0.000493,0.8252,0.83248,0.83925,0.8434,0.85051
35.25,0.161524,0.00698,0.000493,0.14949,0.1566,0.16075,0.16752,0.1748,0.000601,0.00034,2.4e-5,0.0001,0.00038,0.0006,0.0008,0.0013,0.001855,0.00053,3.8e-5,0.0009,0.0015,0.0018,0.0022,0.003,0.83602,0.00706,0.000499,0.8234,0.83045,0.8367,0.8409,0.8487,0.002457,0.00063,4.4e-5,0.0014,0.002,0.0024,0.0029,0.00371,0.838476,0.00698,0.000493,0.8252,0.83248,0.83925,0.8434,0.85051
35.5,0.161512,0.00698,0.000493,0.14949,0.15648,0.16075,0.16752,0.1748,0.000565,0.00032,2.3e-5,0.0001,0.0003,0.0005,0.0008,0.0012,0.001743,0.0005,3.5e-5,0.0008,0.0014,0.0017,0.002,0.0028,0.83618,0.00706,0.000499,0.8235,0.8306,0.83685,0.84112,0.849,0.002309,0.00059,4.2e-5,0.0014,0.0019,0.0023,0.0027,0.0035,0.838488,0.00698,0.000493,0.8252,0.83248,0.83925,0.84352,0.85051
35.75,0.161501,0.00698,0.000494,0.14948,0.15645,0.16075,0.16752,0.1748,0.000532,0.00031,2.2e-5,0.0,0.0003,0.0005,0.0007,0.0012,0.001651,0.00049,3.5e-5,0.0008,0.0013,0.0016,0.0019,0.0028,0.836316,0.00705,0.000498,0.8235,0.83078,0.83695,0.84122,0.84901,0.002183,0.00057,4.0e-5,0.0012,0.0018,0.00215,0.0026,0.0034,0.838499,0.00698,0.000494,0.8252,0.83248,0.83925,0.84355,0.85052
36.0,0.161494,0.00698,0.000494,0.14948,0.15642,0.16075,0.16752,0.1748,0.000501,0.00029,2.0e-5,0.0,0.0003,0.0005,0.00062,0.0012,0.00156,0.00047,3.3e-5,0.0007,0.0013,0.0015,0.00182,0.0026,0.836446,0.00704,0.000498,0.8238,0.8309,0.8371,0.84142,0.84921,0.00206,0.00054,3.8e-5,0.0011,0.0017,0.002,0.0024,0.0032,0.838506,0.00698,0.000494,0.8252,0.83248,0.83925,0.84358,0.85052
36.25,0.161485,0.00698,0.000494,0.14948,0.1564,0.1607,0.16752,0.1748,0.000478,0.00028,2.0e-5,0.0,0.0003,0.0005,0.0006,0.0011,0.001467,0.00046,3.2e-5,0.0006,0.0012,0.0014,0.00172,0.0025,0.836571,0.00704,0.000498,0.8239,0.83105,0.8372,0.8416,0.84931,0.001944,0.00054,3.8e-5,0.0011,0.00158,0.0019,0.0023,0.0031,0.838515,0.00698,0.000494,0.8252,0.83248,0.8393,0.8436,0.85052
36.5,0.161479,0.00698,0.000494,0.14948,0.15625,0.1607,0.16752,0.1748,0.000453,0.00027,1.9e-5,0.0,0.0003,0.0004,0.0006,0.0011,0.001387,0.00044,3.1e-5,0.0006,0.0011,0.0014,0.0017,0.0022,0.836682,0.00703,0.000497,0.824,0.83128,0.83725,0.84182,0.84941,0.00184,0.00052,3.7e-5,0.001,0.0014,0.0018,0.0022,0.0029,0.838522,0.00698,0.000494,0.8252,0.83248,0.8393,0.84375,0.85052
36.75,0.161469,0.00698,0.000494,0.14948,0.15625,0.1607,0.16752,0.1748,0.000422,0.00026,1.9e-5,0.0,0.0002,0.0004,0.0006,0.001,0.00132,0.00043,3.1e-5,0.0006,0.001,0.0013,0.0016,0.0022,0.836789,0.00703,0.000497,0.82419,0.8313,0.83745,0.84192,0.8498,0.001742,0.00051,3.6e-5,0.0009,0.0013,0.0017,0.0021,0.0028,0.838532,0.00698,0.000494,0.8252,0.83248,0.8393,0.84375,0.85052
37.0,0.161463,0.00698,0.000494,0.14948,0.15625,0.1607,0.16752,0.1748,0.000396,0.00025,1.8e-5,0.0,0.0002,0.0004,0.0005,0.001,0.001237,0.00042,3.0e-5,0.0005,0.0009,0.0012,0.0015,0.0021,0.836903,0.00703,0.000497,0.82429,0.83138,0.8375,0.84192,0.8498,0.001634,0.00049,3.5e-5,0.0008,0.0013,0.0016,0.002,0.0026,0.838537,0.00698,0.000494,0.8252,0.83248,0.8393,0.84375,0.85052
37.25,0.161458,0.00698,0.000494,0.14948,0.15625,0.1607,0.16752,0.1748,0.000371,0.00024,1.7e-5,0.0,0.0002,0.00035,0.0005,0.0009,0.001162,0.0004,2.8e-5,0.0005,0.0009,0.0011,0.00142,0.002,0.83701,0.00703,0.000497,0.82429,0.83155,0.8375,0.84212,0.8499,0.001532,0.00047,3.3e-5,0.0008,0.0012,0.0015,0.0018,0.0024,0.838543,0.00698,0.000494,0.8252,0.83248,0.8393,0.84375,0.85052
37.5,0.161452,0.00698,0.000494,0.14948,0.15625,0.1607,0.16752,0.1748,0.000346,0.00022,1.6e-5,0.0,0.0002,0.0003,0.0005,0.0008,0.001099,0.00038,2.7e-5,0.0005,0.0008,0.0011,0.0013,0.0019,0.837103,0.00702,0.000496,0.82448,0.8316,0.8377,0.8422,0.8499,0.001446,0.00044,3.1e-5,0.0007,0.0011,0.0014,0.0017,0.0024,0.838549,0.00698,0.000494,0.8252,0.83248,0.8393,0.84375,0.85052
37.75,0.161446,0.00698,0.000494,0.14948,0.15625,0.1607,0.1675,0.1748,0.000322,0.00022,1.5e-5,0.0,0.0002,0.0003,0.0005,0.0007,0.001037,0.00036,2.6e-5,0.0005,0.0008,0.001,0.0013,0.0018,0.837195,0.00702,0.000496,0.82448,0.83178,0.8378,0.84235,0.8499,0.00136,0.00042,3.0e-5,0.0007,0.001,0.0013,0.0016,0.0023,0.838555,0.00698,0.000494,0.8252,0.8325,0.8393,0.84375,0.85052
38.0,0.161442,0.00698,0.000494,0.14948,0.15622,0.1607,0.1675,0.1748,0.000308,0.00021,1.5e-5,0.0,0.0002,0.0003,0.0004,0.0007,0.000979,0.00035,2.5e-5,0.0004,0.0007,0.0009,0.0012,0.0016,0.837271,0.00701,0.000496,0.82449,0.83178,0.83785,0.84245,0.84991,0.001287,0.00042,3.0e-5,0.0006,0.001,0.0013,0.00152,0.00211,0.838558,0.00698,0.000494,0.8252,0.8325,0.8393,0.84378,0.85052
38.25,0.161436,0.00698,0.000494,0.14948,0.15622,0.1607,0.1675,0.1748,0.000288,0.0002,1.4e-5,0.0,0.00018,0.0003,0.0004,0.0007,0.000927,0.00034,2.4e-5,0.0004,0.0007,0.0009,0.0011,0.0016,0.837349,0.007,0.000495,0.82449,0.83187,0.8379,0.84245,0.84991,0.001215,0.0004,2.8e-5,0.0005,0.0009,0.00115,0.0015,0.0021,0.838564,0.00698,0.000494,0.8252,0.8325,0.8393,0.84378,0.85052
38.5,0.161431,0.00698,0.000494,0.14948,0.15622,0.1607,0.1675,0.1748,0.00027,0.0002,1.4e-5,0.0,0.0001,0.0002,0.0004,0.0007,0.000871,0.00033,2.3e-5,0.0003,0.0006,0.0008,0.0011,0.0016,0.837428,0.00701,0.000496,0.82449,0.83187,0.83805,0.8426,0.84991,0.00114,0.0004,2.8e-5,0.0005,0.0008,0.0011,0.0014,0.002,0.838569,0.00698,0.000494,0.8252,0.8325,0.8393,0.84378,0.85052
38.75,0.161426,0.00698,0.000494,0.14948,0.15622,0.1607,0.1675,0.1748,0.000259,0.00019,1.3e-5,0.0,0.0001,0.0002,0.0004,0.0007,0.000823,0.00033,2.3e-5,0.0003,0.0006,0.0008,0.001,0.0015,0.837492,0.00701,0.000495,0.82449,0.83207,0.8381,0.84268,0.84991,0.001083,0.0004,2.8e-5,0.0004,0.0008,0.00105,0.0013,0.002,0.838575,0.00698,0.000494,0.8252,0.8325,0.8393,0.84378,0.85052
39.0,0.161424,0.00698,0.000493,0.14948,0.15622,0.1607,0.1675,0.1748,0.000242,0.00019,1.3e-5,0.0,0.0001,0.0002,0.0003,0.0007,0.000779,0.00032,2.2e-5,0.0003,0.0005,0.0007,0.001,0.0015,0.837555,0.007,0.000495,0.82449,0.83207,0.83825,0.84275,0.84991,0.001022,0.00039,2.7e-5,0.0004,0.00078,0.001,0.0013,0.0019,0.838577,0.00698,0.000493,0.8252,0.8325,0.8393,0.84378,0.85052
39.25,0.161421,0.00698,0.000493,0.14948,0.15622,0.1607,0.1675,0.1748,0.000231,0.00018,1.3e-5,0.0,0.0001,0.0002,0.0003,0.0007,0.000733,0.0003,2.1e-5,0.0002,0.0005,0.0007,0.0009,0.0014,0.837616,0.007,0.000495,0.82459,0.83207,0.83825,0.84275,0.85001,0.000964,0.00037,2.6e-5,0.0004,0.0007,0.0009,0.0012,0.0019,0.838579,0.00698,0.000493,0.8252,0.8325,0.8393,0.84378,0.85052
39.5,0.161418,0.00698,0.000493,0.14948,0.15622,0.1607,0.1675,0.1748,0.000222,0.00018,1.2e-5,0.0,0.0001,0.0002,0.0003,0.0007,0.00069,0.00029,2.1e-5,0.0002,0.0005,0.0007,0.0009,0.0013,0.837671,0.007,0.000495,0.82459,0.83215,0.83835,0.84282,0.85011,0.000912,0.00036,2.5e-5,0.0004,0.0006,0.0009,0.00112,0.0017,0.838583,0.00698,0.000493,0.8252,0.8325,0.8393,0.84378,0.85052
39.75,0.161414,0.00698,0.000493,0.14948,0.15622,0.1607,0.1675,0.1748,0.000212,0.00017,1.2e-5,0.0,0.0001,0.0002,0.0003,0.0006,0.000656,0.00028,2.0e-5,0.0002,0.0004,0.0006,0.0009,0.0012,0.837719,0.00701,0.000495,0.82459,0.83215,0.8384,0.84282,0.85011,0.000868,0.00034,2.4e-5,0.0004,0.0006,0.0008,0.0011,0.0016,0.838587,0.00698,0.000493,0.8252,0.8325,0.8393,0.84378,0.85052
40.0,0.161411,0.00697,0.000493,0.14948,0.15622,0.1607,0.1675,0.1748,0.0002,0.00016,1.1e-5,0.0,0.0001,0.0002,0.0003,0.0006,0.000618,0.00027,1.9e-5,0.0002,0.0004,0.0006,0.0008,0.0012,0.837772,0.007,0.000495,0.82469,0.83215,0.8384,0.84285,0.85011,0.000818,0.00034,2.4e-5,0.0003,0.0006,0.0008,0.001,0.0016,0.83859,0.00697,0.000493,0.8252,0.8325,0.8393,0.84378,0.85052
40.25,0.161409,0.00697,0.000493,0.14948,0.15622,0.1607,0.1675,0.1748,0.000187,0.00016,1.1e-5,0.0,0.0001,0.0002,0.0003,0.0006,0.000585,0.00026,1.9e-5,0.0002,0.0004,0.00055,0.0008,0.0011,0.837819,0.00701,0.000496,0.82469,0.83215,0.8385,0.84295,0.85011,0.000772,0.00032,2.3e-5,0.0003,0.0005,0.0008,0.00092,0.0016,0.838591,0.00697,0.000493,0.8252,0.8325,0.8393,0.84378,0.85052
40.5,0.161406,0.00697,0.000493,0.14948,0.15622,0.1607,0.1675,0.1748,0.000173,0.00015,1.1e-5,0.0,8.0e-5,0.0002,0.0003,0.0005,0.000556,0.00026,1.9e-5,0.0002,0.0004,0.0005,0.0007,0.0011,0.837866,0.007,0.000495,0.82469,0.83218,0.83855,0.84302,0.85022,0.000728,0.00032,2.3e-5,0.0002,0.0005,0.0007,0.0009,0.0015,0.838594,0.00697,0.000493,0.8252,0.8325,0.8393,0.84378,0.85052
40.75,0.161406,0.00697,0.000493,0.14948,0.15622,0.1607,0.1675,0.1748,0.000163,0.00015,1.0e-5,0.0,0.0,0.0001,0.0002,0.0005,0.000524,0.00026,1.8e-5,0.0001,0.0003,0.0005,0.0007,0.0011,0.837907,0.007,0.000495,0.82469,0.83218,0.8386,0.8431,0.85022,0.000688,0.00032,2.3e-5,0.0002,0.0005,0.0006,0.0009,0.0014,0.838595,0.00697,0.000493,0.8252,0.8325,0.8393,0.84378,0.85052
41.0,0.161402,0.00697,0.000493,0.14948,0.15622,0.1607,0.1675,0.1748,0.000153,0.00014,1.0e-5,0.0,0.0,0.0001,0.0002,0.0005,0.00049,0.00024,1.7e-5,0.0001,0.0003,0.0005,0.0006,0.001,0.837955,0.007,0.000495,0.8247,0.83218,0.83865,0.8432,0.85022,0.000642,0.0003,2.1e-5,0.0002,0.0004,0.0006,0.0008,0.00131,0.838598,0.00697,0.000493,0.8252,0.8325,0.8393,0.84378,0.85052
41.25,0.161398,0.00698,0.000493,0.14948,0.15615,0.1607,0.1675,0.1748,0.00014,0.00014,1.0e-5,0.0,0.0,0.0001,0.0002,0.0005,0.000466,0.00024,1.7e-5,0.0,0.0003,0.0004,0.0006,0.001,0.837997,0.007,0.000495,0.82479,0.83218,0.8387,0.84322,0.85022,0.000605,0.0003,2.1e-5,0.0001,0.0004,0.0006,0.0008,0.0013,0.838602,0.00698,0.000493,0.8252,0.8325,0.8393,0.84385,0.85052
41.5,0.161396,0.00698,0.000493,0.14948,0.15615,0.1607,0.1675,0.1748,0.000133,0.00013,9.0e-6,0.0,0.0,0.0001,0.0002,0.0005,0.000442,0.00023,1.6e-5,0.0,0.0003,0.0004,0.0006,0.0009,0.83803,0.007,0.000495,0.82479,0.83218,0.83875,0.84322,0.85032,0.000574,0.00028,2.0e-5,0.0001,0.0004,0.0005,0.00072,0.00121,0.838605,0.00698,0.000493,0.8252,0.8325,0.8393,0.84385,0.85052
41.75,0.161394,0.00698,0.000493,0.14948,0.15615,0.1607,0.1675,0.1748,0.000125,0.00013,9.0e-6,0.0,0.0,0.0001,0.0002,0.0004,0.000416,0.00023,1.6e-5,0.0,0.0002,0.0004,0.0006,0.0009,0.838065,0.007,0.000495,0.82489,0.8322,0.8388,0.8433,0.85032,0.000541,0.00027,1.9e-5,0.0001,0.0004,0.0005,0.0007,0.00121,0.838606,0.00698,0.000493,0.8252,0.8325,0.8393,0.84385,0.85052
42.0,0.161393,0.00698,0.000493,0.14948,0.15615,0.1607,0.1675,0.1748,0.000118,0.00012,9.0e-6,0.0,0.0,0.0001,0.0002,0.0004,0.00039,0.00022,1.5e-5,0.0,0.0002,0.0004,0.0005,0.0009,0.838099,0.007,0.000495,0.82489,0.8322,0.83885,0.8433,0.85032,0.000508,0.00027,1.9e-5,0.0001,0.0003,0.0005,0.0007,0.0012,0.838607,0.00698,0.000493,0.8252,0.8325,0.8393,0.84385,0.85052
42.25,0.161392,0.00698,0.000493,0.14948,0.15615,0.1607,0.1675,0.1748,0.000106,0.00012,8.0e-6,0.0,0.0,0.0001,0.0002,0.0004,0.000361,0.00021,1.5e-5,0.0,0.0002,0.0003,0.0005,0.0007,0.838141,0.007,0.000495,0.82489,0.83228,0.8389,0.84343,0.85032,0.000467,0.00025,1.8e-5,0.0001,0.0003,0.0004,0.0006,0.0011,0.838608,0.00698,0.000493,0.8252,0.8325,0.8393,0.84385,0.85052
42.5,0.161391,0.00698,0.000493,0.14948,0.15615,0.1607,0.1675,0.1748,0.000101,0.00012,8.0e-6,0.0,0.0,0.0001,0.0002,0.0004,0.000338,0.0002,1.4e-5,0.0,0.0002,0.0003,0.0004,0.0007,0.83817,0.007,0.000495,0.8249,0.83228,0.8389,0.84343,0.85032,0.000439,0.00024,1.7e-5,0.0001,0.0003,0.0004,0.0006,0.001,0.83861,0.00698,0.000493,0.8252,0.8325,0.8393,0.84385,0.85052
42.75,0.161391,0.00698,0.000493,0.14948,0.15615,0.1607,0.1675,0.1748,9.4e-5,0.00011,8.0e-6,0.0,0.0,0.0001,0.0001,0.0004,0.00032,0.00019,1.3e-5,0.0,0.0002,0.0003,0.0004,0.0007,0.838195,0.007,0.000495,0.8249,0.8323,0.8389,0.84345,0.85032,0.000414,0.00023,1.6e-5,0.0001,0.0003,0.0004,0.0006,0.0009,0.83861,0.00698,0.000493,0.8252,0.8325,0.8393,0.84385,0.85052
43.0,0.161391,0.00698,0.000493,0.14948,0.15615,0.1607,0.1675,0.1748,9.0e-5,0.00011,8.0e-6,0.0,0.0,0.0001,0.0001,0.0004,0.0003,0.00018,1.3e-5,0.0,0.0002,0.0003,0.0004,0.0007,0.83822,0.007,0.000495,0.8249,0.8323,0.8389,0.84345,0.85032,0.000389,0.00022,1.6e-5,0.0001,0.0002,0.00035,0.0005,0.0009,0.83861,0.00698,0.000493,0.8252,0.8325,0.8393,0.84385,0.85052
43.25,0.161389,0.00698,0.000493,0.14948,0.15615,0.1607,0.1675,0.1748,8.3e-5,0.00011,8.0e-6,0.0,0.0,0.0001,0.0001,0.0004,0.00028,0.00017,1.2e-5,0.0,0.0002,0.0003,0.0004,0.0007,0.838248,0.007,0.000495,0.8249,0.8323,0.83895,0.8435,0.85042,0.000363,0.00021,1.5e-5,0.0001,0.0002,0.0003,0.0005,0.0009,0.838611,0.00698,0.000493,0.8252,0.8325,0.8393,0.84385,0.85052
43.5,0.161388,0.00698,0.000493,0.14948,0.15615,0.1607,0.1675,0.1748,7.5e-5,0.0001,7.0e-6,0.0,0.0,0.0,0.0001,0.0003,0.000262,0.00017,1.2e-5,0.0,0.0001,0.0002,0.0004,0.0006,0.838275,0.007,0.000495,0.8249,0.8323,0.839,0.8435,0.85042,0.000338,0.00021,1.5e-5,0.0001,0.0002,0.0003,0.00042,0.0008,0.838613,0.00698,0.000493,0.8252,0.8325,0.8393,0.84385,0.85052
43.75,0.161387,0.00698,0.000493,0.14948,0.15615,0.1607,0.1675,0.1748,7.1e-5,0.0001,7.0e-6,0.0,0.0,0.0,0.0001,0.0003,0.000248,0.00016,1.1e-5,0.0,0.0001,0.0002,0.0003,0.0006,0.838295,0.00699,0.000495,0.8249,0.8323,0.839,0.8435,0.85042,0.000318,0.00019,1.3e-5,0.0001,0.0002,0.0003,0.0004,0.0008,0.838614,0.00698,0.000493,0.8252,0.8325,0.8393,0.84385,0.85052
44.0,0.161385,0.00698,0.000493,0.14948,0.15615,0.1607,0.1675,0.1748,6.7e-5,0.0001,7.0e-6,0.0,0.0,0.0,0.0001,0.0003,0.000234,0.00015,1.1e-5,0.0,0.0001,0.0002,0.0003,0.0006,0.838314,0.00699,0.000495,0.82499,0.8323,0.8391,0.8435,0.85042,0.000301,0.00019,1.3e-5,0.0,0.0002,0.0003,0.0004,0.0007,0.838615,0.00698,0.000493,0.8252,0.8325,0.8393,0.84385,0.85052
44.25,0.161385,0.00698,0.000493,0.14948,0.15615,0.1607,0.1675,0.1748,6.2e-5,9.0e-5,6.0e-6,0.0,0.0,0.0,0.0001,0.0003,0.000217,0.00015,1.1e-5,0.0,0.0001,0.0002,0.0003,0.0006,0.838336,0.00699,0.000494,0.825,0.83238,0.83915,0.8435,0.85052,0.000279,0.00018,1.3e-5,0.0,0.00018,0.0003,0.0004,0.0007,0.838615,0.00698,0.000493,0.8252,0.8325,0.8393,0.84385,0.85052
44.5,0.161384,0.00698,0.000493,0.14948,0.15615,0.1607,0.1675,0.1748,5.7e-5,9.0e-5,6.0e-6,0.0,0.0,0.0,0.0001,0.0003,0.000204,0.00015,1.1e-5,0.0,0.0001,0.0002,0.0003,0.0005,0.838354,0.00699,0.000495,0.825,0.83238,0.83915,0.84358,0.85052,0.000261,0.00018,1.3e-5,0.0,0.0001,0.0002,0.0004,0.0007,0.838616,0.00698,0.000493,0.8252,0.8325,0.8393,0.84385,0.85052
44.75,0.161383,0.00698,0.000493,0.14948,0.15615,0.1607,0.1675,0.1748,5.4e-5,9.0e-5,6.0e-6,0.0,0.0,0.0,0.0001,0.0003,0.000191,0.00015,1.0e-5,0.0,0.0001,0.0002,0.0003,0.0005,0.838371,0.00699,0.000494,0.825,0.83238,0.8392,0.84358,0.85052,0.000245,0.00018,1.3e-5,0.0,0.0001,0.0002,0.0004,0.0007,0.838617,0.00698,0.000493,0.8252,0.8325,0.8393,0.84385,0.85052
45.0,0.161383,0.00698,0.000493,0.14948,0.15615,0.1607,0.1675,0.1748,5.2e-5,8.0e-5,6.0e-6,0.0,0.0,0.0,0.0001,0.0003,0.000178,0.00014,1.0e-5,0.0,0.0001,0.0002,0.0002,0.0005,0.838387,0.00699,0.000494,0.825,0.83238,0.83925,0.84358,0.85052,0.00023,0.00017,1.2e-5,0.0,0.0001,0.0002,0.0003,0.0007,0.838618,0.00698,0.000493,0.8252,0.8325,0.8393,0.84385,0.85052
45.25,0.161382,0.00698,0.000493,0.14948,0.15615,0.1607,0.1675,0.1748,5.1e-5,8.0e-5,6.0e-6,0.0,0.0,0.0,0.0001,0.0003,0.000171,0.00014,1.0e-5,0.0,0.0001,0.00015,0.0002,0.0005,0.838396,0.00698,0.000494,0.8251,0.83238,0.83925,0.84358,0.85052,0.000222,0.00016,1.2e-5,0.0,0.0001,0.0002,0.0003,0.0007,0.838619,0.00698,0.000493,0.8252,0.8325,0.8393,0.84385,0.85052
45.5,0.16138,0.00698,0.000493,0.14948,0.15615,0.1607,0.1675,0.1748,5.0e-5,8.0e-5,6.0e-6,0.0,0.0,0.0,0.0001,0.0003,0.000156,0.00013,9.0e-6,0.0,0.0001,0.0001,0.0002,0.0004,0.838413,0.00698,0.000494,0.8251,0.83238,0.83925,0.84365,0.85052,0.000206,0.00016,1.1e-5,0.0,0.0001,0.0002,0.0003,0.0006,0.83862,0.00698,0.000493,0.8252,0.8325,0.8393,0.84385,0.85052
45.75,0.16138,0.00698,0.000493,0.14948,0.15615,0.1607,0.1675,0.1748,4.8e-5,8.0e-5,5.0e-6,0.0,0.0,0.0,0.0001,0.0002,0.000148,0.00013,9.0e-6,0.0,0.0001,0.0001,0.0002,0.0004,0.838424,0.00698,0.000493,0.8251,0.83238,0.83925,0.84365,0.85052,0.000196,0.00015,1.1e-5,0.0,0.0001,0.0002,0.0003,0.0006,0.83862,0.00698,0.000493,0.8252,0.8325,0.8393,0.84385,0.85052
46.0,0.16138,0.00698,0.000493,0.14948,0.15615,0.1607,0.1675,0.1748,4.6e-5,7.0e-5,5.0e-6,0.0,0.0,0.0,0.0001,0.0002,0.000134,0.00012,9.0e-6,0.0,0.0,0.0001,0.0002,0.0004,0.838441,0.00698,0.000493,0.8251,0.83238,0.83925,0.84365,0.85052,0.000179,0.00014,1.0e-5,0.0,0.0001,0.0002,0.0003,0.0005,0.838621,0.00698,0.000493,0.8252,0.8325,0.8393,0.84385,0.85052
46.25,0.161378,0.00698,0.000493,0.14948,0.15615,0.1607,0.1675,0.1748,4.3e-5,7.0e-5,5.0e-6,0.0,0.0,0.0,0.0001,0.0002,0.000126,0.00012,8.0e-6,0.0,0.0,0.0001,0.0002,0.0004,0.838452,0.00698,0.000493,0.8251,0.8324,0.83925,0.84365,0.85052,0.000169,0.00014,1.0e-5,0.0,0.0001,0.0001,0.0002,0.0005,0.838622,0.00698,0.000493,0.8252,0.8325,0.8393,0.84385,0.85052
46.5,0.161378,0.00698,0.000493,0.14948,0.15615,0.1607,0.1675,0.1748,4.2e-5,7.0e-5,5.0e-6,0.0,0.0,0.0,0.0001,0.0002,0.000121,0.00012,8.0e-6,0.0,0.0,0.0001,0.0002,0.0004,0.838458,0.00697,0.000493,0.8251,0.8324,0.83925,0.84365,0.85052,0.000163,0.00013,9.0e-6,0.0,0.0001,0.0001,0.0002,0.0004,0.838622,0.00698,0.000493,0.8252,0.8325,0.8393,0.84385,0.85052
46.75,0.161378,0.00698,0.000493,0.14948,0.15615,0.1607,0.1675,0.1748,4.2e-5,6.0e-5,5.0e-6,0.0,0.0,0.0,0.0001,0.0002,0.000114,0.00011,8.0e-6,0.0,0.0,0.0001,0.0002,0.0004,0.838466,0.00698,0.000493,0.8251,0.8324,0.83925,0.84365,0.85052,0.000156,0.00013,9.0e-6,0.0,0.0001,0.0001,0.0002,0.0004,0.838622,0.00698,0.000493,0.8252,0.8325,0.8393,0.84385,0.85052
47.0,0.161378,0.00698,0.000493,0.14948,0.15615,0.1607,0.1675,0.1748,3.9e-5,6.0e-5,4.0e-6,0.0,0.0,0.0,0.0001,0.0002,0.000106,0.00011,8.0e-6,0.0,0.0,0.0001,0.0002,0.0003,0.838477,0.00698,0.000493,0.8251,0.8324,0.83925,0.84365,0.85052,0.000144,0.00012,9.0e-6,0.0,0.0001,0.0001,0.0002,0.0004,0.838622,0.00698,0.000493,0.8252,0.8325,0.8393,0.84385,0.85052
47.25,0.161378,0.00698,0.000493,0.14948,0.15615,0.1607,0.1675,0.1748,3.8e-5,6.0e-5,4.0e-6,0.0,0.0,0.0,0.0001,0.0002,9.9e-5,0.0001,7.0e-6,0.0,0.0,0.0001,0.0001,0.0003,0.838486,0.00698,0.000493,0.8251,0.8324,0.8393,0.84365,0.85052,0.000136,0.00012,8.0e-6,0.0,0.0001,0.0001,0.0002,0.0004,0.838622,0.00698,0.000493,0.8252,0.8325,0.8393,0.84385,0.85052
47.5,0.161376,0.00698,0.000493,0.14948,0.15615,0.1607,0.1675,0.1748,3.8e-5,6.0e-5,4.0e-6,0.0,0.0,0.0,0.0001,0.0002,9.4e-5,0.0001,7.0e-6,0.0,0.0,0.0001,0.0001,0.0003,0.838492,0.00698,0.000493,0.8251,0.8324,0.8393,0.84365,0.85052,0.000132,0.00011,8.0e-6,0.0,0.0,0.0001,0.0002,0.0004,0.838624,0.00698,0.000493,0.8252,0.8325,0.8393,0.84385,0.85052
47.75,0.161376,0.00698,0.000493,0.14948,0.15615,0.1607,0.1675,0.1748,3.5e-5,6.0e-5,4.0e-6,0.0,0.0,0.0,0.0001,0.0002,9.0e-5,0.0001,7.0e-6,0.0,0.0,0.0001,0.0001,0.0003,0.8385,0.00698,0.000494,0.8251,0.8324,0.8393,0.84365,0.85052,0.000124,0.00011,8.0e-6,0.0,0.0,0.0001,0.0002,0.0004,0.838624,0.00698,0.000493,0.8252,0.8325,0.8393,0.84385,0.85052
48.0,0.161376,0.00698,0.000493,0.14948,0.15615,0.1607,0.1675,0.1748,3.2e-5,6.0e-5,4.0e-6,0.0,0.0,0.0,0.0001,0.0002,8.4e-5,9.0e-5,7.0e-6,0.0,0.0,0.0001,0.0001,0.0003,0.838508,0.00698,0.000494,0.8251,0.8324,0.8393,0.84372,0.85052,0.000115,0.00011,8.0e-6,0.0,0.0,0.0001,0.0002,0.0004,0.838624,0.00698,0.000493,0.8252,0.8325,0.8393,0.84385,0.85052
48.25,0.161376,0.00698,0.000493,0.14948,0.15615,0.1607,0.1675,0.1748,3.0e-5,6.0e-5,4.0e-6,0.0,0.0,0.0,0.0001,0.0002,7.6e-5,9.0e-5,6.0e-6,0.0,0.0,0.0001,0.0001,0.0003,0.838517,0.00698,0.000494,0.8251,0.8324,0.8393,0.84372,0.85052,0.000106,0.00011,7.0e-6,0.0,0.0,0.0001,0.0002,0.0003,0.838624,0.00698,0.000493,0.8252,0.8325,0.8393,0.84385,0.85052
48.5,0.161376,0.00698,0.000493,0.14948,0.15615,0.1607,0.1675,0.1748,2.8e-5,6.0e-5,4.0e-6,0.0,0.0,0.0,0.0,0.0001,7.1e-5,8.0e-5,6.0e-6,0.0,0.0,0.0001,0.0001,0.0002,0.838524,0.00698,0.000494,0.8251,0.8324,0.8393,0.84372,0.85052,9.9e-5,0.0001,7.0e-6,0.0,0.0,0.0001,0.0002,0.0003,0.838624,0.00698,0.000493,0.8252,0.8325,0.8393,0.84385,0.85052
48.75,0.161376,0.00698,0.000493,0.14948,0.15615,0.1607,0.1675,0.1748,2.7e-5,6.0e-5,4.0e-6,0.0,0.0,0.0,0.0,0.0001,6.8e-5,8.0e-5,5.0e-6,0.0,0.0,0.0001,0.0001,0.0002,0.83853,0.00698,0.000494,0.8251,0.8324,0.8393,0.84372,0.85052,9.4e-5,0.0001,7.0e-6,0.0,0.0,0.0001,0.0001,0.0003,0.838625,0.00698,0.000493,0.8252,0.8325,0.8393,0.84385,0.85052
49.0,0.161375,0.00698,0.000493,0.14948,0.15615,0.1607,0.1675,0.1748,2.7e-5,6.0e-5,4.0e-6,0.0,0.0,0.0,0.0,0.0001,6.4e-5,8.0e-5,5.0e-6,0.0,0.0,0.0,0.0001,0.0002,0.838535,0.00698,0.000494,0.8251,0.8324,0.8393,0.84372,0.85052,9.0e-5,0.0001,7.0e-6,0.0,0.0,0.0001,0.0001,0.0003,0.838625,0.00698,0.000493,0.8252,0.8325,0.8393,0.84385,0.85052
49.25,0.161375,0.00698,0.000493,0.14948,0.15615,0.1607,0.1675,0.1748,2.6e-5,6.0e-5,4.0e-6,0.0,0.0,0.0,0.0,0.0001,6.0e-5,7.0e-5,5.0e-6,0.0,0.0,0.0,0.0001,0.0002,0.83854,0.00698,0.000494,0.8251,0.8324,0.8393,0.84372,0.85052,8.5e-5,0.0001,7.0e-6,0.0,0.0,0.0001,0.0001,0.0003,0.838625,0.00698,0.000493,0.8252,0.8325,0.8393,0.84385,0.85052
49.5,0.161375,0.00698,0.000493,0.14948,0.15615,0.1607,0.1675,0.1748,2.4e-5,6.0e-5,4.0e-6,0.0,0.0,0.0,0.0,0.0001,5.7e-5,7.0e-5,5.0e-6,0.0,0.0,0.0,0.0001,0.0002,0.838544,0.00698,0.000494,0.8251,0.8324,0.8393,0.84372,0.85052,8.1e-5,0.0001,7.0e-6,0.0,0.0,0.0001,0.0001,0.0003,0.838625,0.00698,0.000493,0.8252,0.8325,0.8393,0.84385,0.85052
49.75,0.161375,0.00698,0.000493,0.14948,0.15615,0.1607,0.1675,0.1748,2.2e-5,6.0e-5,4.0e-6,0.0,0.0,0.0,0.0,0.0001,5.3e-5,7.0e-5,5.0e-6,0.0,0.0,0.0,0.0001,0.0002,0.83855,0.00698,0.000494,0.8251,0.8324,0.8393,0.84375,0.85052,7.6e-5,9.0e-5,7.0e-6,0.0,0.0,0.0001,0.0001,0.0003,0.838625,0.00698,0.000493,0.8252,0.8325,0.8393,0.84385,0.85052
50.0,0.161375,0.00698,0.000493,0.14948,0.15615,0.1607,0.1675,0.1748,2.2e-5,5.0e-5,4.0e-6,0.0,0.0,0.0,0.0,0.0001,5.1e-5,7.0e-5,5.0e-6,0.0,0.0,0.0,0.0001,0.0002,0.838553,0.00698,0.000494,0.8251,0.8324,0.8393,0.84375,0.85052,7.3e-5,9.0e-5,6.0e-6,0.0,0.0,0.0001,0.0001,0.0003,0.838625,0.00698,0.000493,0.8252,0.8325,0.8393,0.84385,0.85052
50.25,0.161374,0.00698,0.000493,0.14948,0.15615,0.1607,0.1675,0.1748,2.1e-5,5.0e-5,4.0e-6,0.0,0.0,0.0,0.0,0.0001,4.9e-5,7.0e-5,5.0e-6,0.0,0.0,0.0,0.0001,0.0002,0.838556,0.00698,0.000494,0.8251,0.8324,0.8393,0.84375,0.85052,7.0e-5,9.0e-5,6.0e-6,0.0,0.0,0.0,0.0001,0.0003,0.838626,0.00698,0.000493,0.8252,0.8325,0.8393,0.84385,0.85052
50.5,0.161374,0.00698,0.000493,0.14948,0.15615,0.1607,0.1675,0.1748,1.9e-5,5.0e-5,3.0e-6,0.0,0.0,0.0,0.0,0.0001,4.7e-5,7.0e-5,5.0e-6,0.0,0.0,0.0,0.0001,0.0002,0.83856,0.00698,0.000493,0.8252,0.8324,0.8393,0.84375,0.85052,6.6e-5,8.0e-5,6.0e-6,0.0,0.0,0.0,0.0001,0.0003,0.838626,0.00698,0.000493,0.8252,0.8325,0.8393,0.84385,0.85052
50.75,0.161374,0.00698,0.000493,0.14948,0.15615,0.1607,0.1675,0.1748,1.8e-5,4.0e-5,3.0e-6,0.0,0.0,0.0,0.0,0.0001,4.4e-5,7.0e-5,5.0e-6,0.0,0.0,0.0,0.0001,0.0002,0.838564,0.00698,0.000493,0.8252,0.8324,0.8393,0.84375,0.85052,6.2e-5,8.0e-5,6.0e-6,0.0,0.0,0.0,0.0001,0.0003,0.838626,0.00698,0.000493,0.8252,0.8325,0.8393,0.84385,0.85052
51.0,0.161374,0.00698,0.000494,0.14948,0.15615,0.1607,0.1675,0.1748,1.8e-5,4.0e-5,3.0e-6,0.0,0.0,0.0,0.0,0.0001,4.2e-5,7.0e-5,5.0e-6,0.0,0.0,0.0,0.0001,0.0002,0.838567,0.00698,0.000493,0.8252,0.8324,0.8393,0.84375,0.85052,6.0e-5,8.0e-5,6.0e-6,0.0,0.0,0.0,0.0001,0.0003,0.838627,0.00698,0.000494,0.8252,0.8325,0.8393,0.84385,0.85052
51.25,0.161373,0.00698,0.000494,0.14948,0.15615,0.1607,0.1675,0.1748,1.6e-5,4.0e-5,3.0e-6,0.0,0.0,0.0,0.0,0.0001,4.2e-5,7.0e-5,5.0e-6,0.0,0.0,0.0,0.0001,0.0002,0.838568,0.00698,0.000493,0.8252,0.8324,0.8393,0.84375,0.85052,5.8e-5,8.0e-5,6.0e-6,0.0,0.0,0.0,0.0001,0.0003,0.838627,0.00698,0.000494,0.8252,0.8325,0.8393,0.84385,0.85052
51.5,0.161373,0.00698,0.000494,0.14948,0.15615,0.1607,0.1675,0.1748,1.6e-5,4.0e-5,3.0e-6,0.0,0.0,0.0,0.0,0.0001,4.2e-5,7.0e-5,5.0e-6,0.0,0.0,0.0,0.0001,0.0002,0.83857,0.00698,0.000493,0.8252,0.8324,0.8393,0.84375,0.85052,5.8e-5,8.0e-5,6.0e-6,0.0,0.0,0.0,0.0001,0.0003,0.838628,0.00698,0.000494,0.8252,0.8325,0.8393,0.84385,0.85052
51.75,0.161373,0.00698,0.000494,0.14948,0.15615,0.1607,0.1675,0.1748,1.4e-5,4.0e-5,3.0e-6,0.0,0.0,0.0,0.0,0.0001,4.1e-5,7.0e-5,5.0e-6,0.0,0.0,0.0,0.0001,0.0002,0.838573,0.00698,0.000493,0.8252,0.8324,0.8393,0.84375,0.85052,5.5e-5,8.0e-5,6.0e-6,0.0,0.0,0.0,0.0001,0.0003,0.838628,0.00698,0.000494,0.8252,0.8325,0.8393,0.84385,0.85052
52.0,0.161373,0.00698,0.000494,0.14948,0.15615,0.1607,0.1675,0.1748,1.4e-5,4.0e-5,3.0e-6,0.0,0.0,0.0,0.0,0.0001,3.9e-5,6.0e-5,4.0e-6,0.0,0.0,0.0,0.0001,0.0002,0.838576,0.00698,0.000493,0.8252,0.8324,0.8393,0.84375,0.85052,5.2e-5,8.0e-5,5.0e-6,0.0,0.0,0.0,0.0001,0.0003,0.838628,0.00698,0.000494,0.8252,0.8325,0.8393,0.84385,0.85052
52.25,0.161373,0.00698,0.000494,0.14948,0.15615,0.1607,0.1675,0.1748,1.4e-5,4.0e-5,3.0e-6,0.0,0.0,0.0,0.0,0.0001,3.7e-5,6.0e-5,4.0e-6,0.0,0.0,0.0,0.0001,0.0002,0.838577,0.00698,0.000494,0.8252,0.8324,0.8393,0.84375,0.85052,5.0e-5,8.0e-5,5.0e-6,0.0,0.0,0.0,0.0001,0.0003,0.838628,0.00698,0.000494,0.8252,0.8325,0.8393,0.84385,0.85052
52.5,0.161373,0.00698,0.000494,0.14948,0.15615,0.1607,0.1675,0.1748,1.4e-5,4.0e-5,3.0e-6,0.0,0.0,0.0,0.0,0.0001,3.5e-5,6.0e-5,4.0e-6,0.0,0.0,0.0,0.0001,0.0002,0.838579,0.00698,0.000494,0.8252,0.8324,0.8393,0.84375,0.85052,4.8e-5,7.0e-5,5.0e-6,0.0,0.0,0.0,0.0001,0.0003,0.838628,0.00698,0.000494,0.8252,0.8325,0.8393,0.84385,0.85052
52.75,0.161373,0.00698,0.000494,0.14948,0.15615,0.1607,0.1675,0.1748,1.2e-5,4.0e-5,3.0e-6,0.0,0.0,0.0,0.0,0.0001,3.2e-5,5.0e-5,4.0e-6,0.0,0.0,0.0,0.0001,0.0002,0.838584,0.00698,0.000494,0.8252,0.8324,0.8393,0.84375,0.85052,4.4e-5,7.0e-5,5.0e-6,0.0,0.0,0.0,0.0001,0.0002,0.838628,0.00698,0.000494,0.8252,0.8325,0.8393,0.84385,0.85052
53.0,0.161373,0.00698,0.000494,0.14948,0.15615,0.1607,0.1675,0.1748,1.2e-5,4.0e-5,3.0e-6,0.0,0.0,0.0,0.0,0.0001,3.0e-5,5.0e-5,4.0e-6,0.0,0.0,0.0,0.0001,0.0002,0.838586,0.00698,0.000494,0.8252,0.8324,0.8393,0.84375,0.85052,4.1e-5,7.0e-5,5.0e-6,0.0,0.0,0.0,0.0001,0.0002,0.838628,0.00698,0.000494,0.8252,0.8325,0.8393,0.84385,0.85052
53.25,0.161373,0.00698,0.000494,0.14948,0.15615,0.1607,0.1675,0.1748,1.1e-5,3.0e-5,2.0e-6,0.0,0.0,0.0,0.0,0.0001,2.6e-5,5.0e-5,4.0e-6,0.0,0.0,0.0,0.0,0.0002,0.838591,0.00698,0.000494,0.8252,0.8324,0.8393,0.84382,0.85052,3.7e-5,6.0e-5,4.0e-6,0.0,0.0,0.0,0.0001,0.0002,0.838628,0.00698,0.000494,0.8252,0.8325,0.8393,0.84385,0.85052
53.5,0.161372,0.00698,0.000494,0.14948,0.15615,0.1607,0.1675,0.1748,1.0e-5,3.0e-5,2.0e-6,0.0,0.0,0.0,0.0,0.0001,2.6e-5,5.0e-5,4.0e-6,0.0,0.0,0.0,0.0,0.0002,0.838593,0.00698,0.000494,0.8252,0.8324,0.8393,0.84382,0.85052,3.6e-5,6.0e-5,4.0e-6,0.0,0.0,0.0,0.0001,0.0002,0.838628,0.00698,0.000494,0.8252,0.8325,0.8393,0.84385,0.85052
53.75,0.161372,0.00698,0.000494,0.14948,0.15615,0.1607,0.1675,0.1748,1.0e-5,3.0e-5,2.0e-6,0.0,0.0,0.0,0.0,0.0001,2.6e-5,5.0e-5,4.0e-6,0.0,0.0,0.0,0.0,0.0002,0.838593,0.00698,0.000494,0.8252,0.8324,0.8393,0.84382,0.85052,3.6e-5,6.0e-5,4.0e-6,0.0,0.0,0.0,0.0001,0.0002,0.838628,0.00698,0.000494,0.8252,0.8325,0.8393,0.84385,0.85052
54.0,0.161372,0.00698,0.000494,0.14948,0.15615,0.1607,0.1675,0.1748,9.0e-6,3.0e-5,2.0e-6,0.0,0.0,0.0,0.0,0.0001,2.5e-5,5.0e-5,4.0e-6,0.0,0.0,0.0,0.0,0.0001,0.838595,0.00698,0.000494,0.8252,0.8324,0.8393,0.84382,0.85052,3.4e-5,6.0e-5,4.0e-6,0.0,0.0,0.0,0.0001,0.0002,0.838628,0.00698,0.000494,0.8252,0.8325,0.8393,0.84385,0.85052
54.25,0.161372,0.00698,0.000494,0.14948,0.15615,0.1607,0.1675,0.1748,8.0e-6,3.0e-5,2.0e-6,0.0,0.0,0.0,0.0,0.0001,2.2e-5,5.0e-5,3.0e-6,0.0,0.0,0.0,0.0,0.0001,0.838598,0.00698,0.000494,0.8252,0.8324,0.8393,0.84382,0.85052,3.1e-5,6.0e-5,4.0e-6,0.0,0.0,0.0,0.0001,0.0002,0.838628,0.00698,0.000494,0.8252,0.8325,0.8393,0.84385,0.85052
54.5,0.161372,0.00698,0.000494,0.14948,0.15615,0.1607,0.1675,0.1748,8.0e-6,3.0e-5,2.0e-6,0.0,0.0,0.0,0.0,0.0001,2.0e-5,4.0e-5,3.0e-6,0.0,0.0,0.0,0.0,0.0001,0.8386,0.00698,0.000494,0.8252,0.8324,0.8393,0.84382,0.85052,2.9e-5,5.0e-5,4.0e-6,0.0,0.0,0.0,0.0,0.0002,0.838628,0.00698,0.000494,0.8252,0.8325,0.8393,0.84385,0.85052
54.75,0.161372,0.00698,0.000494,0.14948,0.15615,0.1607,0.1675,0.1748,8.0e-6,3.0e-5,2.0e-6,0.0,0.0,0.0,0.0,0.0001,1.8e-5,4.0e-5,3.0e-6,0.0,0.0,0.0,0.0,0.0001,0.838602,0.00698,0.000494,0.8252,0.8324,0.8393,0.84382,0.85052,2.6e-5,5.0e-5,4.0e-6,0.0,0.0,0.0,0.0,0.0002,0.838628,0.00698,0.000494,0.8252,0.8325,0.8393,0.84385,0.85052
55.0,0.161372,0.00698,0.000494,0.14948,0.15615,0.1607,0.1675,0.1748,8.0e-6,3.0e-5,2.0e-6,0.0,0.0,0.0,0.0,0.0001,1.6e-5,4.0e-5,3.0e-6,0.0,0.0,0.0,0.0,0.0001,0.838604,0.00698,0.000494,0.8252,0.83248,0.8393,0.84382,0.85052,2.4e-5,5.0e-5,3.0e-6,0.0,0.0,0.0,0.0,0.0002,0.838628,0.00698,0.000494,0.8252,0.8325,0.8393,0.84385,0.85052
55.25,0.161372,0.00698,0.000494,0.14948,0.15615,0.1607,0.1675,0.1748,8.0e-6,3.0e-5,2.0e-6,0.0,0.0,0.0,0.0,0.0001,1.6e-5,4.0e-5,3.0e-6,0.0,0.0,0.0,0.0,0.0001,0.838605,0.00698,0.000494,0.8252,0.83248,0.8393,0.84382,0.85052,2.4e-5,5.0e-5,3.0e-6,0.0,0.0,0.0,0.0,0.0002,0.838628,0.00698,0.000494,0.8252,0.8325,0.8393,0.84385,0.85052
55.5,0.161372,0.00698,0.000494,0.14948,0.15615,0.1607,0.1675,0.1748,8.0e-6,3.0e-5,2.0e-6,0.0,0.0,0.0,0.0,0.0001,1.5e-5,4.0e-5,3.0e-6,0.0,0.0,0.0,0.0,0.0001,0.838605,0.00698,0.000494,0.8252,0.83248,0.8393,0.84382,0.85052,2.3e-5,5.0e-5,3.0e-6,0.0,0.0,0.0,0.0,0.0002,0.838628,0.00698,0.000494,0.8252,0.8325,0.8393,0.84385,0.85052
55.75,0.161372,0.00698,0.000494,0.14948,0.15615,0.1607,0.1675,0.1748,8.0e-6,3.0e-5,2.0e-6,0.0,0.0,0.0,0.0,0.0001,1.4e-5,4.0e-5,3.0e-6,0.0,0.0,0.0,0.0,0.0001,0.838607,0.00698,0.000494,0.8252,0.83248,0.8393,0.84385,0.85052,2.1e-5,5.0e-5,3.0e-6,0.0,0.0,0.0,0.0,0.0002,0.838628,0.00698,0.000494,0.8252,0.8325,0.8393,0.84385,0.85052
56.0,0.161372,0.00698,0.000494,0.14948,0.15615,0.1607,0.1675,0.1748,8.0e-6,3.0e-5,2.0e-6,0.0,0.0,0.0,0.0,0.0001,1.3e-5,4.0e-5,3.0e-6,0.0,0.0,0.0,0.0,0.0001,0.838608,0.00698,0.000494,0.8252,0.83248,0.8393,0.84385,0.85052,2.0e-5,5.0e-5,3.0e-6,0.0,0.0,0.0,0.0,0.0002,0.838628,0.00698,0.000494,0.8252,0.8325,0.8393,0.84385,0.85052
56.25,0.161372,0.00698,0.000494,0.14948,0.15615,0.1607,0.1675,0.1748,8.0e-6,3.0e-5,2.0e-6,0.0,0.0,0.0,0.0,0.0001,1.1e-5,3.0e-5,2.0e-6,0.0,0.0,0.0,0.0,0.0001,0.83861,0.00698,0.000494,0.8252,0.83248,0.8393,0.84385,0.85052,1.9e-5,4.0e-5,3.0e-6,0.0,0.0,0.0,0.0,0.0001,0.838628,0.00698,0.000494,0.8252,0.8325,0.8393,0.84385,0.85052
56.5,0.161372,0.00698,0.000494,0.14948,0.15615,0.1607,0.1675,0.1748,7.0e-6,3.0e-5,2.0e-6,0.0,0.0,0.0,0.0,0.0001,1.1e-5,3.0e-5,2.0e-6,0.0,0.0,0.0,0.0,0.0001,0.83861,0.00698,0.000494,0.8252,0.83248,0.8393,0.84385,0.85052,1.8e-5,4.0e-5,3.0e-6,0.0,0.0,0.0,0.0,0.0001,0.838628,0.00698,0.000494,0.8252,0.8325,0.8393,0.84385,0.85052
56.75,0.161372,0.00698,0.000494,0.14948,0.15615,0.1607,0.1675,0.1748,6.0e-6,3.0e-5,2.0e-6,0.0,0.0,0.0,0.0,0.0001,1.1e-5,3.0e-5,2.0e-6,0.0,0.0,0.0,0.0,0.0001,0.838611,0.00698,0.000494,0.8252,0.83248,0.8393,0.84385,0.85052,1.7e-5,4.0e-5,3.0e-6,0.0,0.0,0.0,0.0,0.0001,0.838628,0.00698,0.000494,0.8252,0.8325,0.8393,0.84385,0.85052
57.0,0.161372,0.00698,0.000494,0.14948,0.15615,0.1607,0.1675,0.1748,6.0e-6,3.0e-5,2.0e-6,0.0,0.0,0.0,0.0,0.0001,1.0e-5,3.0e-5,2.0e-6,0.0,0.0,0.0,0.0,0.0001,0.838612,0.00698,0.000494,0.8252,0.83248,0.8393,0.84385,0.85052,1.6e-5,4.0e-5,3.0e-6,0.0,0.0,0.0,0.0,0.0001,0.838628,0.00698,0.000494,0.8252,0.8325,0.8393,0.84385,0.85052
57.25,0.161372,0.00698,0.000494,0.14948,0.15615,0.1607,0.1675,0.1748,6.0e-6,2.0e-5,2.0e-6,0.0,0.0,0.0,0.0,0.0001,9.0e-6,3.0e-5,2.0e-6,0.0,0.0,0.0,0.0,0.0001,0.838614,0.00698,0.000494,0.8252,0.83248,0.8393,0.84385,0.85052,1.4e-5,4.0e-5,3.0e-6,0.0,0.0,0.0,0.0,0.0001,0.838628,0.00698,0.000494,0.8252,0.8325,0.8393,0.84385,0.85052
57.5,0.161372,0.00698,0.000494,0.14948,0.15615,0.1607,0.1675,0.1748,5.0e-6,2.0e-5,2.0e-6,0.0,0.0,0.0,0.0,0.0001,9.0e-6,3.0e-5,2.0e-6,0.0,0.0,0.0,0.0,0.0001,0.838614,0.00698,0.000494,0.8252,0.83248,0.8393,0.84385,0.85052,1.4e-5,4.0e-5,3.0e-6,0.0,0.0,0.0,0.0,0.0001,0.838628,0.00698,0.000494,0.8252,0.8325,0.8393,0.84385,0.85052
57.75,0.161372,0.00698,0.000494,0.14948,0.15615,0.1607,0.1675,0.1748,5.0e-6,2.0e-5,2.0e-6,0.0,0.0,0.0,0.0,0.0001,8.0e-6,3.0e-5,2.0e-6,0.0,0.0,0.0,0.0,0.0001,0.838615,0.00698,0.000494,0.8252,0.83248,0.8393,0.84385,0.85052,1.3e-5,4.0e-5,3.0e-6,0.0,0.0,0.0,0.0,0.0001,0.838628,0.00698,0.000494,0.8252,0.8325,0.8393,0.84385,0.85052
58.0,0.161372,0.00698,0.000494,0.14948,0.15615,0.1607,0.1675,0.1748,4.0e-6,2.0e-5,2.0e-6,0.0,0.0,0.0,0.0,0.0001,8.0e-6,3.0e-5,2.0e-6,0.0,0.0,0.0,0.0,0.0001,0.838616,0.00698,0.000494,0.8252,0.8325,0.8393,0.84385,0.85052,1.2e-5,4.0e-5,3.0e-6,0.0,0.0,0.0,0.0,0.0001,0.838628,0.00698,0.000494,0.8252,0.8325,0.8393,0.84385,0.85052
58.25,0.161372,0.00698,0.000494,0.14948,0.15615,0.1607,0.1675,0.1748,4.0e-6,2.0e-5,2.0e-6,0.0,0.0,0.0,0.0,0.0001,8.0e-6,3.0e-5,2.0e-6,0.0,0.0,0.0,0.0,0.0001,0.838616,0.00698,0.000494,0.8252,0.8325,0.8393,0.84385,0.85052,1.2e-5,4.0e-5,3.0e-6,0.0,0.0,0.0,0.0,0.0001,0.838628,0.00698,0.000494,0.8252,0.8325,0.8393,0.84385,0.85052
58.5,0.161372,0.00698,0.000494,0.14948,0.15615,0.1607,0.1675,0.1748,4.0e-6,2.0e-5,2.0e-6,0.0,0.0,0.0,0.0,0.0001,8.0e-6,3.0e-5,2.0e-6,0.0,0.0,0.0,0.0,0.0001,0.838616,0.00698,0.000494,0.8252,0.8325,0.8393,0.84385,0.85052,1.2e-5,4.0e-5,3.0e-6,0.0,0.0,0.0,0.0,0.0001,0.838628,0.00698,0.000494,0.8252,0.8325,0.8393,0.84385,0.85052
58.75,0.161372,0.00698,0.000494,0.14948,0.15615,0.1607,0.1675,0.1748,4.0e-6,2.0e-5,2.0e-6,0.0,0.0,0.0,0.0,0.0001,8.0e-6,3.0e-5,2.0e-6,0.0,0.0,0.0,0.0,0.0001,0.838616,0.00698,0.000494,0.8252,0.8325,0.8393,0.84385,0.85052,1.2e-5,4.0e-5,3.0e-6,0.0,0.0,0.0,0.0,0.0001,0.838628,0.00698,0.000494,0.8252,0.8325,0.8393,0.84385,0.85052
59.0,0.161372,0.00698,0.000494,0.14948,0.15615,0.1607,0.1675,0.1748,4.0e-6,2.0e-5,2.0e-6,0.0,0.0,0.0,0.0,0.0001,7.0e-6,3.0e-5,2.0e-6,0.0,0.0,0.0,0.0,0.0001,0.838617,0.00698,0.000494,0.8252,0.8325,0.8393,0.84385,0.85052,1.2e-5,3.0e-5,2.0e-6,0.0,0.0,0.0,0.0,0.0001,0.838628,0.00698,0.000494,0.8252,0.8325,0.8393,0.84385,0.85052
59.25,0.161372,0.00698,0.000494,0.14948,0.15615,0.1607,0.1675,0.1748,4.0e-6,2.0e-5,2.0e-6,0.0,0.0,0.0,0.0,0.0001,6.0e-6,3.0e-5,2.0e-6,0.0,0.0,0.0,0.0,0.0001,0.838617,0.00698,0.000494,0.8252,0.8325,0.8393,0.84385,0.85052,1.1e-5,3.0e-5,2.0e-6,0.0,0.0,0.0,0.0,0.0001,0.838628,0.00698,0.000494,0.8252,0.8325,0.8393,0.84385,0.85052
59.5,0.161372,0.00698,0.000494,0.14948,0.15615,0.1607,0.1675,0.1748,4.0e-6,2.0e-5,1.0e-6,0.0,0.0,0.0,0.0,0.0001,6.0e-6,3.0e-5,2.0e-6,0.0,0.0,0.0,0.0,0.0001,0.838618,0.00698,0.000494,0.8252,0.8325,0.8393,0.84385,0.85052,1.0e-5,3.0e-5,2.0e-6,0.0,0.0,0.0,0.0,0.0001,0.838628,0.00698,0.000494,0.8252,0.8325,0.8393,0.84385,0.85052
59.75,0.161372,0.00698,0.000494,0.14948,0.15615,0.1607,0.1675,0.1748,3.0e-6,2.0e-5,1.0e-6,0.0,0.0,0.0,0.0,0.0,6.0e-6,3.0e-5,2.0e-6,0.0,0.0,0.0,0.0,0.0001,0.838619,0.00698,0.000494,0.8252,0.8325,0.8393,0.84385,0.85052,1.0e-5,3.0e-5,2.0e-6,0.0,0.0,0.0,0.0,0.0001,0.838628,0.00698,0.000494,0.8252,0.8325,0.8393,0.84385,0.85052
60.0,0.161372,0.00698,0.000494,0.14948,0.15615,0.1607,0.1675,0.1748,3.0e-6,2.0e-5,1.0e-6,0.0,0.0,0.0,0.0,0.0,6.0e-6,2.0e-5,2.0e-6,0.0,0.0,0.0,0.0,0.0001,0.83862,0.00698,0.000494,0.8252,0.8325,0.8393,0.84385,0.85052,8.0e-6,3.0e-5,2.0e-6,0.0,0.0,0.0,0.0,0.0001,0.838628,0.00698,0.000494,0.8252,0.8325,0.8393,0.84385,0.85052
